
> plizio@1.0.0 typecheck
> tsc -p tsconfig.typecheck.json --noEmit --pretty false --pretty false

lib/visualLab/data/poiExtraGuatemalaCitiesV2.ts(23,2510): error TS1002: Unterminated string literal.
lib/visualLab/data/poiExtraGuatemalaCitiesV2.ts(24,5): error TS1005: ',' expected.
lib/visualLab/data/poiExtraGuatemalaCitiesV2.ts(26,3): error TS1136: Property assignment expected.
lib/visualLab/data/poiExtraGuatemalaCitiesV2.ts(45,2416): error TS1005: ',' expected.
lib/visualLab/data/poiExtraGuatemalaCitiesV2.ts(45,2420): error TS1005: ',' expected.
lib/visualLab/data/poiExtraGuatemalaCitiesV2.ts(45,2610): error TS1005: ':' expected.
lib/visualLab/data/poiExtraGuatemalaCitiesV2.ts(45,2614): error TS1005: ',' expected.
lib/visualLab/data/poiExtraGuatemalaCitiesV2.ts(45,2823): error TS1002: Unterminated string literal.
lib/visualLab/data/poiExtraGuatemalaCitiesV2.ts(46,5): error TS1005: ':' expected.
lib/visualLab/data/poiExtraGuatemalaCitiesV2.ts(46,18): error TS1005: ',' expected.
lib/visualLab/data/poiExtraGuatemalaCitiesV2.ts(46,20): error TS1136: Property assignment expected.
lib/visualLab/data/poiExtraGuatemalaCitiesV2.ts(47,3): error TS1005: ',' expected.
lib/visualLab/data/poiExtraGuatemalaCitiesV2.ts(47,4): error TS1128: Declaration or statement expected.
lib/visualLab/data/poiExtraGuatemalaCitiesV2.ts(50,9): error TS1005: ';' expected.
lib/visualLab/data/poiExtraGuatemalaCitiesV2.ts(51,11): error TS1005: ';' expected.
lib/visualLab/data/poiExtraGuatemalaCitiesV2.ts(52,11): error TS1005: ';' expected.
lib/visualLab/data/poiExtraGuatemalaCitiesV2.ts(53,9): error TS1005: ';' expected.
lib/visualLab/data/poiExtraGuatemalaCitiesV2.ts(53,36): error TS1005: ';' expected.
lib/visualLab/data/poiExtraGuatemalaCitiesV2.ts(53,57): error TS1005: ';' expected.
lib/visualLab/data/poiExtraGuatemalaCitiesV2.ts(53,78): error TS1005: ';' expected.
lib/visualLab/data/poiExtraGuatemalaCitiesV2.ts(53,97): error TS1128: Declaration or statement expected.
lib/visualLab/data/poiExtraGuatemalaCitiesV2.ts(54,92): error TS1005: ';' expected.
lib/visualLab/data/poiExtraGuatemalaCitiesV2.ts(54,165): error TS1005: ';' expected.
lib/visualLab/data/poiExtraGuatemalaCitiesV2.ts(54,248): error TS1005: ';' expected.
lib/visualLab/data/poiExtraGuatemalaCitiesV2.ts(54,331): error TS1128: Declaration or statement expected.
lib/visualLab/data/poiExtraGuatemalaCitiesV2.ts(55,115): error TS1005: ';' expected.
lib/visualLab/data/poiExtraGuatemalaCitiesV2.ts(55,217): error TS1005: ';' expected.
lib/visualLab/data/poiExtraGuatemalaCitiesV2.ts(55,306): error TS1005: ';' expected.
lib/visualLab/data/poiExtraGuatemalaCitiesV2.ts(55,392): error TS1128: Declaration or statement expected.
lib/visualLab/data/poiExtraGuatemalaCitiesV2.ts(56,585): error TS1005: ';' expected.
lib/visualLab/data/poiExtraGuatemalaCitiesV2.ts(56,1129): error TS1005: ';' expected.
lib/visualLab/data/poiExtraGuatemalaCitiesV2.ts(56,1580): error TS1005: ';' expected.
lib/visualLab/data/poiExtraGuatemalaCitiesV2.ts(56,2403): error TS1128: Declaration or statement expected.
lib/visualLab/data/poiExtraGuatemalaCitiesV2.ts(57,332): error TS1005: ';' expected.
lib/visualLab/data/poiExtraGuatemalaCitiesV2.ts(57,614): error TS1005: ';' expected.
lib/visualLab/data/poiExtraGuatemalaCitiesV2.ts(57,1018): error TS1005: ';' expected.
lib/visualLab/data/poiExtraGuatemalaCitiesV2.ts(58,4): error TS1128: Declaration or statement expected.
lib/visualLab/data/poiExtraGuatemalaCitiesV2.ts(61,9): error TS1005: ';' expected.
lib/visualLab/data/poiExtraGuatemalaCitiesV2.ts(62,11): error TS1005: ';' expected.
lib/visualLab/data/poiExtraGuatemalaCitiesV2.ts(63,11): error TS1005: ';' expected.
lib/visualLab/data/poiExtraGuatemalaCitiesV2.ts(64,9): error TS1005: ';' expected.
lib/visualLab/data/poiExtraGuatemalaCitiesV2.ts(64,34): error TS1005: ';' expected.
lib/visualLab/data/poiExtraGuatemalaCitiesV2.ts(64,53): error TS1005: ';' expected.
lib/visualLab/data/poiExtraGuatemalaCitiesV2.ts(64,72): error TS1005: ';' expected.
lib/visualLab/data/poiExtraGuatemalaCitiesV2.ts(64,89): error TS1128: Declaration or statement expected.
lib/visualLab/data/poiExtraGuatemalaCitiesV2.ts(65,90): error TS1005: ';' expected.
lib/visualLab/data/poiExtraGuatemalaCitiesV2.ts(65,155): error TS1005: ';' expected.
lib/visualLab/data/poiExtraGuatemalaCitiesV2.ts(65,236): error TS1005: ';' expected.
lib/visualLab/data/poiExtraGuatemalaCitiesV2.ts(65,303): error TS1128: Declaration or statement expected.
lib/visualLab/data/poiExtraGuatemalaCitiesV2.ts(66,120): error TS1005: ';' expected.
lib/visualLab/data/poiExtraGuatemalaCitiesV2.ts(66,231): error TS1005: ';' expected.
lib/visualLab/data/poiExtraGuatemalaCitiesV2.ts(66,329): error TS1005: ';' expected.
lib/visualLab/data/poiExtraGuatemalaCitiesV2.ts(66,422): error TS1128: Declaration or statement expected.
lib/visualLab/data/poiExtraGuatemalaCitiesV2.ts(67,643): error TS1005: ';' expected.
lib/visualLab/data/poiExtraGuatemalaCitiesV2.ts(67,1236): error TS1005: ';' expected.
lib/visualLab/data/poiExtraGuatemalaCitiesV2.ts(67,1703): error TS1005: ';' expected.
lib/visualLab/data/poiExtraGuatemalaCitiesV2.ts(67,2470): error TS1128: Declaration or statement expected.
lib/visualLab/data/poiExtraGuatemalaCitiesV2.ts(68,345): error TS1005: ';' expected.
lib/visualLab/data/poiExtraGuatemalaCitiesV2.ts(68,627): error TS1005: ';' expected.
lib/visualLab/data/poiExtraGuatemalaCitiesV2.ts(68,1042): error TS1005: ';' expected.
lib/visualLab/data/poiExtraGuatemalaCitiesV2.ts(69,4): error TS1128: Declaration or statement expected.
lib/visualLab/data/poiExtraGuatemalaCitiesV2.ts(72,9): error TS1005: ';' expected.
lib/visualLab/data/poiExtraGuatemalaCitiesV2.ts(73,11): error TS1005: ';' expected.
lib/visualLab/data/poiExtraGuatemalaCitiesV2.ts(74,11): error TS1005: ';' expected.
lib/visualLab/data/poiExtraGuatemalaCitiesV2.ts(75,9): error TS1005: ';' expected.
lib/visualLab/data/poiExtraGuatemalaCitiesV2.ts(75,33): error TS1005: ';' expected.
lib/visualLab/data/poiExtraGuatemalaCitiesV2.ts(75,51): error TS1005: ';' expected.
lib/visualLab/data/poiExtraGuatemalaCitiesV2.ts(75,69): error TS1005: ';' expected.
lib/visualLab/data/poiExtraGuatemalaCitiesV2.ts(75,85): error TS1128: Declaration or statement expected.
lib/visualLab/data/poiExtraGuatemalaCitiesV2.ts(76,89): error TS1005: ';' expected.
lib/visualLab/data/poiExtraGuatemalaCitiesV2.ts(76,165): error TS1005: ';' expected.
lib/visualLab/data/poiExtraGuatemalaCitiesV2.ts(76,245): error TS1005: ';' expected.
lib/visualLab/data/poiExtraGuatemalaCitiesV2.ts(76,318): error TS1128: Declaration or statement expected.
lib/visualLab/data/poiExtraGuatemalaCitiesV2.ts(77,134): error TS1005: ';' expected.
lib/visualLab/data/poiExtraGuatemalaCitiesV2.ts(77,245): error TS1005: ';' expected.
lib/visualLab/data/poiExtraGuatemalaCitiesV2.ts(77,352): error TS1005: ';' expected.
lib/visualLab/data/poiExtraGuatemalaCitiesV2.ts(77,453): error TS1128: Declaration or statement expected.
lib/visualLab/data/poiExtraGuatemalaCitiesV2.ts(78,606): error TS1005: ';' expected.
lib/visualLab/data/poiExtraGuatemalaCitiesV2.ts(78,1184): error TS1005: ';' expected.
lib/visualLab/data/poiExtraGuatemalaCitiesV2.ts(78,1696): error TS1005: ';' expected.
lib/visualLab/data/poiExtraGuatemalaCitiesV2.ts(78,2484): error TS1005: ';' expected.
lib/visualLab/data/poiExtraGuatemalaCitiesV2.ts(78,2486): error TS1434: Unexpected keyword or identifier.
lib/visualLab/data/poiExtraGuatemalaCitiesV2.ts(78,2494): error TS1434: Unexpected keyword or identifier.
lib/visualLab/data/poiExtraGuatemalaCitiesV2.ts(78,2500): error TS1434: Unexpected keyword or identifier.
lib/visualLab/data/poiExtraGuatemalaCitiesV2.ts(78,2506): error TS1434: Unexpected keyword or identifier.
lib/visualLab/data/poiExtraGuatemalaCitiesV2.ts(78,2525): error TS1005: ';' expected.
lib/visualLab/data/poiExtraGuatemalaCitiesV2.ts(78,2529): error TS1434: Unexpected keyword or identifier.
lib/visualLab/data/poiExtraGuatemalaCitiesV2.ts(78,2536): error TS1434: Unexpected keyword or identifier.
lib/visualLab/data/poiExtraGuatemalaCitiesV2.ts(78,2538): error TS1434: Unexpected keyword or identifier.
lib/visualLab/data/poiExtraGuatemalaCitiesV2.ts(78,2546): error TS1434: Unexpected keyword or identifier.
lib/visualLab/data/poiExtraGuatemalaCitiesV2.ts(78,2562): error TS1005: '(' expected.
lib/visualLab/data/poiExtraGuatemalaCitiesV2.ts(78,2583): error TS1005: ';' expected.
lib/visualLab/data/poiExtraGuatemalaCitiesV2.ts(78,2593): error TS1005: ';' expected.
lib/visualLab/data/poiExtraGuatemalaCitiesV2.ts(78,2598): error TS1005: ')' expected.
lib/visualLab/data/poiExtraGuatemalaCitiesV2.ts(78,2601): error TS1434: Unexpected keyword or identifier.
lib/visualLab/data/poiExtraGuatemalaCitiesV2.ts(78,2605): error TS1434: Unexpected keyword or identifier.
lib/visualLab/data/poiExtraGuatemalaCitiesV2.ts(78,2634): error TS1005: ';' expected.
lib/visualLab/data/poiExtraGuatemalaCitiesV2.ts(78,2640): error TS1434: Unexpected keyword or identifier.
lib/visualLab/data/poiExtraGuatemalaCitiesV2.ts(78,2644): error TS1434: Unexpected keyword or identifier.
lib/visualLab/data/poiExtraGuatemalaCitiesV2.ts(78,2649): error TS1434: Unexpected keyword or identifier.
lib/visualLab/data/poiExtraGuatemalaCitiesV2.ts(78,2656): error TS1434: Unexpected keyword or identifier.
lib/visualLab/data/poiExtraGuatemalaCitiesV2.ts(78,2658): error TS1434: Unexpected keyword or identifier.
lib/visualLab/data/poiExtraGuatemalaCitiesV2.ts(78,2677): error TS1005: ';' expected.
lib/visualLab/data/poiExtraGuatemalaCitiesV2.ts(78,2682): error TS1434: Unexpected keyword or identifier.
lib/visualLab/data/poiExtraGuatemalaCitiesV2.ts(78,2700): error TS1005: ';' expected.
lib/visualLab/data/poiExtraGuatemalaCitiesV2.ts(78,2710): error TS1434: Unexpected keyword or identifier.
lib/visualLab/data/poiExtraGuatemalaCitiesV2.ts(78,2718): error TS1434: Unexpected keyword or identifier.
lib/visualLab/data/poiExtraGuatemalaCitiesV2.ts(78,2721): error TS1434: Unexpected keyword or identifier.
lib/visualLab/data/poiExtraGuatemalaCitiesV2.ts(78,2725): error TS1434: Unexpected keyword or identifier.
lib/visualLab/data/poiExtraGuatemalaCitiesV2.ts(78,2733): error TS1434: Unexpected keyword or identifier.
lib/visualLab/data/poiExtraGuatemalaCitiesV2.ts(78,2736): error TS1434: Unexpected keyword or identifier.
lib/visualLab/data/poiExtraGuatemalaCitiesV2.ts(78,2740): error TS1434: Unexpected keyword or identifier.
lib/visualLab/data/poiExtraGuatemalaCitiesV2.ts(78,2754): error TS1003: Identifier expected.
lib/visualLab/data/poiExtraGuatemalaCitiesV2.ts(78,2758): error TS1002: Unterminated string literal.
lib/visualLab/data/poiExtraGuatemalaCitiesV2.ts(79,330): error TS1005: ';' expected.
lib/visualLab/data/poiExtraGuatemalaCitiesV2.ts(79,635): error TS1005: ';' expected.
lib/visualLab/data/poiExtraGuatemalaCitiesV2.ts(79,1014): error TS1005: ';' expected.
lib/visualLab/data/poiExtraGuatemalaCitiesV2.ts(80,4): error TS1128: Declaration or statement expected.
lib/visualLab/data/poiExtraGuatemalaCitiesV2.ts(83,9): error TS1005: ';' expected.
lib/visualLab/data/poiExtraGuatemalaCitiesV2.ts(84,11): error TS1005: ';' expected.
lib/visualLab/data/poiExtraGuatemalaCitiesV2.ts(85,11): error TS1005: ';' expected.
lib/visualLab/data/poiExtraGuatemalaCitiesV2.ts(86,9): error TS1005: ';' expected.
lib/visualLab/data/poiExtraGuatemalaCitiesV2.ts(86,29): error TS1005: ';' expected.
lib/visualLab/data/poiExtraGuatemalaCitiesV2.ts(86,43): error TS1005: ';' expected.
lib/visualLab/data/poiExtraGuatemalaCitiesV2.ts(86,57): error TS1005: ';' expected.
lib/visualLab/data/poiExtraGuatemalaCitiesV2.ts(86,69): error TS1128: Declaration or statement expected.
lib/visualLab/data/poiExtraGuatemalaCitiesV2.ts(87,88): error TS1005: ';' expected.
lib/visualLab/data/poiExtraGuatemalaCitiesV2.ts(87,141): error TS1005: ';' expected.
lib/visualLab/data/poiExtraGuatemalaCitiesV2.ts(87,207): error TS1005: ';' expected.
lib/visualLab/data/poiExtraGuatemalaCitiesV2.ts(87,271): error TS1128: Declaration or statement expected.
lib/visualLab/data/poiExtraGuatemalaCitiesV2.ts(88,109): error TS1005: ';' expected.
lib/visualLab/data/poiExtraGuatemalaCitiesV2.ts(88,202): error TS1005: ';' expected.
lib/visualLab/data/poiExtraGuatemalaCitiesV2.ts(88,290): error TS1005: ';' expected.
lib/visualLab/data/poiExtraGuatemalaCitiesV2.ts(88,375): error TS1128: Declaration or statement expected.
lib/visualLab/data/poiExtraGuatemalaCitiesV2.ts(89,639): error TS1005: ';' expected.
lib/visualLab/data/poiExtraGuatemalaCitiesV2.ts(89,1213): error TS1005: ';' expected.
lib/visualLab/data/poiExtraGuatemalaCitiesV2.ts(89,1652): error TS1005: ';' expected.
lib/visualLab/data/poiExtraGuatemalaCitiesV2.ts(89,2439): error TS1128: Declaration or statement expected.
lib/visualLab/data/poiExtraGuatemalaCitiesV2.ts(90,343): error TS1005: ';' expected.
lib/visualLab/data/poiExtraGuatemalaCitiesV2.ts(90,625): error TS1005: ';' expected.
lib/visualLab/data/poiExtraGuatemalaCitiesV2.ts(90,1012): error TS1005: ';' expected.
lib/visualLab/data/poiExtraGuatemalaCitiesV2.ts(91,4): error TS1128: Declaration or statement expected.
lib/visualLab/data/poiExtraGuatemalaCitiesV2.ts(94,9): error TS1005: ';' expected.
lib/visualLab/data/poiExtraGuatemalaCitiesV2.ts(95,11): error TS1005: ';' expected.
lib/visualLab/data/poiExtraGuatemalaCitiesV2.ts(96,11): error TS1005: ';' expected.
lib/visualLab/data/poiExtraGuatemalaCitiesV2.ts(97,9): error TS1005: ';' expected.
lib/visualLab/data/poiExtraGuatemalaCitiesV2.ts(97,33): error TS1005: ';' expected.
lib/visualLab/data/poiExtraGuatemalaCitiesV2.ts(97,51): error TS1005: ';' expected.
lib/visualLab/data/poiExtraGuatemalaCitiesV2.ts(97,69): error TS1005: ';' expected.
lib/visualLab/data/poiExtraGuatemalaCitiesV2.ts(97,85): error TS1128: Declaration or statement expected.
lib/visualLab/data/poiExtraGuatemalaCitiesV2.ts(98,109): error TS1005: ';' expected.
lib/visualLab/data/poiExtraGuatemalaCitiesV2.ts(98,201): error TS1005: ';' expected.
lib/visualLab/data/poiExtraGuatemalaCitiesV2.ts(98,292): error TS1005: ';' expected.
lib/visualLab/data/poiExtraGuatemalaCitiesV2.ts(98,377): error TS1128: Declaration or statement expected.
lib/visualLab/data/poiExtraGuatemalaCitiesV2.ts(99,126): error TS1005: ';' expected.
lib/visualLab/data/poiExtraGuatemalaCitiesV2.ts(99,241): error TS1005: ';' expected.
lib/visualLab/data/poiExtraGuatemalaCitiesV2.ts(99,334): error TS1005: ';' expected.
lib/visualLab/data/poiExtraGuatemalaCitiesV2.ts(99,427): error TS1128: Declaration or statement expected.
lib/visualLab/data/poiExtraGuatemalaCitiesV2.ts(100,658): error TS1005: ';' expected.
lib/visualLab/data/poiExtraGuatemalaCitiesV2.ts(100,1224): error TS1005: ';' expected.
lib/visualLab/data/poiExtraGuatemalaCitiesV2.ts(100,1667): error TS1005: ';' expected.
lib/visualLab/data/poiExtraGuatemalaCitiesV2.ts(100,2447): error TS1005: ';' expected.
lib/visualLab/data/poiExtraGuatemalaCitiesV2.ts(100,2459): error TS1005: ';' expected.
lib/visualLab/data/poiExtraGuatemalaCitiesV2.ts(100,2460): error TS1127: Invalid character.
lib/visualLab/data/poiExtraGuatemalaCitiesV2.ts(100,2461): error TS1434: Unexpected keyword or identifier.
lib/visualLab/data/poiExtraGuatemalaCitiesV2.ts(100,2474): error TS1127: Invalid character.
lib/visualLab/data/poiExtraGuatemalaCitiesV2.ts(100,2476): error TS1434: Unexpected keyword or identifier.
lib/visualLab/data/poiExtraGuatemalaCitiesV2.ts(100,2480): error TS1228: A type predicate is only allowed in return type position for functions and methods.
lib/visualLab/data/poiExtraGuatemalaCitiesV2.ts(100,2483): error TS1434: Unexpected keyword or identifier.
lib/visualLab/data/poiExtraGuatemalaCitiesV2.ts(100,2497): error TS1434: Unexpected keyword or identifier.
lib/visualLab/data/poiExtraGuatemalaCitiesV2.ts(100,2500): error TS1434: Unexpected keyword or identifier.
lib/visualLab/data/poiExtraGuatemalaCitiesV2.ts(100,2502): error TS1434: Unexpected keyword or identifier.
lib/visualLab/data/poiExtraGuatemalaCitiesV2.ts(100,2518): error TS1005: ';' expected.
lib/visualLab/data/poiExtraGuatemalaCitiesV2.ts(100,2530): error TS1005: ';' expected.
lib/visualLab/data/poiExtraGuatemalaCitiesV2.ts(100,2538): error TS1434: Unexpected keyword or identifier.
lib/visualLab/data/poiExtraGuatemalaCitiesV2.ts(100,2546): error TS1434: Unexpected keyword or identifier.
lib/visualLab/data/poiExtraGuatemalaCitiesV2.ts(100,2554): error TS1005: '(' expected.
lib/visualLab/data/poiExtraGuatemalaCitiesV2.ts(100,2558): error TS1005: ';' expected.
lib/visualLab/data/poiExtraGuatemalaCitiesV2.ts(100,2567): error TS1005: ';' expected.
lib/visualLab/data/poiExtraGuatemalaCitiesV2.ts(100,2570): error TS1005: ')' expected.
lib/visualLab/data/poiExtraGuatemalaCitiesV2.ts(100,2581): error TS1005: '(' expected.
lib/visualLab/data/poiExtraGuatemalaCitiesV2.ts(100,2585): error TS1005: ')' expected.
lib/visualLab/data/poiExtraGuatemalaCitiesV2.ts(100,2597): error TS1434: Unexpected keyword or identifier.
lib/visualLab/data/poiExtraGuatemalaCitiesV2.ts(100,2607): error TS1434: Unexpected keyword or identifier.
lib/visualLab/data/poiExtraGuatemalaCitiesV2.ts(100,2610): error TS1434: Unexpected keyword or identifier.
lib/visualLab/data/poiExtraGuatemalaCitiesV2.ts(100,2613): error TS1434: Unexpected keyword or identifier.
lib/visualLab/data/poiExtraGuatemalaCitiesV2.ts(100,2622): error TS1434: Unexpected keyword or identifier.
lib/visualLab/data/poiExtraGuatemalaCitiesV2.ts(100,2647): error TS1005: ';' expected.
lib/visualLab/data/poiExtraGuatemalaCitiesV2.ts(100,2651): error TS1434: Unexpected keyword or identifier.
lib/visualLab/data/poiExtraGuatemalaCitiesV2.ts(100,2668): error TS1005: ';' expected.
lib/visualLab/data/poiExtraGuatemalaCitiesV2.ts(100,2688): error TS1005: '(' expected.
lib/visualLab/data/poiExtraGuatemalaCitiesV2.ts(100,2697): error TS1005: ')' expected.
lib/visualLab/data/poiExtraGuatemalaCitiesV2.ts(100,2709): error TS1434: Unexpected keyword or identifier.
lib/visualLab/data/poiExtraGuatemalaCitiesV2.ts(100,2722): error TS1434: Unexpected keyword or identifier.
lib/visualLab/data/poiExtraGuatemalaCitiesV2.ts(100,2726): error TS1434: Unexpected keyword or identifier.
lib/visualLab/data/poiExtraGuatemalaCitiesV2.ts(100,2757): error TS1005: ';' expected.
lib/visualLab/data/poiExtraGuatemalaCitiesV2.ts(100,2762): error TS1228: A type predicate is only allowed in return type position for functions and methods.
lib/visualLab/data/poiExtraGuatemalaCitiesV2.ts(100,2765): error TS1434: Unexpected keyword or identifier.
lib/visualLab/data/poiExtraGuatemalaCitiesV2.ts(100,2770): error TS1434: Unexpected keyword or identifier.
lib/visualLab/data/poiExtraGuatemalaCitiesV2.ts(100,2773): error TS1435: Unknown keyword or identifier. Did you mean 'import'?
lib/visualLab/data/poiExtraGuatemalaCitiesV2.ts(100,2783): error TS1434: Unexpected keyword or identifier.
lib/visualLab/data/poiExtraGuatemalaCitiesV2.ts(100,2793): error TS1434: Unexpected keyword or identifier.
lib/visualLab/data/poiExtraGuatemalaCitiesV2.ts(100,2803): error TS1434: Unexpected keyword or identifier.
lib/visualLab/data/poiExtraGuatemalaCitiesV2.ts(100,2813): error TS1005: '(' expected.
lib/visualLab/data/poiExtraGuatemalaCitiesV2.ts(100,2822): error TS1005: ';' expected.
lib/visualLab/data/poiExtraGuatemalaCitiesV2.ts(100,2831): error TS1005: ';' expected.
lib/visualLab/data/poiExtraGuatemalaCitiesV2.ts(100,2838): error TS1005: ')' expected.
lib/visualLab/data/poiExtraGuatemalaCitiesV2.ts(100,2849): error TS1003: Identifier expected.
lib/visualLab/data/poiExtraGuatemalaCitiesV2.ts(100,2853): error TS1002: Unterminated string literal.
lib/visualLab/data/poiExtraGuatemalaCitiesV2.ts(101,310): error TS1005: ';' expected.
lib/visualLab/data/poiExtraGuatemalaCitiesV2.ts(101,574): error TS1005: ';' expected.
lib/visualLab/data/poiExtraGuatemalaCitiesV2.ts(101,944): error TS1005: ';' expected.
lib/visualLab/data/poiExtraGuatemalaCitiesV2.ts(102,4): error TS1128: Declaration or statement expected.
lib/visualLab/data/poiExtraGuatemalaCitiesV2.ts(105,9): error TS1005: ';' expected.
lib/visualLab/data/poiExtraGuatemalaCitiesV2.ts(106,11): error TS1005: ';' expected.
lib/visualLab/data/poiExtraGuatemalaCitiesV2.ts(107,11): error TS1005: ';' expected.
lib/visualLab/data/poiExtraGuatemalaCitiesV2.ts(108,9): error TS1005: ';' expected.
lib/visualLab/data/poiExtraGuatemalaCitiesV2.ts(108,30): error TS1005: ';' expected.
lib/visualLab/data/poiExtraGuatemalaCitiesV2.ts(108,45): error TS1005: ';' expected.
lib/visualLab/data/poiExtraGuatemalaCitiesV2.ts(108,60): error TS1005: ';' expected.
lib/visualLab/data/poiExtraGuatemalaCitiesV2.ts(108,73): error TS1128: Declaration or statement expected.
lib/visualLab/data/poiExtraGuatemalaCitiesV2.ts(109,90): error TS1005: ';' expected.
lib/visualLab/data/poiExtraGuatemalaCitiesV2.ts(109,159): error TS1005: ';' expected.
lib/visualLab/data/poiExtraGuatemalaCitiesV2.ts(109,234): error TS1005: ';' expected.
lib/visualLab/data/poiExtraGuatemalaCitiesV2.ts(109,289): error TS1128: Declaration or statement expected.
lib/visualLab/data/poiExtraGuatemalaCitiesV2.ts(110,109): error TS1005: ';' expected.
lib/visualLab/data/poiExtraGuatemalaCitiesV2.ts(110,195): error TS1005: ';' expected.
lib/visualLab/data/poiExtraGuatemalaCitiesV2.ts(110,274): error TS1005: ';' expected.
lib/visualLab/data/poiExtraGuatemalaCitiesV2.ts(110,354): error TS1128: Declaration or statement expected.
lib/visualLab/data/poiExtraGuatemalaCitiesV2.ts(111,637): error TS1005: ';' expected.
lib/visualLab/data/poiExtraGuatemalaCitiesV2.ts(111,1203): error TS1005: ';' expected.
lib/visualLab/data/poiExtraGuatemalaCitiesV2.ts(111,1679): error TS1005: ';' expected.
lib/visualLab/data/poiExtraGuatemalaCitiesV2.ts(111,2420): error TS1128: Declaration or statement expected.
lib/visualLab/data/poiExtraGuatemalaCitiesV2.ts(112,334): error TS1005: ';' expected.
lib/visualLab/data/poiExtraGuatemalaCitiesV2.ts(112,615): error TS1005: ';' expected.
lib/visualLab/data/poiExtraGuatemalaCitiesV2.ts(112,1047): error TS1005: ';' expected.
lib/visualLab/data/poiExtraGuatemalaCitiesV2.ts(113,4): error TS1128: Declaration or statement expected.
lib/visualLab/data/poiExtraGuatemalaCitiesV2.ts(116,9): error TS1005: ';' expected.
lib/visualLab/data/poiExtraGuatemalaCitiesV2.ts(117,11): error TS1005: ';' expected.
lib/visualLab/data/poiExtraGuatemalaCitiesV2.ts(118,11): error TS1005: ';' expected.
lib/visualLab/data/poiExtraGuatemalaCitiesV2.ts(119,9): error TS1005: ';' expected.
lib/visualLab/data/poiExtraGuatemalaCitiesV2.ts(119,29): error TS1005: ';' expected.
lib/visualLab/data/poiExtraGuatemalaCitiesV2.ts(119,43): error TS1005: ';' expected.
lib/visualLab/data/poiExtraGuatemalaCitiesV2.ts(119,57): error TS1005: ';' expected.
lib/visualLab/data/poiExtraGuatemalaCitiesV2.ts(119,69): error TS1128: Declaration or statement expected.
lib/visualLab/data/poiExtraGuatemalaCitiesV2.ts(120,104): error TS1005: ';' expected.
lib/visualLab/data/poiExtraGuatemalaCitiesV2.ts(120,164): error TS1005: ';' expected.
lib/visualLab/data/poiExtraGuatemalaCitiesV2.ts(120,238): error TS1005: ';' expected.
lib/visualLab/data/poiExtraGuatemalaCitiesV2.ts(120,304): error TS1128: Declaration or statement expected.
lib/visualLab/data/poiExtraGuatemalaCitiesV2.ts(121,109): error TS1005: ';' expected.
lib/visualLab/data/poiExtraGuatemalaCitiesV2.ts(121,208): error TS1005: ';' expected.
lib/visualLab/data/poiExtraGuatemalaCitiesV2.ts(121,306): error TS1005: ';' expected.
lib/visualLab/data/poiExtraGuatemalaCitiesV2.ts(121,396): error TS1128: Declaration or statement expected.
lib/visualLab/data/poiExtraGuatemalaCitiesV2.ts(122,668): error TS1005: ';' expected.
lib/visualLab/data/poiExtraGuatemalaCitiesV2.ts(122,1288): error TS1005: ';' expected.
lib/visualLab/data/poiExtraGuatemalaCitiesV2.ts(122,1715): error TS1005: ';' expected.
lib/visualLab/data/poiExtraGuatemalaCitiesV2.ts(122,2474): error TS1005: ';' expected.
lib/visualLab/data/poiExtraGuatemalaCitiesV2.ts(122,2476): error TS1434: Unexpected keyword or identifier.
lib/visualLab/data/poiExtraGuatemalaCitiesV2.ts(122,2484): error TS1228: A type predicate is only allowed in return type position for functions and methods.
lib/visualLab/data/poiExtraGuatemalaCitiesV2.ts(122,2487): error TS1434: Unexpected keyword or identifier.
lib/visualLab/data/poiExtraGuatemalaCitiesV2.ts(122,2495): error TS1434: Unexpected keyword or identifier.
lib/visualLab/data/poiExtraGuatemalaCitiesV2.ts(122,2502): error TS1434: Unexpected keyword or identifier.
lib/visualLab/data/poiExtraGuatemalaCitiesV2.ts(122,2505): error TS1434: Unexpected keyword or identifier.
lib/visualLab/data/poiExtraGuatemalaCitiesV2.ts(122,2509): error TS1434: Unexpected keyword or identifier.
lib/visualLab/data/poiExtraGuatemalaCitiesV2.ts(122,2522): error TS1434: Unexpected keyword or identifier.
lib/visualLab/data/poiExtraGuatemalaCitiesV2.ts(122,2529): error TS1434: Unexpected keyword or identifier.
lib/visualLab/data/poiExtraGuatemalaCitiesV2.ts(122,2533): error TS1434: Unexpected keyword or identifier.
lib/visualLab/data/poiExtraGuatemalaCitiesV2.ts(122,2539): error TS1434: Unexpected keyword or identifier.
lib/visualLab/data/poiExtraGuatemalaCitiesV2.ts(122,2545): error TS1434: Unexpected keyword or identifier.
lib/visualLab/data/poiExtraGuatemalaCitiesV2.ts(122,2549): error TS1435: Unknown keyword or identifier. Did you mean 'out'?
lib/visualLab/data/poiExtraGuatemalaCitiesV2.ts(122,2555): error TS1434: Unexpected keyword or identifier.
lib/visualLab/data/poiExtraGuatemalaCitiesV2.ts(122,2558): error TS1434: Unexpected keyword or identifier.
lib/visualLab/data/poiExtraGuatemalaCitiesV2.ts(122,2579): error TS1005: ';' expected.
lib/visualLab/data/poiExtraGuatemalaCitiesV2.ts(122,2582): error TS1434: Unexpected keyword or identifier.
lib/visualLab/data/poiExtraGuatemalaCitiesV2.ts(122,2593): error TS1434: Unexpected keyword or identifier.
lib/visualLab/data/poiExtraGuatemalaCitiesV2.ts(122,2597): error TS1434: Unexpected keyword or identifier.
lib/visualLab/data/poiExtraGuatemalaCitiesV2.ts(122,2600): error TS1434: Unexpected keyword or identifier.
lib/visualLab/data/poiExtraGuatemalaCitiesV2.ts(122,2604): error TS1434: Unexpected keyword or identifier.
lib/visualLab/data/poiExtraGuatemalaCitiesV2.ts(122,2626): error TS1005: ';' expected.
lib/visualLab/data/poiExtraGuatemalaCitiesV2.ts(122,2641): error TS1005: ';' expected.
lib/visualLab/data/poiExtraGuatemalaCitiesV2.ts(122,2655): error TS1434: Unexpected keyword or identifier.
lib/visualLab/data/poiExtraGuatemalaCitiesV2.ts(122,2666): error TS1434: Unexpected keyword or identifier.
lib/visualLab/data/poiExtraGuatemalaCitiesV2.ts(122,2670): error TS1434: Unexpected keyword or identifier.
lib/visualLab/data/poiExtraGuatemalaCitiesV2.ts(122,2680): error TS1434: Unexpected keyword or identifier.
lib/visualLab/data/poiExtraGuatemalaCitiesV2.ts(122,2683): error TS1434: Unexpected keyword or identifier.
lib/visualLab/data/poiExtraGuatemalaCitiesV2.ts(122,2687): error TS1434: Unexpected keyword or identifier.
lib/visualLab/data/poiExtraGuatemalaCitiesV2.ts(122,2692): error TS1434: Unexpected keyword or identifier.
lib/visualLab/data/poiExtraGuatemalaCitiesV2.ts(122,2696): error TS1434: Unexpected keyword or identifier.
lib/visualLab/data/poiExtraGuatemalaCitiesV2.ts(122,2700): error TS1434: Unexpected keyword or identifier.
lib/visualLab/data/poiExtraGuatemalaCitiesV2.ts(122,2706): error TS1434: Unexpected keyword or identifier.
lib/visualLab/data/poiExtraGuatemalaCitiesV2.ts(122,2709): error TS1434: Unexpected keyword or identifier.
lib/visualLab/data/poiExtraGuatemalaCitiesV2.ts(122,2723): error TS1003: Identifier expected.
lib/visualLab/data/poiExtraGuatemalaCitiesV2.ts(122,2727): error TS1002: Unterminated string literal.
lib/visualLab/data/poiExtraGuatemalaCitiesV2.ts(123,321): error TS1005: ';' expected.
lib/visualLab/data/poiExtraGuatemalaCitiesV2.ts(123,587): error TS1005: ';' expected.
lib/visualLab/data/poiExtraGuatemalaCitiesV2.ts(123,985): error TS1005: ';' expected.
lib/visualLab/data/poiExtraGuatemalaCitiesV2.ts(124,4): error TS1128: Declaration or statement expected.
lib/visualLab/data/poiExtraGuatemalaCitiesV2.ts(127,9): error TS1005: ';' expected.
lib/visualLab/data/poiExtraGuatemalaCitiesV2.ts(128,11): error TS1005: ';' expected.
lib/visualLab/data/poiExtraGuatemalaCitiesV2.ts(129,11): error TS1005: ';' expected.
lib/visualLab/data/poiExtraGuatemalaCitiesV2.ts(130,9): error TS1005: ';' expected.
lib/visualLab/data/poiExtraGuatemalaCitiesV2.ts(130,30): error TS1005: ';' expected.
lib/visualLab/data/poiExtraGuatemalaCitiesV2.ts(130,45): error TS1005: ';' expected.
lib/visualLab/data/poiExtraGuatemalaCitiesV2.ts(130,60): error TS1005: ';' expected.
lib/visualLab/data/poiExtraGuatemalaCitiesV2.ts(130,73): error TS1128: Declaration or statement expected.
lib/visualLab/data/poiExtraGuatemalaCitiesV2.ts(131,90): error TS1005: ';' expected.
lib/visualLab/data/poiExtraGuatemalaCitiesV2.ts(131,154): error TS1005: ';' expected.
lib/visualLab/data/poiExtraGuatemalaCitiesV2.ts(131,216): error TS1005: ';' expected.
lib/visualLab/data/poiExtraGuatemalaCitiesV2.ts(131,283): error TS1128: Declaration or statement expected.
lib/visualLab/data/poiExtraGuatemalaCitiesV2.ts(132,138): error TS1005: ';' expected.
lib/visualLab/data/poiExtraGuatemalaCitiesV2.ts(132,254): error TS1005: ';' expected.
lib/visualLab/data/poiExtraGuatemalaCitiesV2.ts(132,383): error TS1005: ';' expected.
lib/visualLab/data/poiExtraGuatemalaCitiesV2.ts(132,498): error TS1128: Declaration or statement expected.
lib/visualLab/data/poiExtraGuatemalaCitiesV2.ts(133,657): error TS1005: ';' expected.
lib/visualLab/data/poiExtraGuatemalaCitiesV2.ts(133,1264): error TS1005: ';' expected.
lib/visualLab/data/poiExtraGuatemalaCitiesV2.ts(133,1729): error TS1005: ';' expected.
lib/visualLab/data/poiExtraGuatemalaCitiesV2.ts(133,2438): error TS1128: Declaration or statement expected.
lib/visualLab/data/poiExtraGuatemalaCitiesV2.ts(134,316): error TS1005: ';' expected.
lib/visualLab/data/poiExtraGuatemalaCitiesV2.ts(134,612): error TS1005: ';' expected.
lib/visualLab/data/poiExtraGuatemalaCitiesV2.ts(134,1044): error TS1005: ';' expected.
lib/visualLab/data/poiExtraGuatemalaCitiesV2.ts(135,4): error TS1128: Declaration or statement expected.
lib/visualLab/data/poiExtraGuatemalaCitiesV2.ts(138,9): error TS1005: ';' expected.
lib/visualLab/data/poiExtraGuatemalaCitiesV2.ts(139,11): error TS1005: ';' expected.
lib/visualLab/data/poiExtraGuatemalaCitiesV2.ts(140,11): error TS1005: ';' expected.
lib/visualLab/data/poiExtraGuatemalaCitiesV2.ts(141,9): error TS1005: ';' expected.
lib/visualLab/data/poiExtraGuatemalaCitiesV2.ts(141,49): error TS1005: ';' expected.
lib/visualLab/data/poiExtraGuatemalaCitiesV2.ts(141,83): error TS1005: ';' expected.
lib/visualLab/data/poiExtraGuatemalaCitiesV2.ts(141,117): error TS1005: ';' expected.
lib/visualLab/data/poiExtraGuatemalaCitiesV2.ts(141,149): error TS1128: Declaration or statement expected.
lib/visualLab/data/poiExtraGuatemalaCitiesV2.ts(142,99): error TS1005: ';' expected.
lib/visualLab/data/poiExtraGuatemalaCitiesV2.ts(142,182): error TS1005: ';' expected.
lib/visualLab/data/poiExtraGuatemalaCitiesV2.ts(142,255): error TS1005: ';' expected.
lib/visualLab/data/poiExtraGuatemalaCitiesV2.ts(142,323): error TS1128: Declaration or statement expected.
lib/visualLab/data/poiExtraGuatemalaCitiesV2.ts(143,100): error TS1005: ';' expected.
lib/visualLab/data/poiExtraGuatemalaCitiesV2.ts(143,185): error TS1005: ';' expected.
lib/visualLab/data/poiExtraGuatemalaCitiesV2.ts(143,277): error TS1005: ';' expected.
lib/visualLab/data/poiExtraGuatemalaCitiesV2.ts(143,362): error TS1128: Declaration or statement expected.
lib/visualLab/data/poiExtraGuatemalaCitiesV2.ts(144,649): error TS1005: ';' expected.
lib/visualLab/data/poiExtraGuatemalaCitiesV2.ts(144,1195): error TS1005: ';' expected.
lib/visualLab/data/poiExtraGuatemalaCitiesV2.ts(144,1689): error TS1005: ';' expected.
lib/visualLab/data/poiExtraGuatemalaCitiesV2.ts(144,2470): error TS1005: ';' expected.
lib/visualLab/data/poiExtraGuatemalaCitiesV2.ts(144,2472): error TS1434: Unexpected keyword or identifier.
lib/visualLab/data/poiExtraGuatemalaCitiesV2.ts(144,2477): error TS1435: Unknown keyword or identifier. Did you mean 'import'?
lib/visualLab/data/poiExtraGuatemalaCitiesV2.ts(144,2506): error TS1005: ';' expected.
lib/visualLab/data/poiExtraGuatemalaCitiesV2.ts(144,2541): error TS1005: ';' expected.
lib/visualLab/data/poiExtraGuatemalaCitiesV2.ts(144,2550): error TS1434: Unexpected keyword or identifier.
lib/visualLab/data/poiExtraGuatemalaCitiesV2.ts(144,2558): error TS1434: Unexpected keyword or identifier.
lib/visualLab/data/poiExtraGuatemalaCitiesV2.ts(144,2561): error TS1435: Unknown keyword or identifier. Did you mean 'import'?
lib/visualLab/data/poiExtraGuatemalaCitiesV2.ts(144,2571): error TS1434: Unexpected keyword or identifier.
lib/visualLab/data/poiExtraGuatemalaCitiesV2.ts(144,2576): error TS1434: Unexpected keyword or identifier.
lib/visualLab/data/poiExtraGuatemalaCitiesV2.ts(144,2579): error TS1434: Unexpected keyword or identifier.
lib/visualLab/data/poiExtraGuatemalaCitiesV2.ts(144,2594): error TS1003: Identifier expected.
lib/visualLab/data/poiExtraGuatemalaCitiesV2.ts(144,2598): error TS1002: Unterminated string literal.
lib/visualLab/data/poiExtraGuatemalaCitiesV2.ts(145,364): error TS1005: ';' expected.
lib/visualLab/data/poiExtraGuatemalaCitiesV2.ts(145,689): error TS1005: ';' expected.
lib/visualLab/data/poiExtraGuatemalaCitiesV2.ts(145,1109): error TS1005: ';' expected.
lib/visualLab/data/poiExtraGuatemalaCitiesV2.ts(146,4): error TS1128: Declaration or statement expected.
lib/visualLab/data/poiExtraGuatemalaCitiesV2.ts(149,9): error TS1005: ';' expected.
lib/visualLab/data/poiExtraGuatemalaCitiesV2.ts(150,11): error TS1005: ';' expected.
lib/visualLab/data/poiExtraGuatemalaCitiesV2.ts(151,11): error TS1005: ';' expected.
lib/visualLab/data/poiExtraGuatemalaCitiesV2.ts(152,9): error TS1005: ';' expected.
lib/visualLab/data/poiExtraGuatemalaCitiesV2.ts(152,39): error TS1005: ';' expected.
lib/visualLab/data/poiExtraGuatemalaCitiesV2.ts(152,63): error TS1005: ';' expected.
lib/visualLab/data/poiExtraGuatemalaCitiesV2.ts(152,87): error TS1005: ';' expected.
lib/visualLab/data/poiExtraGuatemalaCitiesV2.ts(152,109): error TS1128: Declaration or statement expected.
lib/visualLab/data/poiExtraGuatemalaCitiesV2.ts(153,75): error TS1005: ';' expected.
lib/visualLab/data/poiExtraGuatemalaCitiesV2.ts(153,140): error TS1005: ';' expected.
lib/visualLab/data/poiExtraGuatemalaCitiesV2.ts(153,204): error TS1005: ';' expected.
lib/visualLab/data/poiExtraGuatemalaCitiesV2.ts(153,258): error TS1128: Declaration or statement expected.
lib/visualLab/data/poiExtraGuatemalaCitiesV2.ts(154,102): error TS1005: ';' expected.
lib/visualLab/data/poiExtraGuatemalaCitiesV2.ts(154,204): error TS1005: ';' expected.
lib/visualLab/data/poiExtraGuatemalaCitiesV2.ts(154,299): error TS1005: ';' expected.
lib/visualLab/data/poiExtraGuatemalaCitiesV2.ts(154,382): error TS1128: Declaration or statement expected.
lib/visualLab/data/poiExtraGuatemalaCitiesV2.ts(155,618): error TS1005: ';' expected.
lib/visualLab/data/poiExtraGuatemalaCitiesV2.ts(155,1199): error TS1005: ';' expected.
lib/visualLab/data/poiExtraGuatemalaCitiesV2.ts(155,1708): error TS1005: ';' expected.
lib/visualLab/data/poiExtraGuatemalaCitiesV2.ts(155,2441): error TS1005: ';' expected.
lib/visualLab/data/poiExtraGuatemalaCitiesV2.ts(155,2443): error TS1434: Unexpected keyword or identifier.
lib/visualLab/data/poiExtraGuatemalaCitiesV2.ts(155,2448): error TS1435: Unknown keyword or identifier. Did you mean 'import'?
lib/visualLab/data/poiExtraGuatemalaCitiesV2.ts(155,2458): error TS1434: Unexpected keyword or identifier.
lib/visualLab/data/poiExtraGuatemalaCitiesV2.ts(155,2466): error TS1434: Unexpected keyword or identifier.
lib/visualLab/data/poiExtraGuatemalaCitiesV2.ts(155,2469): error TS1434: Unexpected keyword or identifier.
lib/visualLab/data/poiExtraGuatemalaCitiesV2.ts(155,2489): error TS1005: ';' expected.
lib/visualLab/data/poiExtraGuatemalaCitiesV2.ts(155,2494): error TS1005: ';' expected.
lib/visualLab/data/poiExtraGuatemalaCitiesV2.ts(155,2499): error TS1434: Unexpected keyword or identifier.
lib/visualLab/data/poiExtraGuatemalaCitiesV2.ts(155,2503): error TS1434: Unexpected keyword or identifier.
lib/visualLab/data/poiExtraGuatemalaCitiesV2.ts(155,2513): error TS1434: Unexpected keyword or identifier.
lib/visualLab/data/poiExtraGuatemalaCitiesV2.ts(155,2519): error TS1434: Unexpected keyword or identifier.
lib/visualLab/data/poiExtraGuatemalaCitiesV2.ts(155,2524): error TS1434: Unexpected keyword or identifier.
lib/visualLab/data/poiExtraGuatemalaCitiesV2.ts(155,2527): error TS1434: Unexpected keyword or identifier.
lib/visualLab/data/poiExtraGuatemalaCitiesV2.ts(155,2539): error TS1434: Unexpected keyword or identifier.
lib/visualLab/data/poiExtraGuatemalaCitiesV2.ts(155,2561): error TS1005: ';' expected.
lib/visualLab/data/poiExtraGuatemalaCitiesV2.ts(155,2565): error TS1434: Unexpected keyword or identifier.
lib/visualLab/data/poiExtraGuatemalaCitiesV2.ts(155,2570): error TS1228: A type predicate is only allowed in return type position for functions and methods.
lib/visualLab/data/poiExtraGuatemalaCitiesV2.ts(155,2573): error TS1434: Unexpected keyword or identifier.
lib/visualLab/data/poiExtraGuatemalaCitiesV2.ts(155,2589): error TS1005: ';' expected.
lib/visualLab/data/poiExtraGuatemalaCitiesV2.ts(155,2597): error TS1434: Unexpected keyword or identifier.
lib/visualLab/data/poiExtraGuatemalaCitiesV2.ts(155,2613): error TS1005: '(' expected.
lib/visualLab/data/poiExtraGuatemalaCitiesV2.ts(155,2619): error TS1005: ';' expected.
lib/visualLab/data/poiExtraGuatemalaCitiesV2.ts(155,2631): error TS1005: ';' expected.
lib/visualLab/data/poiExtraGuatemalaCitiesV2.ts(155,2636): error TS1005: ')' expected.
lib/visualLab/data/poiExtraGuatemalaCitiesV2.ts(155,2640): error TS1434: Unexpected keyword or identifier.
lib/visualLab/data/poiExtraGuatemalaCitiesV2.ts(155,2659): error TS1005: ';' expected.
lib/visualLab/data/poiExtraGuatemalaCitiesV2.ts(155,2668): error TS1434: Unexpected keyword or identifier.
lib/visualLab/data/poiExtraGuatemalaCitiesV2.ts(155,2684): error TS1005: ';' expected.
lib/visualLab/data/poiExtraGuatemalaCitiesV2.ts(155,2690): error TS1434: Unexpected keyword or identifier.
lib/visualLab/data/poiExtraGuatemalaCitiesV2.ts(155,2698): error TS1434: Unexpected keyword or identifier.
lib/visualLab/data/poiExtraGuatemalaCitiesV2.ts(155,2703): error TS1434: Unexpected keyword or identifier.
lib/visualLab/data/poiExtraGuatemalaCitiesV2.ts(155,2712): error TS1434: Unexpected keyword or identifier.
lib/visualLab/data/poiExtraGuatemalaCitiesV2.ts(155,2717): error TS1434: Unexpected keyword or identifier.
lib/visualLab/data/poiExtraGuatemalaCitiesV2.ts(155,2725): error TS1434: Unexpected keyword or identifier.
lib/visualLab/data/poiExtraGuatemalaCitiesV2.ts(155,2729): error TS1434: Unexpected keyword or identifier.
lib/visualLab/data/poiExtraGuatemalaCitiesV2.ts(155,2753): error TS1005: ';' expected.
lib/visualLab/data/poiExtraGuatemalaCitiesV2.ts(155,2761): error TS1127: Invalid character.
lib/visualLab/data/poiExtraGuatemalaCitiesV2.ts(155,2763): error TS1434: Unexpected keyword or identifier.
lib/visualLab/data/poiExtraGuatemalaCitiesV2.ts(155,2770): error TS1434: Unexpected keyword or identifier.
lib/visualLab/data/poiExtraGuatemalaCitiesV2.ts(155,2787): error TS1005: ';' expected.
lib/visualLab/data/poiExtraGuatemalaCitiesV2.ts(155,2795): error TS1434: Unexpected keyword or identifier.
lib/visualLab/data/poiExtraGuatemalaCitiesV2.ts(155,2815): error TS1005: '(' expected.
lib/visualLab/data/poiExtraGuatemalaCitiesV2.ts(155,2824): error TS1005: ')' expected.
lib/visualLab/data/poiExtraGuatemalaCitiesV2.ts(155,2831): error TS1434: Unexpected keyword or identifier.
lib/visualLab/data/poiExtraGuatemalaCitiesV2.ts(155,2835): error TS1434: Unexpected keyword or identifier.
lib/visualLab/data/poiExtraGuatemalaCitiesV2.ts(155,2847): error TS1434: Unexpected keyword or identifier.
lib/visualLab/data/poiExtraGuatemalaCitiesV2.ts(155,2853): error TS1434: Unexpected keyword or identifier.
lib/visualLab/data/poiExtraGuatemalaCitiesV2.ts(155,2863): error TS1003: Identifier expected.
lib/visualLab/data/poiExtraGuatemalaCitiesV2.ts(155,2867): error TS1002: Unterminated string literal.
lib/visualLab/data/poiExtraGuatemalaCitiesV2.ts(156,349): error TS1005: ';' expected.
lib/visualLab/data/poiExtraGuatemalaCitiesV2.ts(156,689): error TS1005: ';' expected.
lib/visualLab/data/poiExtraGuatemalaCitiesV2.ts(156,1136): error TS1005: ';' expected.
lib/visualLab/data/poiExtraGuatemalaCitiesV2.ts(157,4): error TS1128: Declaration or statement expected.
lib/visualLab/data/poiExtraGuatemalaCitiesV2.ts(160,9): error TS1005: ';' expected.
lib/visualLab/data/poiExtraGuatemalaCitiesV2.ts(161,11): error TS1005: ';' expected.
lib/visualLab/data/poiExtraGuatemalaCitiesV2.ts(162,11): error TS1005: ';' expected.
lib/visualLab/data/poiExtraGuatemalaCitiesV2.ts(163,9): error TS1005: ';' expected.
lib/visualLab/data/poiExtraGuatemalaCitiesV2.ts(163,29): error TS1005: ';' expected.
lib/visualLab/data/poiExtraGuatemalaCitiesV2.ts(163,43): error TS1005: ';' expected.
lib/visualLab/data/poiExtraGuatemalaCitiesV2.ts(163,57): error TS1005: ';' expected.
lib/visualLab/data/poiExtraGuatemalaCitiesV2.ts(163,69): error TS1128: Declaration or statement expected.
lib/visualLab/data/poiExtraGuatemalaCitiesV2.ts(164,95): error TS1005: ';' expected.
lib/visualLab/data/poiExtraGuatemalaCitiesV2.ts(164,169): error TS1005: ';' expected.
lib/visualLab/data/poiExtraGuatemalaCitiesV2.ts(164,254): error TS1005: ';' expected.
lib/visualLab/data/poiExtraGuatemalaCitiesV2.ts(164,335): error TS1128: Declaration or statement expected.
lib/visualLab/data/poiExtraGuatemalaCitiesV2.ts(165,120): error TS1005: ';' expected.
lib/visualLab/data/poiExtraGuatemalaCitiesV2.ts(165,228): error TS1005: ';' expected.
lib/visualLab/data/poiExtraGuatemalaCitiesV2.ts(165,345): error TS1005: ';' expected.
lib/visualLab/data/poiExtraGuatemalaCitiesV2.ts(165,452): error TS1128: Declaration or statement expected.
lib/visualLab/data/poiExtraGuatemalaCitiesV2.ts(166,666): error TS1005: ';' expected.
lib/visualLab/data/poiExtraGuatemalaCitiesV2.ts(166,1253): error TS1005: ';' expected.
lib/visualLab/data/poiExtraGuatemalaCitiesV2.ts(166,1730): error TS1005: ';' expected.
lib/visualLab/data/poiExtraGuatemalaCitiesV2.ts(166,2460): error TS1128: Declaration or statement expected.
lib/visualLab/data/poiExtraGuatemalaCitiesV2.ts(167,310): error TS1005: ';' expected.
lib/visualLab/data/poiExtraGuatemalaCitiesV2.ts(167,580): error TS1005: ';' expected.
lib/visualLab/data/poiExtraGuatemalaCitiesV2.ts(167,1012): error TS1005: ';' expected.
lib/visualLab/data/poiExtraGuatemalaCitiesV2.ts(168,4): error TS1128: Declaration or statement expected.
lib/visualLab/data/poiExtraGuatemalaCitiesV2.ts(171,9): error TS1005: ';' expected.
lib/visualLab/data/poiExtraGuatemalaCitiesV2.ts(172,11): error TS1005: ';' expected.
lib/visualLab/data/poiExtraGuatemalaCitiesV2.ts(173,11): error TS1005: ';' expected.
lib/visualLab/data/poiExtraGuatemalaCitiesV2.ts(174,9): error TS1005: ';' expected.
lib/visualLab/data/poiExtraGuatemalaCitiesV2.ts(174,35): error TS1005: ';' expected.
lib/visualLab/data/poiExtraGuatemalaCitiesV2.ts(174,55): error TS1005: ';' expected.
lib/visualLab/data/poiExtraGuatemalaCitiesV2.ts(174,75): error TS1005: ';' expected.
lib/visualLab/data/poiExtraGuatemalaCitiesV2.ts(174,93): error TS1128: Declaration or statement expected.
lib/visualLab/data/poiExtraGuatemalaCitiesV2.ts(175,94): error TS1005: ';' expected.
lib/visualLab/data/poiExtraGuatemalaCitiesV2.ts(175,154): error TS1005: ';' expected.
lib/visualLab/data/poiExtraGuatemalaCitiesV2.ts(175,227): error TS1005: ';' expected.
lib/visualLab/data/poiExtraGuatemalaCitiesV2.ts(175,293): error TS1128: Declaration or statement expected.
lib/visualLab/data/poiExtraGuatemalaCitiesV2.ts(176,119): error TS1005: ';' expected.
lib/visualLab/data/poiExtraGuatemalaCitiesV2.ts(176,234): error TS1005: ';' expected.
lib/visualLab/data/poiExtraGuatemalaCitiesV2.ts(176,333): error TS1005: ';' expected.
lib/visualLab/data/poiExtraGuatemalaCitiesV2.ts(176,429): error TS1128: Declaration or statement expected.
lib/visualLab/data/poiExtraGuatemalaCitiesV2.ts(177,617): error TS1005: ';' expected.
lib/visualLab/data/poiExtraGuatemalaCitiesV2.ts(177,1175): error TS1005: ';' expected.
lib/visualLab/data/poiExtraGuatemalaCitiesV2.ts(177,1674): error TS1005: ';' expected.
lib/visualLab/data/poiExtraGuatemalaCitiesV2.ts(177,2425): error TS1005: ';' expected.
lib/visualLab/data/poiExtraGuatemalaCitiesV2.ts(177,2709): error TS1005: ';' expected.
lib/visualLab/data/poiExtraGuatemalaCitiesV2.ts(177,2709): error TS1434: Unexpected keyword or identifier.
lib/visualLab/data/poiExtraGuatemalaCitiesV2.ts(177,2833): error TS1002: Unterminated string literal.
lib/visualLab/data/poiExtraGuatemalaCitiesV2.ts(178,344): error TS1005: ';' expected.
lib/visualLab/data/poiExtraGuatemalaCitiesV2.ts(178,632): error TS1005: ';' expected.
lib/visualLab/data/poiExtraGuatemalaCitiesV2.ts(178,1110): error TS1005: ';' expected.
lib/visualLab/data/poiExtraGuatemalaCitiesV2.ts(179,4): error TS1128: Declaration or statement expected.
lib/visualLab/data/poiExtraGuatemalaCitiesV2.ts(182,9): error TS1005: ';' expected.
lib/visualLab/data/poiExtraGuatemalaCitiesV2.ts(183,11): error TS1005: ';' expected.
lib/visualLab/data/poiExtraGuatemalaCitiesV2.ts(184,11): error TS1005: ';' expected.
lib/visualLab/data/poiExtraGuatemalaCitiesV2.ts(185,9): error TS1005: ';' expected.
lib/visualLab/data/poiExtraGuatemalaCitiesV2.ts(185,33): error TS1005: ';' expected.
lib/visualLab/data/poiExtraGuatemalaCitiesV2.ts(185,51): error TS1005: ';' expected.
lib/visualLab/data/poiExtraGuatemalaCitiesV2.ts(185,69): error TS1005: ';' expected.
lib/visualLab/data/poiExtraGuatemalaCitiesV2.ts(185,85): error TS1128: Declaration or statement expected.
lib/visualLab/data/poiExtraGuatemalaCitiesV2.ts(186,94): error TS1005: ';' expected.
lib/visualLab/data/poiExtraGuatemalaCitiesV2.ts(186,167): error TS1005: ';' expected.
lib/visualLab/data/poiExtraGuatemalaCitiesV2.ts(186,252): error TS1005: ';' expected.
lib/visualLab/data/poiExtraGuatemalaCitiesV2.ts(186,329): error TS1128: Declaration or statement expected.
lib/visualLab/data/poiExtraGuatemalaCitiesV2.ts(187,110): error TS1005: ';' expected.
lib/visualLab/data/poiExtraGuatemalaCitiesV2.ts(187,216): error TS1005: ';' expected.
lib/visualLab/data/poiExtraGuatemalaCitiesV2.ts(187,307): error TS1005: ';' expected.
lib/visualLab/data/poiExtraGuatemalaCitiesV2.ts(187,393): error TS1128: Declaration or statement expected.
lib/visualLab/data/poiExtraGuatemalaCitiesV2.ts(188,658): error TS1005: ';' expected.
lib/visualLab/data/poiExtraGuatemalaCitiesV2.ts(188,1281): error TS1005: ';' expected.
lib/visualLab/data/poiExtraGuatemalaCitiesV2.ts(188,1774): error TS1005: ';' expected.
lib/visualLab/data/poiExtraGuatemalaCitiesV2.ts(188,2442): error TS1128: Declaration or statement expected.
lib/visualLab/data/poiExtraGuatemalaCitiesV2.ts(189,346): error TS1005: ';' expected.
lib/visualLab/data/poiExtraGuatemalaCitiesV2.ts(189,670): error TS1005: ';' expected.
lib/visualLab/data/poiExtraGuatemalaCitiesV2.ts(189,1130): error TS1005: ';' expected.
lib/visualLab/data/poiExtraGuatemalaCitiesV2.ts(190,4): error TS1128: Declaration or statement expected.
lib/visualLab/data/poiExtraGuatemalaCitiesV2.ts(193,9): error TS1005: ';' expected.
lib/visualLab/data/poiExtraGuatemalaCitiesV2.ts(194,11): error TS1005: ';' expected.
lib/visualLab/data/poiExtraGuatemalaCitiesV2.ts(195,11): error TS1005: ';' expected.
lib/visualLab/data/poiExtraGuatemalaCitiesV2.ts(196,9): error TS1005: ';' expected.
lib/visualLab/data/poiExtraGuatemalaCitiesV2.ts(196,40): error TS1005: ';' expected.
lib/visualLab/data/poiExtraGuatemalaCitiesV2.ts(196,65): error TS1005: ';' expected.
lib/visualLab/data/poiExtraGuatemalaCitiesV2.ts(196,90): error TS1005: ';' expected.
lib/visualLab/data/poiExtraGuatemalaCitiesV2.ts(196,113): error TS1128: Declaration or statement expected.
lib/visualLab/data/poiExtraGuatemalaCitiesV2.ts(197,93): error TS1005: ';' expected.
lib/visualLab/data/poiExtraGuatemalaCitiesV2.ts(197,151): error TS1005: ';' expected.
lib/visualLab/data/poiExtraGuatemalaCitiesV2.ts(197,213): error TS1005: ';' expected.
lib/visualLab/data/poiExtraGuatemalaCitiesV2.ts(197,269): error TS1128: Declaration or statement expected.
lib/visualLab/data/poiExtraGuatemalaCitiesV2.ts(198,100): error TS1005: ';' expected.
lib/visualLab/data/poiExtraGuatemalaCitiesV2.ts(198,190): error TS1005: ';' expected.
lib/visualLab/data/poiExtraGuatemalaCitiesV2.ts(198,286): error TS1005: ';' expected.
lib/visualLab/data/poiExtraGuatemalaCitiesV2.ts(198,368): error TS1128: Declaration or statement expected.
lib/visualLab/data/poiExtraGuatemalaCitiesV2.ts(199,640): error TS1005: ';' expected.
lib/visualLab/data/poiExtraGuatemalaCitiesV2.ts(199,1215): error TS1005: ';' expected.
lib/visualLab/data/poiExtraGuatemalaCitiesV2.ts(199,1687): error TS1005: ';' expected.
lib/visualLab/data/poiExtraGuatemalaCitiesV2.ts(199,2389): error TS1005: ';' expected.
lib/visualLab/data/poiExtraGuatemalaCitiesV2.ts(199,2389): error TS1434: Unexpected keyword or identifier.
lib/visualLab/data/poiExtraGuatemalaCitiesV2.ts(199,2791): error TS1002: Unterminated string literal.
lib/visualLab/data/poiExtraGuatemalaCitiesV2.ts(200,316): error TS1005: ';' expected.
lib/visualLab/data/poiExtraGuatemalaCitiesV2.ts(200,580): error TS1005: ';' expected.
lib/visualLab/data/poiExtraGuatemalaCitiesV2.ts(200,1031): error TS1005: ';' expected.
lib/visualLab/data/poiExtraGuatemalaCitiesV2.ts(201,4): error TS1128: Declaration or statement expected.
lib/visualLab/data/poiExtraGuatemalaCitiesV2.ts(204,9): error TS1005: ';' expected.
lib/visualLab/data/poiExtraGuatemalaCitiesV2.ts(205,11): error TS1005: ';' expected.
lib/visualLab/data/poiExtraGuatemalaCitiesV2.ts(206,11): error TS1005: ';' expected.
lib/visualLab/data/poiExtraGuatemalaCitiesV2.ts(207,9): error TS1005: ';' expected.
lib/visualLab/data/poiExtraGuatemalaCitiesV2.ts(207,33): error TS1005: ';' expected.
lib/visualLab/data/poiExtraGuatemalaCitiesV2.ts(207,51): error TS1005: ';' expected.
lib/visualLab/data/poiExtraGuatemalaCitiesV2.ts(207,69): error TS1005: ';' expected.
lib/visualLab/data/poiExtraGuatemalaCitiesV2.ts(207,85): error TS1128: Declaration or statement expected.
lib/visualLab/data/poiExtraGuatemalaCitiesV2.ts(208,95): error TS1005: ';' expected.
lib/visualLab/data/poiExtraGuatemalaCitiesV2.ts(208,164): error TS1005: ';' expected.
lib/visualLab/data/poiExtraGuatemalaCitiesV2.ts(208,239): error TS1005: ';' expected.
lib/visualLab/data/poiExtraGuatemalaCitiesV2.ts(208,310): error TS1128: Declaration or statement expected.
lib/visualLab/data/poiExtraGuatemalaCitiesV2.ts(209,119): error TS1005: ';' expected.
lib/visualLab/data/poiExtraGuatemalaCitiesV2.ts(209,234): error TS1005: ';' expected.
lib/visualLab/data/poiExtraGuatemalaCitiesV2.ts(209,346): error TS1005: ';' expected.
lib/visualLab/data/poiExtraGuatemalaCitiesV2.ts(209,443): error TS1128: Declaration or statement expected.
lib/visualLab/data/poiExtraGuatemalaCitiesV2.ts(210,608): error TS1005: ';' expected.
lib/visualLab/data/poiExtraGuatemalaCitiesV2.ts(210,1132): error TS1005: ';' expected.
lib/visualLab/data/poiExtraGuatemalaCitiesV2.ts(210,1634): error TS1005: ';' expected.
lib/visualLab/data/poiExtraGuatemalaCitiesV2.ts(210,2332): error TS1005: ';' expected.
lib/visualLab/data/poiExtraGuatemalaCitiesV2.ts(210,2334): error TS1434: Unexpected keyword or identifier.
lib/visualLab/data/poiExtraGuatemalaCitiesV2.ts(210,2342): error TS1228: A type predicate is only allowed in return type position for functions and methods.
lib/visualLab/data/poiExtraGuatemalaCitiesV2.ts(210,2345): error TS1434: Unexpected keyword or identifier.
lib/visualLab/data/poiExtraGuatemalaCitiesV2.ts(210,2356): error TS1434: Unexpected keyword or identifier.
lib/visualLab/data/poiExtraGuatemalaCitiesV2.ts(210,2381): error TS1005: ';' expected.
lib/visualLab/data/poiExtraGuatemalaCitiesV2.ts(210,2414): error TS1005: ';' expected.
lib/visualLab/data/poiExtraGuatemalaCitiesV2.ts(210,2421): error TS1228: A type predicate is only allowed in return type position for functions and methods.
lib/visualLab/data/poiExtraGuatemalaCitiesV2.ts(210,2424): error TS1434: Unexpected keyword or identifier.
lib/visualLab/data/poiExtraGuatemalaCitiesV2.ts(210,2438): error TS1434: Unexpected keyword or identifier.
lib/visualLab/data/poiExtraGuatemalaCitiesV2.ts(210,2441): error TS1434: Unexpected keyword or identifier.
lib/visualLab/data/poiExtraGuatemalaCitiesV2.ts(210,2443): error TS1434: Unexpected keyword or identifier.
lib/visualLab/data/poiExtraGuatemalaCitiesV2.ts(210,2447): error TS1434: Unexpected keyword or identifier.
lib/visualLab/data/poiExtraGuatemalaCitiesV2.ts(210,2450): error TS1434: Unexpected keyword or identifier.
lib/visualLab/data/poiExtraGuatemalaCitiesV2.ts(210,2461): error TS1434: Unexpected keyword or identifier.
lib/visualLab/data/poiExtraGuatemalaCitiesV2.ts(210,2472): error TS1434: Unexpected keyword or identifier.
lib/visualLab/data/poiExtraGuatemalaCitiesV2.ts(210,2476): error TS1434: Unexpected keyword or identifier.
lib/visualLab/data/poiExtraGuatemalaCitiesV2.ts(210,2483): error TS1434: Unexpected keyword or identifier.
lib/visualLab/data/poiExtraGuatemalaCitiesV2.ts(210,2502): error TS1003: Identifier expected.
lib/visualLab/data/poiExtraGuatemalaCitiesV2.ts(210,2506): error TS1002: Unterminated string literal.
lib/visualLab/data/poiExtraGuatemalaCitiesV2.ts(211,331): error TS1005: ';' expected.
lib/visualLab/data/poiExtraGuatemalaCitiesV2.ts(211,634): error TS1005: ';' expected.
lib/visualLab/data/poiExtraGuatemalaCitiesV2.ts(211,1105): error TS1005: ';' expected.
lib/visualLab/data/poiExtraGuatemalaCitiesV2.ts(212,4): error TS1128: Declaration or statement expected.
lib/visualLab/data/poiExtraGuatemalaCitiesV2.ts(215,9): error TS1005: ';' expected.
lib/visualLab/data/poiExtraGuatemalaCitiesV2.ts(216,11): error TS1005: ';' expected.
lib/visualLab/data/poiExtraGuatemalaCitiesV2.ts(217,11): error TS1005: ';' expected.
lib/visualLab/data/poiExtraGuatemalaCitiesV2.ts(218,9): error TS1005: ';' expected.
lib/visualLab/data/poiExtraGuatemalaCitiesV2.ts(218,32): error TS1005: ';' expected.
lib/visualLab/data/poiExtraGuatemalaCitiesV2.ts(218,49): error TS1005: ';' expected.
lib/visualLab/data/poiExtraGuatemalaCitiesV2.ts(218,66): error TS1005: ';' expected.
lib/visualLab/data/poiExtraGuatemalaCitiesV2.ts(218,81): error TS1128: Declaration or statement expected.
lib/visualLab/data/poiExtraGuatemalaCitiesV2.ts(219,112): error TS1005: ';' expected.
lib/visualLab/data/poiExtraGuatemalaCitiesV2.ts(219,190): error TS1005: ';' expected.
lib/visualLab/data/poiExtraGuatemalaCitiesV2.ts(219,267): error TS1005: ';' expected.
lib/visualLab/data/poiExtraGuatemalaCitiesV2.ts(219,345): error TS1128: Declaration or statement expected.
lib/visualLab/data/poiExtraGuatemalaCitiesV2.ts(220,102): error TS1005: ';' expected.
lib/visualLab/data/poiExtraGuatemalaCitiesV2.ts(220,204): error TS1005: ';' expected.
lib/visualLab/data/poiExtraGuatemalaCitiesV2.ts(220,297): error TS1005: ';' expected.
lib/visualLab/data/poiExtraGuatemalaCitiesV2.ts(220,388): error TS1128: Declaration or statement expected.
lib/visualLab/data/poiExtraGuatemalaCitiesV2.ts(221,642): error TS1005: ';' expected.
lib/visualLab/data/poiExtraGuatemalaCitiesV2.ts(221,1239): error TS1005: ';' expected.
lib/visualLab/data/poiExtraGuatemalaCitiesV2.ts(221,1698): error TS1005: ';' expected.
lib/visualLab/data/poiExtraGuatemalaCitiesV2.ts(221,2400): error TS1128: Declaration or statement expected.
lib/visualLab/data/poiExtraGuatemalaCitiesV2.ts(222,339): error TS1005: ';' expected.
lib/visualLab/data/poiExtraGuatemalaCitiesV2.ts(222,641): error TS1005: ';' expected.
lib/visualLab/data/poiExtraGuatemalaCitiesV2.ts(222,1119): error TS1005: ';' expected.
lib/visualLab/data/poiExtraGuatemalaCitiesV2.ts(223,4): error TS1128: Declaration or statement expected.
lib/visualLab/data/poiExtraGuatemalaCitiesV2.ts(226,9): error TS1005: ';' expected.
lib/visualLab/data/poiExtraGuatemalaCitiesV2.ts(227,11): error TS1005: ';' expected.
lib/visualLab/data/poiExtraGuatemalaCitiesV2.ts(228,11): error TS1005: ';' expected.
lib/visualLab/data/poiExtraGuatemalaCitiesV2.ts(229,9): error TS1005: ';' expected.
lib/visualLab/data/poiExtraGuatemalaCitiesV2.ts(229,35): error TS1005: ';' expected.
lib/visualLab/data/poiExtraGuatemalaCitiesV2.ts(229,55): error TS1005: ';' expected.
lib/visualLab/data/poiExtraGuatemalaCitiesV2.ts(229,75): error TS1005: ';' expected.
lib/visualLab/data/poiExtraGuatemalaCitiesV2.ts(229,93): error TS1128: Declaration or statement expected.
lib/visualLab/data/poiExtraGuatemalaCitiesV2.ts(230,99): error TS1005: ';' expected.
lib/visualLab/data/poiExtraGuatemalaCitiesV2.ts(230,171): error TS1005: ';' expected.
lib/visualLab/data/poiExtraGuatemalaCitiesV2.ts(230,252): error TS1005: ';' expected.
lib/visualLab/data/poiExtraGuatemalaCitiesV2.ts(230,328): error TS1128: Declaration or statement expected.
lib/visualLab/data/poiExtraGuatemalaCitiesV2.ts(231,81): error TS1005: ';' expected.
lib/visualLab/data/poiExtraGuatemalaCitiesV2.ts(231,160): error TS1005: ';' expected.
lib/visualLab/data/poiExtraGuatemalaCitiesV2.ts(231,239): error TS1005: ';' expected.
lib/visualLab/data/poiExtraGuatemalaCitiesV2.ts(231,314): error TS1128: Declaration or statement expected.
lib/visualLab/data/poiExtraGuatemalaCitiesV2.ts(232,647): error TS1005: ';' expected.
lib/visualLab/data/poiExtraGuatemalaCitiesV2.ts(232,1218): error TS1005: ';' expected.
lib/visualLab/data/poiExtraGuatemalaCitiesV2.ts(232,1716): error TS1005: ';' expected.
lib/visualLab/data/poiExtraGuatemalaCitiesV2.ts(232,2499): error TS1005: ';' expected.
lib/visualLab/data/poiExtraGuatemalaCitiesV2.ts(232,2501): error TS1434: Unexpected keyword or identifier.
lib/visualLab/data/poiExtraGuatemalaCitiesV2.ts(232,2506): error TS1434: Unexpected keyword or identifier.
lib/visualLab/data/poiExtraGuatemalaCitiesV2.ts(232,2513): error TS1434: Unexpected keyword or identifier.
lib/visualLab/data/poiExtraGuatemalaCitiesV2.ts(232,2537): error TS1005: ';' expected.
lib/visualLab/data/poiExtraGuatemalaCitiesV2.ts(232,2540): error TS1434: Unexpected keyword or identifier.
lib/visualLab/data/poiExtraGuatemalaCitiesV2.ts(232,2542): error TS1434: Unexpected keyword or identifier.
lib/visualLab/data/poiExtraGuatemalaCitiesV2.ts(232,2548): error TS1434: Unexpected keyword or identifier.
lib/visualLab/data/poiExtraGuatemalaCitiesV2.ts(232,2551): error TS1435: Unknown keyword or identifier. Did you mean 'get'?
lib/visualLab/data/poiExtraGuatemalaCitiesV2.ts(232,2557): error TS1434: Unexpected keyword or identifier.
lib/visualLab/data/poiExtraGuatemalaCitiesV2.ts(232,2566): error TS1435: Unknown keyword or identifier. Did you mean 'import ance'?
lib/visualLab/data/poiExtraGuatemalaCitiesV2.ts(232,2577): error TS1434: Unexpected keyword or identifier.
lib/visualLab/data/poiExtraGuatemalaCitiesV2.ts(232,2593): error TS1005: ';' expected.
lib/visualLab/data/poiExtraGuatemalaCitiesV2.ts(232,2604): error TS1005: '(' expected.
lib/visualLab/data/poiExtraGuatemalaCitiesV2.ts(232,2608): error TS1005: ';' expected.
lib/visualLab/data/poiExtraGuatemalaCitiesV2.ts(232,2620): error TS1005: ';' expected.
lib/visualLab/data/poiExtraGuatemalaCitiesV2.ts(232,2626): error TS1005: ')' expected.
lib/visualLab/data/poiExtraGuatemalaCitiesV2.ts(232,2634): error TS1003: Identifier expected.
lib/visualLab/data/poiExtraGuatemalaCitiesV2.ts(232,2638): error TS1002: Unterminated string literal.
lib/visualLab/data/poiExtraGuatemalaCitiesV2.ts(233,337): error TS1005: ';' expected.
lib/visualLab/data/poiExtraGuatemalaCitiesV2.ts(233,643): error TS1005: ';' expected.
lib/visualLab/data/poiExtraGuatemalaCitiesV2.ts(233,1156): error TS1005: ';' expected.
lib/visualLab/data/poiExtraGuatemalaCitiesV2.ts(234,4): error TS1128: Declaration or statement expected.
lib/visualLab/data/poiExtraGuatemalaCitiesV2.ts(237,9): error TS1005: ';' expected.
lib/visualLab/data/poiExtraGuatemalaCitiesV2.ts(238,11): error TS1005: ';' expected.
lib/visualLab/data/poiExtraGuatemalaCitiesV2.ts(239,11): error TS1005: ';' expected.
lib/visualLab/data/poiExtraGuatemalaCitiesV2.ts(240,9): error TS1005: ';' expected.
lib/visualLab/data/poiExtraGuatemalaCitiesV2.ts(240,35): error TS1005: ';' expected.
lib/visualLab/data/poiExtraGuatemalaCitiesV2.ts(240,55): error TS1005: ';' expected.
lib/visualLab/data/poiExtraGuatemalaCitiesV2.ts(240,75): error TS1005: ';' expected.
lib/visualLab/data/poiExtraGuatemalaCitiesV2.ts(240,93): error TS1128: Declaration or statement expected.
lib/visualLab/data/poiExtraGuatemalaCitiesV2.ts(241,114): error TS1005: ';' expected.
lib/visualLab/data/poiExtraGuatemalaCitiesV2.ts(241,213): error TS1005: ';' expected.
lib/visualLab/data/poiExtraGuatemalaCitiesV2.ts(241,309): error TS1005: ';' expected.
lib/visualLab/data/poiExtraGuatemalaCitiesV2.ts(241,395): error TS1128: Declaration or statement expected.
lib/visualLab/data/poiExtraGuatemalaCitiesV2.ts(242,103): error TS1005: ';' expected.
lib/visualLab/data/poiExtraGuatemalaCitiesV2.ts(242,196): error TS1005: ';' expected.
lib/visualLab/data/poiExtraGuatemalaCitiesV2.ts(242,285): error TS1005: ';' expected.
lib/visualLab/data/poiExtraGuatemalaCitiesV2.ts(242,363): error TS1128: Declaration or statement expected.
lib/visualLab/data/poiExtraGuatemalaCitiesV2.ts(243,639): error TS1005: ';' expected.
lib/visualLab/data/poiExtraGuatemalaCitiesV2.ts(243,1205): error TS1005: ';' expected.
lib/visualLab/data/poiExtraGuatemalaCitiesV2.ts(243,1723): error TS1005: ';' expected.
lib/visualLab/data/poiExtraGuatemalaCitiesV2.ts(243,2494): error TS1005: ';' expected.
lib/visualLab/data/poiExtraGuatemalaCitiesV2.ts(243,2494): error TS1434: Unexpected keyword or identifier.
lib/visualLab/data/poiExtraGuatemalaCitiesV2.ts(243,2793): error TS1002: Unterminated string literal.
lib/visualLab/data/poiExtraGuatemalaCitiesV2.ts(244,360): error TS1005: ';' expected.
lib/visualLab/data/poiExtraGuatemalaCitiesV2.ts(244,658): error TS1005: ';' expected.
lib/visualLab/data/poiExtraGuatemalaCitiesV2.ts(244,1167): error TS1005: ';' expected.
lib/visualLab/data/poiExtraGuatemalaCitiesV2.ts(245,4): error TS1128: Declaration or statement expected.
lib/visualLab/data/poiExtraGuatemalaCitiesV2.ts(248,9): error TS1005: ';' expected.
lib/visualLab/data/poiExtraGuatemalaCitiesV2.ts(249,11): error TS1005: ';' expected.
lib/visualLab/data/poiExtraGuatemalaCitiesV2.ts(250,11): error TS1005: ';' expected.
lib/visualLab/data/poiExtraGuatemalaCitiesV2.ts(251,9): error TS1005: ';' expected.
lib/visualLab/data/poiExtraGuatemalaCitiesV2.ts(251,30): error TS1005: ';' expected.
lib/visualLab/data/poiExtraGuatemalaCitiesV2.ts(251,45): error TS1005: ';' expected.
lib/visualLab/data/poiExtraGuatemalaCitiesV2.ts(251,60): error TS1005: ';' expected.
lib/visualLab/data/poiExtraGuatemalaCitiesV2.ts(251,73): error TS1128: Declaration or statement expected.
lib/visualLab/data/poiExtraGuatemalaCitiesV2.ts(252,97): error TS1005: ';' expected.
lib/visualLab/data/poiExtraGuatemalaCitiesV2.ts(252,162): error TS1005: ';' expected.
lib/visualLab/data/poiExtraGuatemalaCitiesV2.ts(252,232): error TS1005: ';' expected.
lib/visualLab/data/poiExtraGuatemalaCitiesV2.ts(252,299): error TS1128: Declaration or statement expected.
lib/visualLab/data/poiExtraGuatemalaCitiesV2.ts(253,143): error TS1005: ';' expected.
lib/visualLab/data/poiExtraGuatemalaCitiesV2.ts(253,264): error TS1005: ';' expected.
lib/visualLab/data/poiExtraGuatemalaCitiesV2.ts(253,386): error TS1005: ';' expected.
lib/visualLab/data/poiExtraGuatemalaCitiesV2.ts(253,504): error TS1128: Declaration or statement expected.
lib/visualLab/data/poiExtraGuatemalaCitiesV2.ts(254,676): error TS1005: ';' expected.
lib/visualLab/data/poiExtraGuatemalaCitiesV2.ts(254,1252): error TS1005: ';' expected.
lib/visualLab/data/poiExtraGuatemalaCitiesV2.ts(254,1803): error TS1005: ';' expected.
lib/visualLab/data/poiExtraGuatemalaCitiesV2.ts(254,2552): error TS1128: Declaration or statement expected.
lib/visualLab/data/poiExtraGuatemalaCitiesV2.ts(255,350): error TS1005: ';' expected.
lib/visualLab/data/poiExtraGuatemalaCitiesV2.ts(255,650): error TS1005: ';' expected.
lib/visualLab/data/poiExtraGuatemalaCitiesV2.ts(255,1131): error TS1005: ';' expected.
lib/visualLab/data/poiExtraGuatemalaCitiesV2.ts(256,4): error TS1128: Declaration or statement expected.
lib/visualLab/data/poiExtraGuatemalaCitiesV2.ts(259,9): error TS1005: ';' expected.
lib/visualLab/data/poiExtraGuatemalaCitiesV2.ts(260,11): error TS1005: ';' expected.
lib/visualLab/data/poiExtraGuatemalaCitiesV2.ts(261,11): error TS1005: ';' expected.
lib/visualLab/data/poiExtraGuatemalaCitiesV2.ts(262,9): error TS1005: ';' expected.
lib/visualLab/data/poiExtraGuatemalaCitiesV2.ts(262,33): error TS1005: ';' expected.
lib/visualLab/data/poiExtraGuatemalaCitiesV2.ts(262,51): error TS1005: ';' expected.
lib/visualLab/data/poiExtraGuatemalaCitiesV2.ts(262,69): error TS1005: ';' expected.
lib/visualLab/data/poiExtraGuatemalaCitiesV2.ts(262,85): error TS1128: Declaration or statement expected.
lib/visualLab/data/poiExtraGuatemalaCitiesV2.ts(263,79): error TS1005: ';' expected.
lib/visualLab/data/poiExtraGuatemalaCitiesV2.ts(263,143): error TS1005: ';' expected.
lib/visualLab/data/poiExtraGuatemalaCitiesV2.ts(263,205): error TS1005: ';' expected.
lib/visualLab/data/poiExtraGuatemalaCitiesV2.ts(263,262): error TS1128: Declaration or statement expected.
lib/visualLab/data/poiExtraGuatemalaCitiesV2.ts(264,108): error TS1005: ';' expected.
lib/visualLab/data/poiExtraGuatemalaCitiesV2.ts(264,209): error TS1005: ';' expected.
lib/visualLab/data/poiExtraGuatemalaCitiesV2.ts(264,309): error TS1005: ';' expected.
lib/visualLab/data/poiExtraGuatemalaCitiesV2.ts(264,397): error TS1128: Declaration or statement expected.
lib/visualLab/data/poiExtraGuatemalaCitiesV2.ts(265,657): error TS1005: ';' expected.
lib/visualLab/data/poiExtraGuatemalaCitiesV2.ts(265,1294): error TS1005: ';' expected.
lib/visualLab/data/poiExtraGuatemalaCitiesV2.ts(265,1845): error TS1005: ';' expected.
lib/visualLab/data/poiExtraGuatemalaCitiesV2.ts(265,2609): error TS1128: Declaration or statement expected.
lib/visualLab/data/poiExtraGuatemalaCitiesV2.ts(266,360): error TS1005: ';' expected.
lib/visualLab/data/poiExtraGuatemalaCitiesV2.ts(266,665): error TS1005: ';' expected.
lib/visualLab/data/poiExtraGuatemalaCitiesV2.ts(266,1201): error TS1005: ';' expected.
lib/visualLab/data/poiExtraGuatemalaCitiesV2.ts(267,4): error TS1128: Declaration or statement expected.
lib/visualLab/data/poiExtraGuatemalaCitiesV2.ts(270,9): error TS1005: ';' expected.
lib/visualLab/data/poiExtraGuatemalaCitiesV2.ts(271,11): error TS1005: ';' expected.
lib/visualLab/data/poiExtraGuatemalaCitiesV2.ts(272,11): error TS1005: ';' expected.
lib/visualLab/data/poiExtraGuatemalaCitiesV2.ts(273,9): error TS1005: ';' expected.
lib/visualLab/data/poiExtraGuatemalaCitiesV2.ts(273,40): error TS1005: ';' expected.
lib/visualLab/data/poiExtraGuatemalaCitiesV2.ts(273,65): error TS1005: ';' expected.
lib/visualLab/data/poiExtraGuatemalaCitiesV2.ts(273,90): error TS1005: ';' expected.
lib/visualLab/data/poiExtraGuatemalaCitiesV2.ts(273,113): error TS1128: Declaration or statement expected.
lib/visualLab/data/poiExtraGuatemalaCitiesV2.ts(274,119): error TS1005: ';' expected.
lib/visualLab/data/poiExtraGuatemalaCitiesV2.ts(274,227): error TS1005: ';' expected.
lib/visualLab/data/poiExtraGuatemalaCitiesV2.ts(274,336): error TS1005: ';' expected.
lib/visualLab/data/poiExtraGuatemalaCitiesV2.ts(274,435): error TS1128: Declaration or statement expected.
lib/visualLab/data/poiExtraGuatemalaCitiesV2.ts(275,128): error TS1005: ';' expected.
lib/visualLab/data/poiExtraGuatemalaCitiesV2.ts(275,255): error TS1005: ';' expected.
lib/visualLab/data/poiExtraGuatemalaCitiesV2.ts(275,361): error TS1005: ';' expected.
lib/visualLab/data/poiExtraGuatemalaCitiesV2.ts(275,474): error TS1128: Declaration or statement expected.
lib/visualLab/data/poiExtraGuatemalaCitiesV2.ts(276,589): error TS1005: ';' expected.
lib/visualLab/data/poiExtraGuatemalaCitiesV2.ts(276,1124): error TS1005: ';' expected.
lib/visualLab/data/poiExtraGuatemalaCitiesV2.ts(276,1132): error TS1005: ';' expected.
lib/visualLab/data/poiExtraGuatemalaCitiesV2.ts(276,1853): error TS1005: ';' expected.
lib/visualLab/data/poiExtraGuatemalaCitiesV2.ts(276,1865): error TS1005: ';' expected.
lib/visualLab/data/poiExtraGuatemalaCitiesV2.ts(276,1869): error TS1434: Unexpected keyword or identifier.
lib/visualLab/data/poiExtraGuatemalaCitiesV2.ts(276,1878): error TS1434: Unexpected keyword or identifier.
lib/visualLab/data/poiExtraGuatemalaCitiesV2.ts(276,1888): error TS1127: Invalid character.
lib/visualLab/data/poiExtraGuatemalaCitiesV2.ts(276,1889): error TS1434: Unexpected keyword or identifier.
lib/visualLab/data/poiExtraGuatemalaCitiesV2.ts(276,1891): error TS1434: Unexpected keyword or identifier.
lib/visualLab/data/poiExtraGuatemalaCitiesV2.ts(276,1895): error TS1434: Unexpected keyword or identifier.
lib/visualLab/data/poiExtraGuatemalaCitiesV2.ts(276,1900): error TS1434: Unexpected keyword or identifier.
lib/visualLab/data/poiExtraGuatemalaCitiesV2.ts(276,1909): error TS1127: Invalid character.
lib/visualLab/data/poiExtraGuatemalaCitiesV2.ts(276,1918): error TS1005: ';' expected.
lib/visualLab/data/poiExtraGuatemalaCitiesV2.ts(276,1948): error TS1005: ';' expected.
lib/visualLab/data/poiExtraGuatemalaCitiesV2.ts(276,1955): error TS1434: Unexpected keyword or identifier.
lib/visualLab/data/poiExtraGuatemalaCitiesV2.ts(276,1959): error TS1434: Unexpected keyword or identifier.
lib/visualLab/data/poiExtraGuatemalaCitiesV2.ts(276,1968): error TS1434: Unexpected keyword or identifier.
lib/visualLab/data/poiExtraGuatemalaCitiesV2.ts(276,1975): error TS1434: Unexpected keyword or identifier.
lib/visualLab/data/poiExtraGuatemalaCitiesV2.ts(276,1993): error TS1434: Unexpected keyword or identifier.
lib/visualLab/data/poiExtraGuatemalaCitiesV2.ts(276,1998): error TS1434: Unexpected keyword or identifier.
lib/visualLab/data/poiExtraGuatemalaCitiesV2.ts(276,2007): error TS1434: Unexpected keyword or identifier.
lib/visualLab/data/poiExtraGuatemalaCitiesV2.ts(276,2011): error TS1434: Unexpected keyword or identifier.
lib/visualLab/data/poiExtraGuatemalaCitiesV2.ts(276,2021): error TS1434: Unexpected keyword or identifier.
lib/visualLab/data/poiExtraGuatemalaCitiesV2.ts(276,2052): error TS1005: ';' expected.
lib/visualLab/data/poiExtraGuatemalaCitiesV2.ts(276,2056): error TS1434: Unexpected keyword or identifier.
lib/visualLab/data/poiExtraGuatemalaCitiesV2.ts(276,2071): error TS1434: Unexpected keyword or identifier.
lib/visualLab/data/poiExtraGuatemalaCitiesV2.ts(276,2075): error TS1434: Unexpected keyword or identifier.
lib/visualLab/data/poiExtraGuatemalaCitiesV2.ts(276,2079): error TS1434: Unexpected keyword or identifier.
lib/visualLab/data/poiExtraGuatemalaCitiesV2.ts(276,2085): error TS1434: Unexpected keyword or identifier.
lib/visualLab/data/poiExtraGuatemalaCitiesV2.ts(276,2089): error TS1434: Unexpected keyword or identifier.
lib/visualLab/data/poiExtraGuatemalaCitiesV2.ts(276,2101): error TS1434: Unexpected keyword or identifier.
lib/visualLab/data/poiExtraGuatemalaCitiesV2.ts(276,2111): error TS1127: Invalid character.
lib/visualLab/data/poiExtraGuatemalaCitiesV2.ts(276,2112): error TS1434: Unexpected keyword or identifier.
lib/visualLab/data/poiExtraGuatemalaCitiesV2.ts(276,2115): error TS1127: Invalid character.
lib/visualLab/data/poiExtraGuatemalaCitiesV2.ts(276,2116): error TS1434: Unexpected keyword or identifier.
lib/visualLab/data/poiExtraGuatemalaCitiesV2.ts(276,2125): error TS1434: Unexpected keyword or identifier.
lib/visualLab/data/poiExtraGuatemalaCitiesV2.ts(276,2151): error TS1005: ';' expected.
lib/visualLab/data/poiExtraGuatemalaCitiesV2.ts(276,2156): error TS1434: Unexpected keyword or identifier.
lib/visualLab/data/poiExtraGuatemalaCitiesV2.ts(276,2165): error TS1434: Unexpected keyword or identifier.
lib/visualLab/data/poiExtraGuatemalaCitiesV2.ts(276,2169): error TS1434: Unexpected keyword or identifier.
lib/visualLab/data/poiExtraGuatemalaCitiesV2.ts(276,2184): error TS1127: Invalid character.
lib/visualLab/data/poiExtraGuatemalaCitiesV2.ts(276,2185): error TS1434: Unexpected keyword or identifier.
lib/visualLab/data/poiExtraGuatemalaCitiesV2.ts(276,2187): error TS1434: Unexpected keyword or identifier.
lib/visualLab/data/poiExtraGuatemalaCitiesV2.ts(276,2191): error TS1434: Unexpected keyword or identifier.
lib/visualLab/data/poiExtraGuatemalaCitiesV2.ts(276,2195): error TS1434: Unexpected keyword or identifier.
lib/visualLab/data/poiExtraGuatemalaCitiesV2.ts(276,2201): error TS1434: Unexpected keyword or identifier.
lib/visualLab/data/poiExtraGuatemalaCitiesV2.ts(276,2210): error TS1434: Unexpected keyword or identifier.
lib/visualLab/data/poiExtraGuatemalaCitiesV2.ts(276,2214): error TS1434: Unexpected keyword or identifier.
lib/visualLab/data/poiExtraGuatemalaCitiesV2.ts(276,2218): error TS1434: Unexpected keyword or identifier.
lib/visualLab/data/poiExtraGuatemalaCitiesV2.ts(276,2223): error TS1434: Unexpected keyword or identifier.
lib/visualLab/data/poiExtraGuatemalaCitiesV2.ts(276,2235): error TS1434: Unexpected keyword or identifier.
lib/visualLab/data/poiExtraGuatemalaCitiesV2.ts(276,2239): error TS1434: Unexpected keyword or identifier.
lib/visualLab/data/poiExtraGuatemalaCitiesV2.ts(276,2257): error TS1127: Invalid character.
lib/visualLab/data/poiExtraGuatemalaCitiesV2.ts(276,2261): error TS1003: Identifier expected.
lib/visualLab/data/poiExtraGuatemalaCitiesV2.ts(276,2265): error TS1002: Unterminated string literal.
lib/visualLab/data/poiExtraGuatemalaCitiesV2.ts(277,343): error TS1005: ';' expected.
lib/visualLab/data/poiExtraGuatemalaCitiesV2.ts(277,642): error TS1005: ';' expected.
lib/visualLab/data/poiExtraGuatemalaCitiesV2.ts(277,650): error TS1005: ';' expected.
lib/visualLab/data/poiExtraGuatemalaCitiesV2.ts(278,4): error TS1128: Declaration or statement expected.
lib/visualLab/data/poiExtraGuatemalaCitiesV2.ts(281,9): error TS1005: ';' expected.
lib/visualLab/data/poiExtraGuatemalaCitiesV2.ts(282,11): error TS1005: ';' expected.
lib/visualLab/data/poiExtraGuatemalaCitiesV2.ts(283,11): error TS1005: ';' expected.
lib/visualLab/data/poiExtraGuatemalaCitiesV2.ts(284,9): error TS1005: ';' expected.
lib/visualLab/data/poiExtraGuatemalaCitiesV2.ts(284,42): error TS1005: ';' expected.
lib/visualLab/data/poiExtraGuatemalaCitiesV2.ts(284,69): error TS1005: ';' expected.
lib/visualLab/data/poiExtraGuatemalaCitiesV2.ts(284,96): error TS1005: ';' expected.
lib/visualLab/data/poiExtraGuatemalaCitiesV2.ts(284,121): error TS1128: Declaration or statement expected.
lib/visualLab/data/poiExtraGuatemalaCitiesV2.ts(285,120): error TS1005: ';' expected.
lib/visualLab/data/poiExtraGuatemalaCitiesV2.ts(285,227): error TS1005: ';' expected.
lib/visualLab/data/poiExtraGuatemalaCitiesV2.ts(285,322): error TS1005: ';' expected.
lib/visualLab/data/poiExtraGuatemalaCitiesV2.ts(285,410): error TS1128: Declaration or statement expected.
lib/visualLab/data/poiExtraGuatemalaCitiesV2.ts(286,110): error TS1005: ';' expected.
lib/visualLab/data/poiExtraGuatemalaCitiesV2.ts(286,196): error TS1005: ';' expected.
lib/visualLab/data/poiExtraGuatemalaCitiesV2.ts(286,288): error TS1005: ';' expected.
lib/visualLab/data/poiExtraGuatemalaCitiesV2.ts(286,369): error TS1128: Declaration or statement expected.
lib/visualLab/data/poiExtraGuatemalaCitiesV2.ts(287,631): error TS1005: ';' expected.
lib/visualLab/data/poiExtraGuatemalaCitiesV2.ts(287,1189): error TS1005: ';' expected.
lib/visualLab/data/poiExtraGuatemalaCitiesV2.ts(287,1745): error TS1005: ';' expected.
lib/visualLab/data/poiExtraGuatemalaCitiesV2.ts(287,2503): error TS1005: ';' expected.
lib/visualLab/data/poiExtraGuatemalaCitiesV2.ts(287,2520): error TS1005: ';' expected.
lib/visualLab/data/poiExtraGuatemalaCitiesV2.ts(287,2525): error TS1434: Unexpected keyword or identifier.
lib/visualLab/data/poiExtraGuatemalaCitiesV2.ts(287,2533): error TS1434: Unexpected keyword or identifier.
lib/visualLab/data/poiExtraGuatemalaCitiesV2.ts(287,2537): error TS1434: Unexpected keyword or identifier.
lib/visualLab/data/poiExtraGuatemalaCitiesV2.ts(287,2549): error TS1434: Unexpected keyword or identifier.
lib/visualLab/data/poiExtraGuatemalaCitiesV2.ts(287,2565): error TS1003: Identifier expected.
lib/visualLab/data/poiExtraGuatemalaCitiesV2.ts(287,2569): error TS1002: Unterminated string literal.
lib/visualLab/data/poiExtraGuatemalaCitiesV2.ts(288,359): error TS1005: ';' expected.
lib/visualLab/data/poiExtraGuatemalaCitiesV2.ts(288,678): error TS1005: ';' expected.
lib/visualLab/data/poiExtraGuatemalaCitiesV2.ts(288,1147): error TS1005: ';' expected.
lib/visualLab/data/poiExtraGuatemalaCitiesV2.ts(289,4): error TS1128: Declaration or statement expected.
lib/visualLab/data/poiExtraGuatemalaCitiesV2.ts(292,9): error TS1005: ';' expected.
lib/visualLab/data/poiExtraGuatemalaCitiesV2.ts(293,11): error TS1005: ';' expected.
lib/visualLab/data/poiExtraGuatemalaCitiesV2.ts(294,11): error TS1005: ';' expected.
lib/visualLab/data/poiExtraGuatemalaCitiesV2.ts(295,9): error TS1005: ';' expected.
lib/visualLab/data/poiExtraGuatemalaCitiesV2.ts(295,30): error TS1005: ';' expected.
lib/visualLab/data/poiExtraGuatemalaCitiesV2.ts(295,45): error TS1005: ';' expected.
lib/visualLab/data/poiExtraGuatemalaCitiesV2.ts(295,60): error TS1005: ';' expected.
lib/visualLab/data/poiExtraGuatemalaCitiesV2.ts(295,73): error TS1128: Declaration or statement expected.
lib/visualLab/data/poiExtraGuatemalaCitiesV2.ts(296,89): error TS1005: ';' expected.
lib/visualLab/data/poiExtraGuatemalaCitiesV2.ts(296,159): error TS1005: ';' expected.
lib/visualLab/data/poiExtraGuatemalaCitiesV2.ts(296,220): error TS1005: ';' expected.
lib/visualLab/data/poiExtraGuatemalaCitiesV2.ts(296,281): error TS1128: Declaration or statement expected.
lib/visualLab/data/poiExtraGuatemalaCitiesV2.ts(297,115): error TS1005: ';' expected.
lib/visualLab/data/poiExtraGuatemalaCitiesV2.ts(297,213): error TS1005: ';' expected.
lib/visualLab/data/poiExtraGuatemalaCitiesV2.ts(297,306): error TS1005: ';' expected.
lib/visualLab/data/poiExtraGuatemalaCitiesV2.ts(297,401): error TS1128: Declaration or statement expected.
lib/visualLab/data/poiExtraGuatemalaCitiesV2.ts(298,648): error TS1005: ';' expected.
lib/visualLab/data/poiExtraGuatemalaCitiesV2.ts(298,1213): error TS1005: ';' expected.
lib/visualLab/data/poiExtraGuatemalaCitiesV2.ts(298,1737): error TS1005: ';' expected.
lib/visualLab/data/poiExtraGuatemalaCitiesV2.ts(298,2454): error TS1128: Declaration or statement expected.
lib/visualLab/data/poiExtraGuatemalaCitiesV2.ts(299,364): error TS1005: ';' expected.
lib/visualLab/data/poiExtraGuatemalaCitiesV2.ts(299,655): error TS1005: ';' expected.
lib/visualLab/data/poiExtraGuatemalaCitiesV2.ts(299,1113): error TS1005: ';' expected.
lib/visualLab/data/poiExtraGuatemalaCitiesV2.ts(300,4): error TS1128: Declaration or statement expected.
lib/visualLab/data/poiExtraGuatemalaCitiesV2.ts(303,9): error TS1005: ';' expected.
lib/visualLab/data/poiExtraGuatemalaCitiesV2.ts(304,11): error TS1005: ';' expected.
lib/visualLab/data/poiExtraGuatemalaCitiesV2.ts(305,11): error TS1005: ';' expected.
lib/visualLab/data/poiExtraGuatemalaCitiesV2.ts(306,9): error TS1005: ';' expected.
lib/visualLab/data/poiExtraGuatemalaCitiesV2.ts(306,45): error TS1005: ';' expected.
lib/visualLab/data/poiExtraGuatemalaCitiesV2.ts(306,75): error TS1005: ';' expected.
lib/visualLab/data/poiExtraGuatemalaCitiesV2.ts(306,105): error TS1005: ';' expected.
lib/visualLab/data/poiExtraGuatemalaCitiesV2.ts(306,133): error TS1128: Declaration or statement expected.
lib/visualLab/data/poiExtraGuatemalaCitiesV2.ts(307,104): error TS1005: ';' expected.
lib/visualLab/data/poiExtraGuatemalaCitiesV2.ts(307,179): error TS1005: ';' expected.
lib/visualLab/data/poiExtraGuatemalaCitiesV2.ts(307,261): error TS1005: ';' expected.
lib/visualLab/data/poiExtraGuatemalaCitiesV2.ts(307,325): error TS1128: Declaration or statement expected.
lib/visualLab/data/poiExtraGuatemalaCitiesV2.ts(308,90): error TS1005: ';' expected.
lib/visualLab/data/poiExtraGuatemalaCitiesV2.ts(308,179): error TS1005: ';' expected.
lib/visualLab/data/poiExtraGuatemalaCitiesV2.ts(308,263): error TS1005: ';' expected.
lib/visualLab/data/poiExtraGuatemalaCitiesV2.ts(308,340): error TS1128: Declaration or statement expected.
lib/visualLab/data/poiExtraGuatemalaCitiesV2.ts(309,583): error TS1005: ';' expected.
lib/visualLab/data/poiExtraGuatemalaCitiesV2.ts(309,1092): error TS1005: ';' expected.
lib/visualLab/data/poiExtraGuatemalaCitiesV2.ts(309,1652): error TS1005: ';' expected.
lib/visualLab/data/poiExtraGuatemalaCitiesV2.ts(309,2436): error TS1005: ';' expected.
lib/visualLab/data/poiExtraGuatemalaCitiesV2.ts(309,2440): error TS1434: Unexpected keyword or identifier.
lib/visualLab/data/poiExtraGuatemalaCitiesV2.ts(309,2450): error TS1127: Invalid character.
lib/visualLab/data/poiExtraGuatemalaCitiesV2.ts(309,2451): error TS1434: Unexpected keyword or identifier.
lib/visualLab/data/poiExtraGuatemalaCitiesV2.ts(309,2453): error TS1434: Unexpected keyword or identifier.
lib/visualLab/data/poiExtraGuatemalaCitiesV2.ts(309,2458): error TS1434: Unexpected keyword or identifier.
lib/visualLab/data/poiExtraGuatemalaCitiesV2.ts(309,2486): error TS1005: ';' expected.
lib/visualLab/data/poiExtraGuatemalaCitiesV2.ts(309,2496): error TS1434: Unexpected keyword or identifier.
lib/visualLab/data/poiExtraGuatemalaCitiesV2.ts(309,2503): error TS1434: Unexpected keyword or identifier.
lib/visualLab/data/poiExtraGuatemalaCitiesV2.ts(309,2510): error TS1434: Unexpected keyword or identifier.
lib/visualLab/data/poiExtraGuatemalaCitiesV2.ts(309,2514): error TS1434: Unexpected keyword or identifier.
lib/visualLab/data/poiExtraGuatemalaCitiesV2.ts(309,2518): error TS1434: Unexpected keyword or identifier.
lib/visualLab/data/poiExtraGuatemalaCitiesV2.ts(309,2530): error TS1127: Invalid character.
lib/visualLab/data/poiExtraGuatemalaCitiesV2.ts(309,2531): error TS1434: Unexpected keyword or identifier.
lib/visualLab/data/poiExtraGuatemalaCitiesV2.ts(309,2535): error TS1434: Unexpected keyword or identifier.
lib/visualLab/data/poiExtraGuatemalaCitiesV2.ts(309,2539): error TS1434: Unexpected keyword or identifier.
lib/visualLab/data/poiExtraGuatemalaCitiesV2.ts(309,2543): error TS1434: Unexpected keyword or identifier.
lib/visualLab/data/poiExtraGuatemalaCitiesV2.ts(309,2555): error TS1434: Unexpected keyword or identifier.
lib/visualLab/data/poiExtraGuatemalaCitiesV2.ts(309,2559): error TS1434: Unexpected keyword or identifier.
lib/visualLab/data/poiExtraGuatemalaCitiesV2.ts(309,2565): error TS1434: Unexpected keyword or identifier.
lib/visualLab/data/poiExtraGuatemalaCitiesV2.ts(309,2569): error TS1434: Unexpected keyword or identifier.
lib/visualLab/data/poiExtraGuatemalaCitiesV2.ts(309,2576): error TS1434: Unexpected keyword or identifier.
lib/visualLab/data/poiExtraGuatemalaCitiesV2.ts(309,2582): error TS1434: Unexpected keyword or identifier.
lib/visualLab/data/poiExtraGuatemalaCitiesV2.ts(309,2589): error TS1434: Unexpected keyword or identifier.
lib/visualLab/data/poiExtraGuatemalaCitiesV2.ts(309,2596): error TS1127: Invalid character.
lib/visualLab/data/poiExtraGuatemalaCitiesV2.ts(309,2597): error TS1434: Unexpected keyword or identifier.
lib/visualLab/data/poiExtraGuatemalaCitiesV2.ts(309,2601): error TS1434: Unexpected keyword or identifier.
lib/visualLab/data/poiExtraGuatemalaCitiesV2.ts(309,2614): error TS1005: ';' expected.
lib/visualLab/data/poiExtraGuatemalaCitiesV2.ts(309,2621): error TS1434: Unexpected keyword or identifier.
lib/visualLab/data/poiExtraGuatemalaCitiesV2.ts(309,2632): error TS1434: Unexpected keyword or identifier.
lib/visualLab/data/poiExtraGuatemalaCitiesV2.ts(309,2637): error TS1434: Unexpected keyword or identifier.
lib/visualLab/data/poiExtraGuatemalaCitiesV2.ts(309,2643): error TS1434: Unexpected keyword or identifier.
lib/visualLab/data/poiExtraGuatemalaCitiesV2.ts(309,2647): error TS1434: Unexpected keyword or identifier.
lib/visualLab/data/poiExtraGuatemalaCitiesV2.ts(309,2653): error TS1434: Unexpected keyword or identifier.
lib/visualLab/data/poiExtraGuatemalaCitiesV2.ts(309,2657): error TS1434: Unexpected keyword or identifier.
lib/visualLab/data/poiExtraGuatemalaCitiesV2.ts(309,2664): error TS1434: Unexpected keyword or identifier.
lib/visualLab/data/poiExtraGuatemalaCitiesV2.ts(309,2668): error TS1434: Unexpected keyword or identifier.
lib/visualLab/data/poiExtraGuatemalaCitiesV2.ts(309,2672): error TS1434: Unexpected keyword or identifier.
lib/visualLab/data/poiExtraGuatemalaCitiesV2.ts(309,2685): error TS1434: Unexpected keyword or identifier.
lib/visualLab/data/poiExtraGuatemalaCitiesV2.ts(309,2689): error TS1434: Unexpected keyword or identifier.
lib/visualLab/data/poiExtraGuatemalaCitiesV2.ts(309,2706): error TS1127: Invalid character.
lib/visualLab/data/poiExtraGuatemalaCitiesV2.ts(309,2720): error TS1005: ';' expected.
lib/visualLab/data/poiExtraGuatemalaCitiesV2.ts(309,2724): error TS1434: Unexpected keyword or identifier.
lib/visualLab/data/poiExtraGuatemalaCitiesV2.ts(309,2733): error TS1434: Unexpected keyword or identifier.
lib/visualLab/data/poiExtraGuatemalaCitiesV2.ts(309,2740): error TS1434: Unexpected keyword or identifier.
lib/visualLab/data/poiExtraGuatemalaCitiesV2.ts(309,2744): error TS1434: Unexpected keyword or identifier.
lib/visualLab/data/poiExtraGuatemalaCitiesV2.ts(309,2748): error TS1434: Unexpected keyword or identifier.
lib/visualLab/data/poiExtraGuatemalaCitiesV2.ts(309,2763): error TS1127: Invalid character.
lib/visualLab/data/poiExtraGuatemalaCitiesV2.ts(309,2764): error TS1434: Unexpected keyword or identifier.
lib/visualLab/data/poiExtraGuatemalaCitiesV2.ts(309,2772): error TS1127: Invalid character.
lib/visualLab/data/poiExtraGuatemalaCitiesV2.ts(309,2773): error TS1434: Unexpected keyword or identifier.
lib/visualLab/data/poiExtraGuatemalaCitiesV2.ts(309,2775): error TS1434: Unexpected keyword or identifier.
lib/visualLab/data/poiExtraGuatemalaCitiesV2.ts(309,2780): error TS1127: Invalid character.
lib/visualLab/data/poiExtraGuatemalaCitiesV2.ts(309,2781): error TS1434: Unexpected keyword or identifier.
lib/visualLab/data/poiExtraGuatemalaCitiesV2.ts(309,2796): error TS1003: Identifier expected.
lib/visualLab/data/poiExtraGuatemalaCitiesV2.ts(309,2800): error TS1002: Unterminated string literal.
lib/visualLab/data/poiExtraGuatemalaCitiesV2.ts(310,347): error TS1005: ';' expected.
lib/visualLab/data/poiExtraGuatemalaCitiesV2.ts(310,640): error TS1005: ';' expected.
lib/visualLab/data/poiExtraGuatemalaCitiesV2.ts(310,1102): error TS1005: ';' expected.
lib/visualLab/data/poiExtraGuatemalaCitiesV2.ts(311,4): error TS1128: Declaration or statement expected.
lib/visualLab/data/poiExtraGuatemalaCitiesV2.ts(314,9): error TS1005: ';' expected.
lib/visualLab/data/poiExtraGuatemalaCitiesV2.ts(315,11): error TS1005: ';' expected.
lib/visualLab/data/poiExtraGuatemalaCitiesV2.ts(316,11): error TS1005: ';' expected.
lib/visualLab/data/poiExtraGuatemalaCitiesV2.ts(317,9): error TS1005: ';' expected.
lib/visualLab/data/poiExtraGuatemalaCitiesV2.ts(317,33): error TS1005: ';' expected.
lib/visualLab/data/poiExtraGuatemalaCitiesV2.ts(317,51): error TS1005: ';' expected.
lib/visualLab/data/poiExtraGuatemalaCitiesV2.ts(317,69): error TS1005: ';' expected.
lib/visualLab/data/poiExtraGuatemalaCitiesV2.ts(317,85): error TS1128: Declaration or statement expected.
lib/visualLab/data/poiExtraGuatemalaCitiesV2.ts(318,111): error TS1005: ';' expected.
lib/visualLab/data/poiExtraGuatemalaCitiesV2.ts(318,198): error TS1005: ';' expected.
lib/visualLab/data/poiExtraGuatemalaCitiesV2.ts(318,293): error TS1005: ';' expected.
lib/visualLab/data/poiExtraGuatemalaCitiesV2.ts(318,392): error TS1128: Declaration or statement expected.
lib/visualLab/data/poiExtraGuatemalaCitiesV2.ts(319,145): error TS1005: ';' expected.
lib/visualLab/data/poiExtraGuatemalaCitiesV2.ts(319,271): error TS1005: ';' expected.
lib/visualLab/data/poiExtraGuatemalaCitiesV2.ts(319,400): error TS1005: ';' expected.
lib/visualLab/data/poiExtraGuatemalaCitiesV2.ts(319,519): error TS1128: Declaration or statement expected.
lib/visualLab/data/poiExtraGuatemalaCitiesV2.ts(320,699): error TS1005: ';' expected.
lib/visualLab/data/poiExtraGuatemalaCitiesV2.ts(320,1349): error TS1005: ';' expected.
lib/visualLab/data/poiExtraGuatemalaCitiesV2.ts(320,1872): error TS1005: ';' expected.
lib/visualLab/data/poiExtraGuatemalaCitiesV2.ts(320,2646): error TS1128: Declaration or statement expected.
lib/visualLab/data/poiExtraGuatemalaCitiesV2.ts(321,383): error TS1005: ';' expected.
lib/visualLab/data/poiExtraGuatemalaCitiesV2.ts(321,703): error TS1005: ';' expected.
lib/visualLab/data/poiExtraGuatemalaCitiesV2.ts(321,1172): error TS1005: ';' expected.
lib/visualLab/data/poiExtraGuatemalaCitiesV2.ts(322,4): error TS1128: Declaration or statement expected.
lib/visualLab/data/poiExtraGuatemalaCitiesV2.ts(325,9): error TS1005: ';' expected.
lib/visualLab/data/poiExtraGuatemalaCitiesV2.ts(326,11): error TS1005: ';' expected.
lib/visualLab/data/poiExtraGuatemalaCitiesV2.ts(327,11): error TS1005: ';' expected.
lib/visualLab/data/poiExtraGuatemalaCitiesV2.ts(328,9): error TS1005: ';' expected.
lib/visualLab/data/poiExtraGuatemalaCitiesV2.ts(328,33): error TS1005: ';' expected.
lib/visualLab/data/poiExtraGuatemalaCitiesV2.ts(328,51): error TS1005: ';' expected.
lib/visualLab/data/poiExtraGuatemalaCitiesV2.ts(328,69): error TS1005: ';' expected.
lib/visualLab/data/poiExtraGuatemalaCitiesV2.ts(328,85): error TS1128: Declaration or statement expected.
lib/visualLab/data/poiExtraGuatemalaCitiesV2.ts(329,99): error TS1005: ';' expected.
lib/visualLab/data/poiExtraGuatemalaCitiesV2.ts(329,167): error TS1005: ';' expected.
lib/visualLab/data/poiExtraGuatemalaCitiesV2.ts(329,232): error TS1005: ';' expected.
lib/visualLab/data/poiExtraGuatemalaCitiesV2.ts(329,294): error TS1128: Declaration or statement expected.
lib/visualLab/data/poiExtraGuatemalaCitiesV2.ts(330,122): error TS1005: ';' expected.
lib/visualLab/data/poiExtraGuatemalaCitiesV2.ts(330,244): error TS1005: ';' expected.
lib/visualLab/data/poiExtraGuatemalaCitiesV2.ts(330,357): error TS1005: ';' expected.
lib/visualLab/data/poiExtraGuatemalaCitiesV2.ts(330,463): error TS1128: Declaration or statement expected.
lib/visualLab/data/poiExtraGuatemalaCitiesV2.ts(331,676): error TS1005: ';' expected.
lib/visualLab/data/poiExtraGuatemalaCitiesV2.ts(331,1295): error TS1005: ';' expected.
lib/visualLab/data/poiExtraGuatemalaCitiesV2.ts(331,1825): error TS1005: ';' expected.
lib/visualLab/data/poiExtraGuatemalaCitiesV2.ts(331,2582): error TS1128: Declaration or statement expected.
lib/visualLab/data/poiExtraGuatemalaCitiesV2.ts(332,334): error TS1005: ';' expected.
lib/visualLab/data/poiExtraGuatemalaCitiesV2.ts(332,673): error TS1005: ';' expected.
lib/visualLab/data/poiExtraGuatemalaCitiesV2.ts(332,1143): error TS1005: ';' expected.
lib/visualLab/data/poiExtraGuatemalaCitiesV2.ts(333,4): error TS1128: Declaration or statement expected.
lib/visualLab/data/poiExtraGuatemalaCitiesV2.ts(336,9): error TS1005: ';' expected.
lib/visualLab/data/poiExtraGuatemalaCitiesV2.ts(337,11): error TS1005: ';' expected.
lib/visualLab/data/poiExtraGuatemalaCitiesV2.ts(338,11): error TS1005: ';' expected.
lib/visualLab/data/poiExtraGuatemalaCitiesV2.ts(339,9): error TS1005: ';' expected.
lib/visualLab/data/poiExtraGuatemalaCitiesV2.ts(339,47): error TS1005: ';' expected.
lib/visualLab/data/poiExtraGuatemalaCitiesV2.ts(339,79): error TS1005: ';' expected.
lib/visualLab/data/poiExtraGuatemalaCitiesV2.ts(339,111): error TS1005: ';' expected.
lib/visualLab/data/poiExtraGuatemalaCitiesV2.ts(339,141): error TS1128: Declaration or statement expected.
lib/visualLab/data/poiExtraGuatemalaCitiesV2.ts(340,91): error TS1005: ';' expected.
lib/visualLab/data/poiExtraGuatemalaCitiesV2.ts(340,168): error TS1005: ';' expected.
lib/visualLab/data/poiExtraGuatemalaCitiesV2.ts(340,240): error TS1005: ';' expected.
lib/visualLab/data/poiExtraGuatemalaCitiesV2.ts(340,310): error TS1128: Declaration or statement expected.
lib/visualLab/data/poiExtraGuatemalaCitiesV2.ts(341,106): error TS1005: ';' expected.
lib/visualLab/data/poiExtraGuatemalaCitiesV2.ts(341,202): error TS1005: ';' expected.
lib/visualLab/data/poiExtraGuatemalaCitiesV2.ts(341,299): error TS1005: ';' expected.
lib/visualLab/data/poiExtraGuatemalaCitiesV2.ts(341,385): error TS1128: Declaration or statement expected.
lib/visualLab/data/poiExtraGuatemalaCitiesV2.ts(342,700): error TS1005: ';' expected.
lib/visualLab/data/poiExtraGuatemalaCitiesV2.ts(342,1339): error TS1005: ';' expected.
lib/visualLab/data/poiExtraGuatemalaCitiesV2.ts(342,1858): error TS1005: ';' expected.
lib/visualLab/data/poiExtraGuatemalaCitiesV2.ts(342,2595): error TS1128: Declaration or statement expected.
lib/visualLab/data/poiExtraGuatemalaCitiesV2.ts(343,363): error TS1005: ';' expected.
lib/visualLab/data/poiExtraGuatemalaCitiesV2.ts(343,690): error TS1005: ';' expected.
lib/visualLab/data/poiExtraGuatemalaCitiesV2.ts(343,1153): error TS1005: ';' expected.
lib/visualLab/data/poiExtraGuatemalaCitiesV2.ts(344,4): error TS1128: Declaration or statement expected.
lib/visualLab/data/poiExtraGuatemalaCitiesV2.ts(347,9): error TS1005: ';' expected.
lib/visualLab/data/poiExtraGuatemalaCitiesV2.ts(348,11): error TS1005: ';' expected.
lib/visualLab/data/poiExtraGuatemalaCitiesV2.ts(349,11): error TS1005: ';' expected.
lib/visualLab/data/poiExtraGuatemalaCitiesV2.ts(350,9): error TS1005: ';' expected.
lib/visualLab/data/poiExtraGuatemalaCitiesV2.ts(350,32): error TS1005: ';' expected.
lib/visualLab/data/poiExtraGuatemalaCitiesV2.ts(350,49): error TS1005: ';' expected.
lib/visualLab/data/poiExtraGuatemalaCitiesV2.ts(350,66): error TS1005: ';' expected.
lib/visualLab/data/poiExtraGuatemalaCitiesV2.ts(350,81): error TS1128: Declaration or statement expected.
lib/visualLab/data/poiExtraGuatemalaCitiesV2.ts(351,89): error TS1005: ';' expected.
lib/visualLab/data/poiExtraGuatemalaCitiesV2.ts(351,141): error TS1005: ';' expected.
lib/visualLab/data/poiExtraGuatemalaCitiesV2.ts(351,203): error TS1005: ';' expected.
lib/visualLab/data/poiExtraGuatemalaCitiesV2.ts(351,266): error TS1128: Declaration or statement expected.
lib/visualLab/data/poiExtraGuatemalaCitiesV2.ts(352,81): error TS1005: ';' expected.
lib/visualLab/data/poiExtraGuatemalaCitiesV2.ts(352,163): error TS1005: ';' expected.
lib/visualLab/data/poiExtraGuatemalaCitiesV2.ts(352,253): error TS1005: ';' expected.
lib/visualLab/data/poiExtraGuatemalaCitiesV2.ts(352,325): error TS1128: Declaration or statement expected.
lib/visualLab/data/poiExtraGuatemalaCitiesV2.ts(353,675): error TS1005: ';' expected.
lib/visualLab/data/poiExtraGuatemalaCitiesV2.ts(353,1299): error TS1005: ';' expected.
lib/visualLab/data/poiExtraGuatemalaCitiesV2.ts(353,1831): error TS1005: ';' expected.
lib/visualLab/data/poiExtraGuatemalaCitiesV2.ts(353,2599): error TS1128: Declaration or statement expected.
lib/visualLab/data/poiExtraGuatemalaCitiesV2.ts(354,363): error TS1005: ';' expected.
lib/visualLab/data/poiExtraGuatemalaCitiesV2.ts(354,683): error TS1005: ';' expected.
lib/visualLab/data/poiExtraGuatemalaCitiesV2.ts(354,1121): error TS1005: ';' expected.
lib/visualLab/data/poiExtraGuatemalaCitiesV2.ts(355,4): error TS1128: Declaration or statement expected.
lib/visualLab/data/poiExtraGuatemalaCitiesV2.ts(358,9): error TS1005: ';' expected.
lib/visualLab/data/poiExtraGuatemalaCitiesV2.ts(359,11): error TS1005: ';' expected.
lib/visualLab/data/poiExtraGuatemalaCitiesV2.ts(360,11): error TS1005: ';' expected.
lib/visualLab/data/poiExtraGuatemalaCitiesV2.ts(361,9): error TS1005: ';' expected.
lib/visualLab/data/poiExtraGuatemalaCitiesV2.ts(361,30): error TS1005: ';' expected.
lib/visualLab/data/poiExtraGuatemalaCitiesV2.ts(361,45): error TS1005: ';' expected.
lib/visualLab/data/poiExtraGuatemalaCitiesV2.ts(361,60): error TS1005: ';' expected.
lib/visualLab/data/poiExtraGuatemalaCitiesV2.ts(361,73): error TS1128: Declaration or statement expected.
lib/visualLab/data/poiExtraGuatemalaCitiesV2.ts(362,110): error TS1005: ';' expected.
lib/visualLab/data/poiExtraGuatemalaCitiesV2.ts(362,182): error TS1005: ';' expected.
lib/visualLab/data/poiExtraGuatemalaCitiesV2.ts(362,272): error TS1005: ';' expected.
lib/visualLab/data/poiExtraGuatemalaCitiesV2.ts(362,349): error TS1128: Declaration or statement expected.
lib/visualLab/data/poiExtraGuatemalaCitiesV2.ts(363,122): error TS1005: ';' expected.
lib/visualLab/data/poiExtraGuatemalaCitiesV2.ts(363,222): error TS1005: ';' expected.
lib/visualLab/data/poiExtraGuatemalaCitiesV2.ts(363,333): error TS1005: ';' expected.
lib/visualLab/data/poiExtraGuatemalaCitiesV2.ts(363,430): error TS1128: Declaration or statement expected.
lib/visualLab/data/poiExtraGuatemalaCitiesV2.ts(364,751): error TS1005: ';' expected.
lib/visualLab/data/poiExtraGuatemalaCitiesV2.ts(364,1388): error TS1005: ';' expected.
lib/visualLab/data/poiExtraGuatemalaCitiesV2.ts(364,1923): error TS1005: ';' expected.
lib/visualLab/data/poiExtraGuatemalaCitiesV2.ts(364,2682): error TS1128: Declaration or statement expected.
lib/visualLab/data/poiExtraGuatemalaCitiesV2.ts(365,350): error TS1005: ';' expected.
lib/visualLab/data/poiExtraGuatemalaCitiesV2.ts(365,661): error TS1005: ';' expected.
lib/visualLab/data/poiExtraGuatemalaCitiesV2.ts(365,1138): error TS1005: ';' expected.
lib/visualLab/data/poiExtraGuatemalaCitiesV2.ts(366,4): error TS1128: Declaration or statement expected.
lib/visualLab/data/poiExtraGuatemalaCitiesV2.ts(369,9): error TS1005: ';' expected.
lib/visualLab/data/poiExtraGuatemalaCitiesV2.ts(370,11): error TS1005: ';' expected.
lib/visualLab/data/poiExtraGuatemalaCitiesV2.ts(371,11): error TS1005: ';' expected.
lib/visualLab/data/poiExtraGuatemalaCitiesV2.ts(372,9): error TS1005: ';' expected.
lib/visualLab/data/poiExtraGuatemalaCitiesV2.ts(372,31): error TS1005: ';' expected.
lib/visualLab/data/poiExtraGuatemalaCitiesV2.ts(372,47): error TS1005: ';' expected.
lib/visualLab/data/poiExtraGuatemalaCitiesV2.ts(372,63): error TS1005: ';' expected.
lib/visualLab/data/poiExtraGuatemalaCitiesV2.ts(372,77): error TS1128: Declaration or statement expected.
lib/visualLab/data/poiExtraGuatemalaCitiesV2.ts(373,92): error TS1005: ';' expected.
lib/visualLab/data/poiExtraGuatemalaCitiesV2.ts(373,154): error TS1005: ';' expected.
lib/visualLab/data/poiExtraGuatemalaCitiesV2.ts(373,227): error TS1005: ';' expected.
lib/visualLab/data/poiExtraGuatemalaCitiesV2.ts(373,290): error TS1128: Declaration or statement expected.
lib/visualLab/data/poiExtraGuatemalaCitiesV2.ts(374,116): error TS1005: ';' expected.
lib/visualLab/data/poiExtraGuatemalaCitiesV2.ts(374,221): error TS1005: ';' expected.
lib/visualLab/data/poiExtraGuatemalaCitiesV2.ts(374,319): error TS1005: ';' expected.
lib/visualLab/data/poiExtraGuatemalaCitiesV2.ts(374,414): error TS1128: Declaration or statement expected.
lib/visualLab/data/poiExtraGuatemalaCitiesV2.ts(375,678): error TS1005: ';' expected.
lib/visualLab/data/poiExtraGuatemalaCitiesV2.ts(375,1325): error TS1005: ';' expected.
lib/visualLab/data/poiExtraGuatemalaCitiesV2.ts(375,1888): error TS1005: ';' expected.
lib/visualLab/data/poiExtraGuatemalaCitiesV2.ts(375,2667): error TS1005: ';' expected.
lib/visualLab/data/poiExtraGuatemalaCitiesV2.ts(375,2667): error TS1434: Unexpected keyword or identifier.
lib/visualLab/data/poiExtraGuatemalaCitiesV2.ts(375,3261): error TS1002: Unterminated string literal.
lib/visualLab/data/poiExtraGuatemalaCitiesV2.ts(376,354): error TS1005: ';' expected.
lib/visualLab/data/poiExtraGuatemalaCitiesV2.ts(376,644): error TS1005: ';' expected.
lib/visualLab/data/poiExtraGuatemalaCitiesV2.ts(376,1098): error TS1005: ';' expected.
lib/visualLab/data/poiExtraGuatemalaCitiesV2.ts(377,4): error TS1128: Declaration or statement expected.
lib/visualLab/data/poiExtraGuatemalaCitiesV2.ts(380,9): error TS1005: ';' expected.
lib/visualLab/data/poiExtraGuatemalaCitiesV2.ts(381,11): error TS1005: ';' expected.
lib/visualLab/data/poiExtraGuatemalaCitiesV2.ts(382,11): error TS1005: ';' expected.
lib/visualLab/data/poiExtraGuatemalaCitiesV2.ts(383,9): error TS1005: ';' expected.
lib/visualLab/data/poiExtraGuatemalaCitiesV2.ts(383,30): error TS1005: ';' expected.
lib/visualLab/data/poiExtraGuatemalaCitiesV2.ts(383,45): error TS1005: ';' expected.
lib/visualLab/data/poiExtraGuatemalaCitiesV2.ts(383,60): error TS1005: ';' expected.
lib/visualLab/data/poiExtraGuatemalaCitiesV2.ts(383,73): error TS1128: Declaration or statement expected.
lib/visualLab/data/poiExtraGuatemalaCitiesV2.ts(384,97): error TS1005: ';' expected.
lib/visualLab/data/poiExtraGuatemalaCitiesV2.ts(384,167): error TS1005: ';' expected.
lib/visualLab/data/poiExtraGuatemalaCitiesV2.ts(384,245): error TS1005: ';' expected.
lib/visualLab/data/poiExtraGuatemalaCitiesV2.ts(384,317): error TS1128: Declaration or statement expected.
lib/visualLab/data/poiExtraGuatemalaCitiesV2.ts(385,86): error TS1005: ';' expected.
lib/visualLab/data/poiExtraGuatemalaCitiesV2.ts(385,162): error TS1005: ';' expected.
lib/visualLab/data/poiExtraGuatemalaCitiesV2.ts(385,238): error TS1005: ';' expected.
lib/visualLab/data/poiExtraGuatemalaCitiesV2.ts(385,308): error TS1128: Declaration or statement expected.
lib/visualLab/data/poiExtraGuatemalaCitiesV2.ts(386,713): error TS1005: ';' expected.
lib/visualLab/data/poiExtraGuatemalaCitiesV2.ts(386,1318): error TS1005: ';' expected.
lib/visualLab/data/poiExtraGuatemalaCitiesV2.ts(386,1907): error TS1005: ';' expected.
lib/visualLab/data/poiExtraGuatemalaCitiesV2.ts(386,2673): error TS1005: ';' expected.
lib/visualLab/data/poiExtraGuatemalaCitiesV2.ts(386,2673): error TS1434: Unexpected keyword or identifier.
lib/visualLab/data/poiExtraGuatemalaCitiesV2.ts(386,3249): error TS1002: Unterminated string literal.
lib/visualLab/data/poiExtraGuatemalaCitiesV2.ts(387,369): error TS1005: ';' expected.
lib/visualLab/data/poiExtraGuatemalaCitiesV2.ts(387,691): error TS1005: ';' expected.
lib/visualLab/data/poiExtraGuatemalaCitiesV2.ts(387,1131): error TS1005: ';' expected.
lib/visualLab/data/poiExtraGuatemalaCitiesV2.ts(388,4): error TS1128: Declaration or statement expected.
lib/visualLab/data/poiExtraGuatemalaCitiesV2.ts(391,9): error TS1005: ';' expected.
lib/visualLab/data/poiExtraGuatemalaCitiesV2.ts(392,11): error TS1005: ';' expected.
lib/visualLab/data/poiExtraGuatemalaCitiesV2.ts(393,11): error TS1005: ';' expected.
lib/visualLab/data/poiExtraGuatemalaCitiesV2.ts(394,9): error TS1005: ';' expected.
lib/visualLab/data/poiExtraGuatemalaCitiesV2.ts(394,30): error TS1005: ';' expected.
lib/visualLab/data/poiExtraGuatemalaCitiesV2.ts(394,45): error TS1005: ';' expected.
lib/visualLab/data/poiExtraGuatemalaCitiesV2.ts(394,60): error TS1005: ';' expected.
lib/visualLab/data/poiExtraGuatemalaCitiesV2.ts(394,73): error TS1128: Declaration or statement expected.
lib/visualLab/data/poiExtraGuatemalaCitiesV2.ts(395,91): error TS1005: ';' expected.
lib/visualLab/data/poiExtraGuatemalaCitiesV2.ts(395,156): error TS1005: ';' expected.
lib/visualLab/data/poiExtraGuatemalaCitiesV2.ts(395,220): error TS1005: ';' expected.
lib/visualLab/data/poiExtraGuatemalaCitiesV2.ts(395,280): error TS1128: Declaration or statement expected.
lib/visualLab/data/poiExtraGuatemalaCitiesV2.ts(396,115): error TS1005: ';' expected.
lib/visualLab/data/poiExtraGuatemalaCitiesV2.ts(396,221): error TS1005: ';' expected.
lib/visualLab/data/poiExtraGuatemalaCitiesV2.ts(396,327): error TS1005: ';' expected.
lib/visualLab/data/poiExtraGuatemalaCitiesV2.ts(396,420): error TS1128: Declaration or statement expected.
lib/visualLab/data/poiExtraGuatemalaCitiesV2.ts(397,699): error TS1005: ';' expected.
lib/visualLab/data/poiExtraGuatemalaCitiesV2.ts(397,1339): error TS1005: ';' expected.
lib/visualLab/data/poiExtraGuatemalaCitiesV2.ts(397,1861): error TS1005: ';' expected.
lib/visualLab/data/poiExtraGuatemalaCitiesV2.ts(397,2600): error TS1128: Declaration or statement expected.
lib/visualLab/data/poiExtraGuatemalaCitiesV2.ts(398,358): error TS1005: ';' expected.
lib/visualLab/data/poiExtraGuatemalaCitiesV2.ts(398,682): error TS1005: ';' expected.
lib/visualLab/data/poiExtraGuatemalaCitiesV2.ts(398,1132): error TS1005: ';' expected.
lib/visualLab/data/poiExtraGuatemalaCitiesV2.ts(399,4): error TS1128: Declaration or statement expected.
lib/visualLab/data/poiExtraGuatemalaCitiesV2.ts(402,9): error TS1005: ';' expected.
lib/visualLab/data/poiExtraGuatemalaCitiesV2.ts(403,11): error TS1005: ';' expected.
lib/visualLab/data/poiExtraGuatemalaCitiesV2.ts(404,11): error TS1005: ';' expected.
lib/visualLab/data/poiExtraGuatemalaCitiesV2.ts(405,9): error TS1005: ';' expected.
lib/visualLab/data/poiExtraGuatemalaCitiesV2.ts(405,37): error TS1005: ';' expected.
lib/visualLab/data/poiExtraGuatemalaCitiesV2.ts(405,59): error TS1005: ';' expected.
lib/visualLab/data/poiExtraGuatemalaCitiesV2.ts(405,81): error TS1005: ';' expected.
lib/visualLab/data/poiExtraGuatemalaCitiesV2.ts(405,101): error TS1128: Declaration or statement expected.
lib/visualLab/data/poiExtraGuatemalaCitiesV2.ts(406,90): error TS1005: ';' expected.
lib/visualLab/data/poiExtraGuatemalaCitiesV2.ts(406,155): error TS1005: ';' expected.
lib/visualLab/data/poiExtraGuatemalaCitiesV2.ts(406,229): error TS1005: ';' expected.
lib/visualLab/data/poiExtraGuatemalaCitiesV2.ts(406,299): error TS1128: Declaration or statement expected.
lib/visualLab/data/poiExtraGuatemalaCitiesV2.ts(407,109): error TS1005: ';' expected.
lib/visualLab/data/poiExtraGuatemalaCitiesV2.ts(407,210): error TS1005: ';' expected.
lib/visualLab/data/poiExtraGuatemalaCitiesV2.ts(407,305): error TS1005: ';' expected.
lib/visualLab/data/poiExtraGuatemalaCitiesV2.ts(407,388): error TS1128: Declaration or statement expected.
lib/visualLab/data/poiExtraGuatemalaCitiesV2.ts(408,707): error TS1005: ';' expected.
lib/visualLab/data/poiExtraGuatemalaCitiesV2.ts(408,1388): error TS1005: ';' expected.
lib/visualLab/data/poiExtraGuatemalaCitiesV2.ts(408,1921): error TS1005: ';' expected.
lib/visualLab/data/poiExtraGuatemalaCitiesV2.ts(408,2685): error TS1128: Declaration or statement expected.
lib/visualLab/data/poiExtraGuatemalaCitiesV2.ts(409,365): error TS1005: ';' expected.
lib/visualLab/data/poiExtraGuatemalaCitiesV2.ts(409,685): error TS1005: ';' expected.
lib/visualLab/data/poiExtraGuatemalaCitiesV2.ts(409,1107): error TS1005: ';' expected.
lib/visualLab/data/poiExtraGuatemalaCitiesV2.ts(410,4): error TS1128: Declaration or statement expected.
lib/visualLab/data/poiExtraGuatemalaCitiesV2.ts(413,9): error TS1005: ';' expected.
lib/visualLab/data/poiExtraGuatemalaCitiesV2.ts(414,11): error TS1005: ';' expected.
lib/visualLab/data/poiExtraGuatemalaCitiesV2.ts(415,11): error TS1005: ';' expected.
lib/visualLab/data/poiExtraGuatemalaCitiesV2.ts(416,9): error TS1005: ';' expected.
lib/visualLab/data/poiExtraGuatemalaCitiesV2.ts(416,30): error TS1005: ';' expected.
lib/visualLab/data/poiExtraGuatemalaCitiesV2.ts(416,45): error TS1005: ';' expected.
lib/visualLab/data/poiExtraGuatemalaCitiesV2.ts(416,60): error TS1005: ';' expected.
lib/visualLab/data/poiExtraGuatemalaCitiesV2.ts(416,73): error TS1128: Declaration or statement expected.
lib/visualLab/data/poiExtraGuatemalaCitiesV2.ts(417,73): error TS1005: ';' expected.
lib/visualLab/data/poiExtraGuatemalaCitiesV2.ts(417,126): error TS1005: ';' expected.
lib/visualLab/data/poiExtraGuatemalaCitiesV2.ts(417,183): error TS1005: ';' expected.
lib/visualLab/data/poiExtraGuatemalaCitiesV2.ts(417,242): error TS1128: Declaration or statement expected.
lib/visualLab/data/poiExtraGuatemalaCitiesV2.ts(418,105): error TS1005: ';' expected.
lib/visualLab/data/poiExtraGuatemalaCitiesV2.ts(418,208): error TS1005: ';' expected.
lib/visualLab/data/poiExtraGuatemalaCitiesV2.ts(418,295): error TS1005: ';' expected.
lib/visualLab/data/poiExtraGuatemalaCitiesV2.ts(418,385): error TS1128: Declaration or statement expected.
lib/visualLab/data/poiExtraGuatemalaCitiesV2.ts(419,679): error TS1005: ';' expected.
lib/visualLab/data/poiExtraGuatemalaCitiesV2.ts(419,1317): error TS1005: ';' expected.
lib/visualLab/data/poiExtraGuatemalaCitiesV2.ts(419,1854): error TS1005: ';' expected.
lib/visualLab/data/poiExtraGuatemalaCitiesV2.ts(419,2593): error TS1128: Declaration or statement expected.
lib/visualLab/data/poiExtraGuatemalaCitiesV2.ts(420,346): error TS1005: ';' expected.
lib/visualLab/data/poiExtraGuatemalaCitiesV2.ts(420,647): error TS1005: ';' expected.
lib/visualLab/data/poiExtraGuatemalaCitiesV2.ts(420,1145): error TS1005: ';' expected.
lib/visualLab/data/poiExtraGuatemalaCitiesV2.ts(421,4): error TS1128: Declaration or statement expected.
lib/visualLab/data/poiExtraGuatemalaCitiesV2.ts(424,9): error TS1005: ';' expected.
lib/visualLab/data/poiExtraGuatemalaCitiesV2.ts(425,11): error TS1005: ';' expected.
lib/visualLab/data/poiExtraGuatemalaCitiesV2.ts(426,11): error TS1005: ';' expected.
lib/visualLab/data/poiExtraGuatemalaCitiesV2.ts(427,9): error TS1005: ';' expected.
lib/visualLab/data/poiExtraGuatemalaCitiesV2.ts(427,36): error TS1005: ';' expected.
lib/visualLab/data/poiExtraGuatemalaCitiesV2.ts(427,57): error TS1005: ';' expected.
lib/visualLab/data/poiExtraGuatemalaCitiesV2.ts(427,78): error TS1005: ';' expected.
lib/visualLab/data/poiExtraGuatemalaCitiesV2.ts(427,97): error TS1128: Declaration or statement expected.
lib/visualLab/data/poiExtraGuatemalaCitiesV2.ts(428,107): error TS1005: ';' expected.
lib/visualLab/data/poiExtraGuatemalaCitiesV2.ts(428,179): error TS1005: ';' expected.
lib/visualLab/data/poiExtraGuatemalaCitiesV2.ts(428,268): error TS1005: ';' expected.
lib/visualLab/data/poiExtraGuatemalaCitiesV2.ts(428,343): error TS1128: Declaration or statement expected.
lib/visualLab/data/poiExtraGuatemalaCitiesV2.ts(429,99): error TS1005: ';' expected.
lib/visualLab/data/poiExtraGuatemalaCitiesV2.ts(429,185): error TS1005: ';' expected.
lib/visualLab/data/poiExtraGuatemalaCitiesV2.ts(429,269): error TS1005: ';' expected.
lib/visualLab/data/poiExtraGuatemalaCitiesV2.ts(429,350): error TS1128: Declaration or statement expected.
lib/visualLab/data/poiExtraGuatemalaCitiesV2.ts(430,655): error TS1005: ';' expected.
lib/visualLab/data/poiExtraGuatemalaCitiesV2.ts(430,1270): error TS1005: ';' expected.
lib/visualLab/data/poiExtraGuatemalaCitiesV2.ts(430,1879): error TS1005: ';' expected.
lib/visualLab/data/poiExtraGuatemalaCitiesV2.ts(430,2638): error TS1128: Declaration or statement expected.
lib/visualLab/data/poiExtraGuatemalaCitiesV2.ts(431,344): error TS1005: ';' expected.
lib/visualLab/data/poiExtraGuatemalaCitiesV2.ts(431,639): error TS1005: ';' expected.
lib/visualLab/data/poiExtraGuatemalaCitiesV2.ts(431,1146): error TS1005: ';' expected.
lib/visualLab/data/poiExtraGuatemalaCitiesV2.ts(432,4): error TS1128: Declaration or statement expected.
lib/visualLab/data/poiExtraGuatemalaCitiesV2.ts(435,9): error TS1005: ';' expected.
lib/visualLab/data/poiExtraGuatemalaCitiesV2.ts(436,11): error TS1005: ';' expected.
lib/visualLab/data/poiExtraGuatemalaCitiesV2.ts(437,11): error TS1005: ';' expected.
lib/visualLab/data/poiExtraGuatemalaCitiesV2.ts(438,9): error TS1005: ';' expected.
lib/visualLab/data/poiExtraGuatemalaCitiesV2.ts(438,30): error TS1005: ';' expected.
lib/visualLab/data/poiExtraGuatemalaCitiesV2.ts(438,45): error TS1005: ';' expected.
lib/visualLab/data/poiExtraGuatemalaCitiesV2.ts(438,60): error TS1005: ';' expected.
lib/visualLab/data/poiExtraGuatemalaCitiesV2.ts(438,73): error TS1128: Declaration or statement expected.
lib/visualLab/data/poiExtraGuatemalaCitiesV2.ts(439,81): error TS1005: ';' expected.
lib/visualLab/data/poiExtraGuatemalaCitiesV2.ts(439,135): error TS1005: ';' expected.
lib/visualLab/data/poiExtraGuatemalaCitiesV2.ts(439,204): error TS1005: ';' expected.
lib/visualLab/data/poiExtraGuatemalaCitiesV2.ts(439,265): error TS1128: Declaration or statement expected.
lib/visualLab/data/poiExtraGuatemalaCitiesV2.ts(440,90): error TS1005: ';' expected.
lib/visualLab/data/poiExtraGuatemalaCitiesV2.ts(440,167): error TS1005: ';' expected.
lib/visualLab/data/poiExtraGuatemalaCitiesV2.ts(440,242): error TS1005: ';' expected.
lib/visualLab/data/poiExtraGuatemalaCitiesV2.ts(440,308): error TS1128: Declaration or statement expected.
lib/visualLab/data/poiExtraGuatemalaCitiesV2.ts(441,684): error TS1005: ';' expected.
lib/visualLab/data/poiExtraGuatemalaCitiesV2.ts(441,1290): error TS1005: ';' expected.
lib/visualLab/data/poiExtraGuatemalaCitiesV2.ts(441,1852): error TS1005: ';' expected.
lib/visualLab/data/poiExtraGuatemalaCitiesV2.ts(441,2622): error TS1128: Declaration or statement expected.
lib/visualLab/data/poiExtraGuatemalaCitiesV2.ts(442,339): error TS1005: ';' expected.
lib/visualLab/data/poiExtraGuatemalaCitiesV2.ts(442,645): error TS1005: ';' expected.
lib/visualLab/data/poiExtraGuatemalaCitiesV2.ts(442,1110): error TS1005: ';' expected.
lib/visualLab/data/poiExtraGuatemalaCitiesV2.ts(443,4): error TS1128: Declaration or statement expected.
lib/visualLab/data/poiExtraGuatemalaCitiesV2.ts(446,9): error TS1005: ';' expected.
lib/visualLab/data/poiExtraGuatemalaCitiesV2.ts(447,11): error TS1005: ';' expected.
lib/visualLab/data/poiExtraGuatemalaCitiesV2.ts(448,11): error TS1005: ';' expected.
lib/visualLab/data/poiExtraGuatemalaCitiesV2.ts(449,9): error TS1005: ';' expected.
lib/visualLab/data/poiExtraGuatemalaCitiesV2.ts(449,34): error TS1005: ';' expected.
lib/visualLab/data/poiExtraGuatemalaCitiesV2.ts(449,53): error TS1005: ';' expected.
lib/visualLab/data/poiExtraGuatemalaCitiesV2.ts(449,72): error TS1005: ';' expected.
lib/visualLab/data/poiExtraGuatemalaCitiesV2.ts(449,89): error TS1128: Declaration or statement expected.
lib/visualLab/data/poiExtraGuatemalaCitiesV2.ts(450,65): error TS1005: ';' expected.
lib/visualLab/data/poiExtraGuatemalaCitiesV2.ts(450,106): error TS1005: ';' expected.
lib/visualLab/data/poiExtraGuatemalaCitiesV2.ts(450,148): error TS1005: ';' expected.
lib/visualLab/data/poiExtraGuatemalaCitiesV2.ts(450,196): error TS1128: Declaration or statement expected.
lib/visualLab/data/poiExtraGuatemalaCitiesV2.ts(451,98): error TS1005: ';' expected.
lib/visualLab/data/poiExtraGuatemalaCitiesV2.ts(451,184): error TS1005: ';' expected.
lib/visualLab/data/poiExtraGuatemalaCitiesV2.ts(451,265): error TS1005: ';' expected.
lib/visualLab/data/poiExtraGuatemalaCitiesV2.ts(451,342): error TS1128: Declaration or statement expected.
lib/visualLab/data/poiExtraGuatemalaCitiesV2.ts(452,666): error TS1005: ';' expected.
lib/visualLab/data/poiExtraGuatemalaCitiesV2.ts(452,1299): error TS1005: ';' expected.
lib/visualLab/data/poiExtraGuatemalaCitiesV2.ts(452,1891): error TS1005: ';' expected.
lib/visualLab/data/poiExtraGuatemalaCitiesV2.ts(452,2670): error TS1128: Declaration or statement expected.
lib/visualLab/data/poiExtraGuatemalaCitiesV2.ts(453,355): error TS1005: ';' expected.
lib/visualLab/data/poiExtraGuatemalaCitiesV2.ts(453,658): error TS1005: ';' expected.
lib/visualLab/data/poiExtraGuatemalaCitiesV2.ts(453,1166): error TS1005: ';' expected.
lib/visualLab/data/poiExtraGuatemalaCitiesV2.ts(454,4): error TS1128: Declaration or statement expected.
lib/visualLab/data/poiExtraGuatemalaCitiesV2.ts(457,9): error TS1005: ';' expected.
lib/visualLab/data/poiExtraGuatemalaCitiesV2.ts(458,11): error TS1005: ';' expected.
lib/visualLab/data/poiExtraGuatemalaCitiesV2.ts(459,11): error TS1005: ';' expected.
lib/visualLab/data/poiExtraGuatemalaCitiesV2.ts(460,9): error TS1005: ';' expected.
lib/visualLab/data/poiExtraGuatemalaCitiesV2.ts(460,30): error TS1005: ';' expected.
lib/visualLab/data/poiExtraGuatemalaCitiesV2.ts(460,45): error TS1005: ';' expected.
lib/visualLab/data/poiExtraGuatemalaCitiesV2.ts(460,60): error TS1005: ';' expected.
lib/visualLab/data/poiExtraGuatemalaCitiesV2.ts(460,73): error TS1128: Declaration or statement expected.
lib/visualLab/data/poiExtraGuatemalaCitiesV2.ts(461,84): error TS1005: ';' expected.
lib/visualLab/data/poiExtraGuatemalaCitiesV2.ts(461,145): error TS1005: ';' expected.
lib/visualLab/data/poiExtraGuatemalaCitiesV2.ts(461,209): error TS1005: ';' expected.
lib/visualLab/data/poiExtraGuatemalaCitiesV2.ts(461,279): error TS1128: Declaration or statement expected.
lib/visualLab/data/poiExtraGuatemalaCitiesV2.ts(462,110): error TS1005: ';' expected.
lib/visualLab/data/poiExtraGuatemalaCitiesV2.ts(462,210): error TS1005: ';' expected.
lib/visualLab/data/poiExtraGuatemalaCitiesV2.ts(462,296): error TS1005: ';' expected.
lib/visualLab/data/poiExtraGuatemalaCitiesV2.ts(462,379): error TS1128: Declaration or statement expected.
lib/visualLab/data/poiExtraGuatemalaCitiesV2.ts(463,687): error TS1005: ';' expected.
lib/visualLab/data/poiExtraGuatemalaCitiesV2.ts(463,1324): error TS1005: ';' expected.
lib/visualLab/data/poiExtraGuatemalaCitiesV2.ts(463,1877): error TS1005: ';' expected.
lib/visualLab/data/poiExtraGuatemalaCitiesV2.ts(463,2614): error TS1128: Declaration or statement expected.
lib/visualLab/data/poiExtraGuatemalaCitiesV2.ts(464,372): error TS1005: ';' expected.
lib/visualLab/data/poiExtraGuatemalaCitiesV2.ts(464,671): error TS1005: ';' expected.
lib/visualLab/data/poiExtraGuatemalaCitiesV2.ts(464,1170): error TS1005: ';' expected.
lib/visualLab/data/poiExtraGuatemalaCitiesV2.ts(465,4): error TS1128: Declaration or statement expected.
lib/visualLab/data/poiExtraGuatemalaCitiesV2.ts(468,9): error TS1005: ';' expected.
lib/visualLab/data/poiExtraGuatemalaCitiesV2.ts(469,11): error TS1005: ';' expected.
lib/visualLab/data/poiExtraGuatemalaCitiesV2.ts(470,11): error TS1005: ';' expected.
lib/visualLab/data/poiExtraGuatemalaCitiesV2.ts(471,9): error TS1005: ';' expected.
lib/visualLab/data/poiExtraGuatemalaCitiesV2.ts(471,33): error TS1005: ';' expected.
lib/visualLab/data/poiExtraGuatemalaCitiesV2.ts(471,51): error TS1005: ';' expected.
lib/visualLab/data/poiExtraGuatemalaCitiesV2.ts(471,69): error TS1005: ';' expected.
lib/visualLab/data/poiExtraGuatemalaCitiesV2.ts(471,85): error TS1128: Declaration or statement expected.
lib/visualLab/data/poiExtraGuatemalaCitiesV2.ts(472,87): error TS1005: ';' expected.
lib/visualLab/data/poiExtraGuatemalaCitiesV2.ts(472,156): error TS1005: ';' expected.
lib/visualLab/data/poiExtraGuatemalaCitiesV2.ts(472,232): error TS1005: ';' expected.
lib/visualLab/data/poiExtraGuatemalaCitiesV2.ts(472,295): error TS1128: Declaration or statement expected.
lib/visualLab/data/poiExtraGuatemalaCitiesV2.ts(473,76): error TS1005: ';' expected.
lib/visualLab/data/poiExtraGuatemalaCitiesV2.ts(473,142): error TS1005: ';' expected.
lib/visualLab/data/poiExtraGuatemalaCitiesV2.ts(473,211): error TS1005: ';' expected.
lib/visualLab/data/poiExtraGuatemalaCitiesV2.ts(473,269): error TS1128: Declaration or statement expected.
lib/visualLab/data/poiExtraGuatemalaCitiesV2.ts(474,682): error TS1005: ';' expected.
lib/visualLab/data/poiExtraGuatemalaCitiesV2.ts(474,1311): error TS1005: ';' expected.
lib/visualLab/data/poiExtraGuatemalaCitiesV2.ts(474,1869): error TS1005: ';' expected.
lib/visualLab/data/poiExtraGuatemalaCitiesV2.ts(474,2572): error TS1128: Declaration or statement expected.
lib/visualLab/data/poiExtraGuatemalaCitiesV2.ts(475,346): error TS1005: ';' expected.
lib/visualLab/data/poiExtraGuatemalaCitiesV2.ts(475,651): error TS1005: ';' expected.
lib/visualLab/data/poiExtraGuatemalaCitiesV2.ts(475,1137): error TS1005: ';' expected.
lib/visualLab/data/poiExtraGuatemalaCitiesV2.ts(476,4): error TS1128: Declaration or statement expected.
lib/visualLab/data/poiExtraGuatemalaCitiesV2.ts(479,9): error TS1005: ';' expected.
lib/visualLab/data/poiExtraGuatemalaCitiesV2.ts(480,11): error TS1005: ';' expected.
lib/visualLab/data/poiExtraGuatemalaCitiesV2.ts(481,11): error TS1005: ';' expected.
lib/visualLab/data/poiExtraGuatemalaCitiesV2.ts(482,9): error TS1005: ';' expected.
lib/visualLab/data/poiExtraGuatemalaCitiesV2.ts(482,32): error TS1005: ';' expected.
lib/visualLab/data/poiExtraGuatemalaCitiesV2.ts(482,49): error TS1005: ';' expected.
lib/visualLab/data/poiExtraGuatemalaCitiesV2.ts(482,66): error TS1005: ';' expected.
lib/visualLab/data/poiExtraGuatemalaCitiesV2.ts(482,81): error TS1128: Declaration or statement expected.
lib/visualLab/data/poiExtraGuatemalaCitiesV2.ts(483,103): error TS1005: ';' expected.
lib/visualLab/data/poiExtraGuatemalaCitiesV2.ts(483,201): error TS1005: ';' expected.
lib/visualLab/data/poiExtraGuatemalaCitiesV2.ts(483,288): error TS1005: ';' expected.
lib/visualLab/data/poiExtraGuatemalaCitiesV2.ts(483,362): error TS1128: Declaration or statement expected.
lib/visualLab/data/poiExtraGuatemalaCitiesV2.ts(484,114): error TS1005: ';' expected.
lib/visualLab/data/poiExtraGuatemalaCitiesV2.ts(484,213): error TS1005: ';' expected.
lib/visualLab/data/poiExtraGuatemalaCitiesV2.ts(484,321): error TS1005: ';' expected.
lib/visualLab/data/poiExtraGuatemalaCitiesV2.ts(484,415): error TS1128: Declaration or statement expected.
lib/visualLab/data/poiExtraGuatemalaCitiesV2.ts(485,681): error TS1005: ';' expected.
lib/visualLab/data/poiExtraGuatemalaCitiesV2.ts(485,1312): error TS1005: ';' expected.
lib/visualLab/data/poiExtraGuatemalaCitiesV2.ts(485,1917): error TS1005: ';' expected.
lib/visualLab/data/poiExtraGuatemalaCitiesV2.ts(485,2667): error TS1128: Declaration or statement expected.
lib/visualLab/data/poiExtraGuatemalaCitiesV2.ts(486,343): error TS1005: ';' expected.
lib/visualLab/data/poiExtraGuatemalaCitiesV2.ts(486,633): error TS1005: ';' expected.
lib/visualLab/data/poiExtraGuatemalaCitiesV2.ts(486,1129): error TS1005: ';' expected.
lib/visualLab/data/poiExtraGuatemalaCitiesV2.ts(487,4): error TS1128: Declaration or statement expected.
lib/visualLab/data/poiExtraGuatemalaCitiesV2.ts(490,9): error TS1005: ';' expected.
lib/visualLab/data/poiExtraGuatemalaCitiesV2.ts(491,11): error TS1005: ';' expected.
lib/visualLab/data/poiExtraGuatemalaCitiesV2.ts(492,11): error TS1005: ';' expected.
lib/visualLab/data/poiExtraGuatemalaCitiesV2.ts(493,9): error TS1005: ';' expected.
lib/visualLab/data/poiExtraGuatemalaCitiesV2.ts(493,30): error TS1005: ';' expected.
lib/visualLab/data/poiExtraGuatemalaCitiesV2.ts(493,45): error TS1005: ';' expected.
lib/visualLab/data/poiExtraGuatemalaCitiesV2.ts(493,60): error TS1005: ';' expected.
lib/visualLab/data/poiExtraGuatemalaCitiesV2.ts(493,73): error TS1128: Declaration or statement expected.
lib/visualLab/data/poiExtraGuatemalaCitiesV2.ts(494,74): error TS1005: ';' expected.
lib/visualLab/data/poiExtraGuatemalaCitiesV2.ts(494,116): error TS1005: ';' expected.
lib/visualLab/data/poiExtraGuatemalaCitiesV2.ts(494,174): error TS1005: ';' expected.
lib/visualLab/data/poiExtraGuatemalaCitiesV2.ts(494,228): error TS1128: Declaration or statement expected.
lib/visualLab/data/poiExtraGuatemalaCitiesV2.ts(495,111): error TS1005: ';' expected.
lib/visualLab/data/poiExtraGuatemalaCitiesV2.ts(495,201): error TS1005: ';' expected.
lib/visualLab/data/poiExtraGuatemalaCitiesV2.ts(495,294): error TS1005: ';' expected.
lib/visualLab/data/poiExtraGuatemalaCitiesV2.ts(495,373): error TS1128: Declaration or statement expected.
lib/visualLab/data/poiExtraGuatemalaCitiesV2.ts(496,656): error TS1005: ';' expected.
lib/visualLab/data/poiExtraGuatemalaCitiesV2.ts(496,1262): error TS1005: ';' expected.
lib/visualLab/data/poiExtraGuatemalaCitiesV2.ts(496,1839): error TS1005: ';' expected.
lib/visualLab/data/poiExtraGuatemalaCitiesV2.ts(496,2559): error TS1128: Declaration or statement expected.
lib/visualLab/data/poiExtraGuatemalaCitiesV2.ts(497,349): error TS1005: ';' expected.
lib/visualLab/data/poiExtraGuatemalaCitiesV2.ts(497,674): error TS1005: ';' expected.
lib/visualLab/data/poiExtraGuatemalaCitiesV2.ts(497,1158): error TS1005: ';' expected.
lib/visualLab/data/poiExtraGuatemalaCitiesV2.ts(498,4): error TS1128: Declaration or statement expected.
lib/visualLab/data/poiExtraGuatemalaCitiesV2.ts(501,9): error TS1005: ';' expected.
lib/visualLab/data/poiExtraGuatemalaCitiesV2.ts(502,11): error TS1005: ';' expected.
lib/visualLab/data/poiExtraGuatemalaCitiesV2.ts(503,11): error TS1005: ';' expected.
lib/visualLab/data/poiExtraGuatemalaCitiesV2.ts(504,9): error TS1005: ';' expected.
lib/visualLab/data/poiExtraGuatemalaCitiesV2.ts(504,40): error TS1005: ';' expected.
lib/visualLab/data/poiExtraGuatemalaCitiesV2.ts(504,65): error TS1005: ';' expected.
lib/visualLab/data/poiExtraGuatemalaCitiesV2.ts(504,90): error TS1005: ';' expected.
lib/visualLab/data/poiExtraGuatemalaCitiesV2.ts(504,113): error TS1128: Declaration or statement expected.
lib/visualLab/data/poiExtraGuatemalaCitiesV2.ts(505,86): error TS1005: ';' expected.
lib/visualLab/data/poiExtraGuatemalaCitiesV2.ts(505,139): error TS1005: ';' expected.
lib/visualLab/data/poiExtraGuatemalaCitiesV2.ts(505,195): error TS1005: ';' expected.
lib/visualLab/data/poiExtraGuatemalaCitiesV2.ts(505,251): error TS1128: Declaration or statement expected.
lib/visualLab/data/poiExtraGuatemalaCitiesV2.ts(506,133): error TS1005: ';' expected.
lib/visualLab/data/poiExtraGuatemalaCitiesV2.ts(506,249): error TS1005: ';' expected.
lib/visualLab/data/poiExtraGuatemalaCitiesV2.ts(506,364): error TS1005: ';' expected.
lib/visualLab/data/poiExtraGuatemalaCitiesV2.ts(506,466): error TS1128: Declaration or statement expected.
lib/visualLab/data/poiExtraGuatemalaCitiesV2.ts(507,685): error TS1005: ';' expected.
lib/visualLab/data/poiExtraGuatemalaCitiesV2.ts(507,1300): error TS1005: ';' expected.
lib/visualLab/data/poiExtraGuatemalaCitiesV2.ts(507,1947): error TS1005: ';' expected.
lib/visualLab/data/poiExtraGuatemalaCitiesV2.ts(507,2600): error TS1128: Declaration or statement expected.
lib/visualLab/data/poiExtraGuatemalaCitiesV2.ts(508,355): error TS1005: ';' expected.
lib/visualLab/data/poiExtraGuatemalaCitiesV2.ts(508,659): error TS1005: ';' expected.
lib/visualLab/data/poiExtraGuatemalaCitiesV2.ts(508,1187): error TS1005: ';' expected.
lib/visualLab/data/poiExtraGuatemalaCitiesV2.ts(509,4): error TS1128: Declaration or statement expected.
lib/visualLab/data/poiExtraGuatemalaCitiesV2.ts(512,9): error TS1005: ';' expected.
lib/visualLab/data/poiExtraGuatemalaCitiesV2.ts(513,11): error TS1005: ';' expected.
lib/visualLab/data/poiExtraGuatemalaCitiesV2.ts(514,11): error TS1005: ';' expected.
lib/visualLab/data/poiExtraGuatemalaCitiesV2.ts(515,9): error TS1005: ';' expected.
lib/visualLab/data/poiExtraGuatemalaCitiesV2.ts(515,31): error TS1005: ';' expected.
lib/visualLab/data/poiExtraGuatemalaCitiesV2.ts(515,47): error TS1005: ';' expected.
lib/visualLab/data/poiExtraGuatemalaCitiesV2.ts(515,63): error TS1005: ';' expected.
lib/visualLab/data/poiExtraGuatemalaCitiesV2.ts(515,77): error TS1128: Declaration or statement expected.
lib/visualLab/data/poiExtraGuatemalaCitiesV2.ts(516,98): error TS1005: ';' expected.
lib/visualLab/data/poiExtraGuatemalaCitiesV2.ts(516,185): error TS1005: ';' expected.
lib/visualLab/data/poiExtraGuatemalaCitiesV2.ts(516,261): error TS1005: ';' expected.
lib/visualLab/data/poiExtraGuatemalaCitiesV2.ts(516,338): error TS1128: Declaration or statement expected.
lib/visualLab/data/poiExtraGuatemalaCitiesV2.ts(517,108): error TS1005: ';' expected.
lib/visualLab/data/poiExtraGuatemalaCitiesV2.ts(517,204): error TS1005: ';' expected.
lib/visualLab/data/poiExtraGuatemalaCitiesV2.ts(517,303): error TS1005: ';' expected.
lib/visualLab/data/poiExtraGuatemalaCitiesV2.ts(517,392): error TS1128: Declaration or statement expected.
lib/visualLab/data/poiExtraGuatemalaCitiesV2.ts(518,731): error TS1005: ';' expected.
lib/visualLab/data/poiExtraGuatemalaCitiesV2.ts(518,1460): error TS1005: ';' expected.
lib/visualLab/data/poiExtraGuatemalaCitiesV2.ts(518,2063): error TS1005: ';' expected.
lib/visualLab/data/poiExtraGuatemalaCitiesV2.ts(518,2762): error TS1128: Declaration or statement expected.
lib/visualLab/data/poiExtraGuatemalaCitiesV2.ts(519,340): error TS1005: ';' expected.
lib/visualLab/data/poiExtraGuatemalaCitiesV2.ts(519,663): error TS1005: ';' expected.
lib/visualLab/data/poiExtraGuatemalaCitiesV2.ts(519,1152): error TS1005: ';' expected.
lib/visualLab/data/poiExtraGuatemalaCitiesV2.ts(520,4): error TS1128: Declaration or statement expected.
lib/visualLab/data/poiExtraGuatemalaCitiesV2.ts(523,9): error TS1005: ';' expected.
lib/visualLab/data/poiExtraGuatemalaCitiesV2.ts(524,11): error TS1005: ';' expected.
lib/visualLab/data/poiExtraGuatemalaCitiesV2.ts(525,11): error TS1005: ';' expected.
lib/visualLab/data/poiExtraGuatemalaCitiesV2.ts(526,9): error TS1005: ';' expected.
lib/visualLab/data/poiExtraGuatemalaCitiesV2.ts(526,32): error TS1005: ';' expected.
lib/visualLab/data/poiExtraGuatemalaCitiesV2.ts(526,49): error TS1005: ';' expected.
lib/visualLab/data/poiExtraGuatemalaCitiesV2.ts(526,66): error TS1005: ';' expected.
lib/visualLab/data/poiExtraGuatemalaCitiesV2.ts(526,81): error TS1128: Declaration or statement expected.
lib/visualLab/data/poiExtraGuatemalaCitiesV2.ts(527,126): error TS1005: ';' expected.
lib/visualLab/data/poiExtraGuatemalaCitiesV2.ts(527,222): error TS1005: ';' expected.
lib/visualLab/data/poiExtraGuatemalaCitiesV2.ts(527,312): error TS1005: ';' expected.
lib/visualLab/data/poiExtraGuatemalaCitiesV2.ts(527,413): error TS1128: Declaration or statement expected.
lib/visualLab/data/poiExtraGuatemalaCitiesV2.ts(528,125): error TS1005: ';' expected.
lib/visualLab/data/poiExtraGuatemalaCitiesV2.ts(528,248): error TS1005: ';' expected.
lib/visualLab/data/poiExtraGuatemalaCitiesV2.ts(528,362): error TS1005: ';' expected.
lib/visualLab/data/poiExtraGuatemalaCitiesV2.ts(528,477): error TS1128: Declaration or statement expected.
lib/visualLab/data/poiExtraGuatemalaCitiesV2.ts(529,687): error TS1005: ';' expected.
lib/visualLab/data/poiExtraGuatemalaCitiesV2.ts(529,1305): error TS1005: ';' expected.
lib/visualLab/data/poiExtraGuatemalaCitiesV2.ts(529,1891): error TS1005: ';' expected.
lib/visualLab/data/poiExtraGuatemalaCitiesV2.ts(529,2546): error TS1128: Declaration or statement expected.
lib/visualLab/data/poiExtraGuatemalaCitiesV2.ts(530,356): error TS1005: ';' expected.
lib/visualLab/data/poiExtraGuatemalaCitiesV2.ts(530,666): error TS1005: ';' expected.
lib/visualLab/data/poiExtraGuatemalaCitiesV2.ts(530,1147): error TS1005: ';' expected.
lib/visualLab/data/poiExtraGuatemalaCitiesV2.ts(531,4): error TS1128: Declaration or statement expected.
lib/visualLab/data/poiExtraGuatemalaCitiesV2.ts(534,9): error TS1005: ';' expected.
lib/visualLab/data/poiExtraGuatemalaCitiesV2.ts(535,11): error TS1005: ';' expected.
lib/visualLab/data/poiExtraGuatemalaCitiesV2.ts(536,11): error TS1005: ';' expected.
lib/visualLab/data/poiExtraGuatemalaCitiesV2.ts(537,9): error TS1005: ';' expected.
lib/visualLab/data/poiExtraGuatemalaCitiesV2.ts(537,50): error TS1005: ';' expected.
lib/visualLab/data/poiExtraGuatemalaCitiesV2.ts(537,85): error TS1005: ';' expected.
lib/visualLab/data/poiExtraGuatemalaCitiesV2.ts(537,120): error TS1005: ';' expected.
lib/visualLab/data/poiExtraGuatemalaCitiesV2.ts(537,153): error TS1128: Declaration or statement expected.
lib/visualLab/data/poiExtraGuatemalaCitiesV2.ts(538,103): error TS1005: ';' expected.
lib/visualLab/data/poiExtraGuatemalaCitiesV2.ts(538,174): error TS1005: ';' expected.
lib/visualLab/data/poiExtraGuatemalaCitiesV2.ts(538,256): error TS1005: ';' expected.
lib/visualLab/data/poiExtraGuatemalaCitiesV2.ts(538,316): error TS1128: Declaration or statement expected.
lib/visualLab/data/poiExtraGuatemalaCitiesV2.ts(539,103): error TS1005: ';' expected.
lib/visualLab/data/poiExtraGuatemalaCitiesV2.ts(539,203): error TS1005: ';' expected.
lib/visualLab/data/poiExtraGuatemalaCitiesV2.ts(539,307): error TS1005: ';' expected.
lib/visualLab/data/poiExtraGuatemalaCitiesV2.ts(539,406): error TS1128: Declaration or statement expected.
lib/visualLab/data/poiExtraGuatemalaCitiesV2.ts(540,691): error TS1005: ';' expected.
lib/visualLab/data/poiExtraGuatemalaCitiesV2.ts(540,1349): error TS1005: ';' expected.
lib/visualLab/data/poiExtraGuatemalaCitiesV2.ts(540,1978): error TS1005: ';' expected.
lib/visualLab/data/poiExtraGuatemalaCitiesV2.ts(540,2637): error TS1128: Declaration or statement expected.
lib/visualLab/data/poiExtraGuatemalaCitiesV2.ts(541,375): error TS1005: ';' expected.
lib/visualLab/data/poiExtraGuatemalaCitiesV2.ts(541,708): error TS1005: ';' expected.
lib/visualLab/data/poiExtraGuatemalaCitiesV2.ts(541,1226): error TS1005: ';' expected.
lib/visualLab/data/poiExtraGuatemalaCitiesV2.ts(542,4): error TS1128: Declaration or statement expected.
lib/visualLab/data/poiExtraGuatemalaCitiesV2.ts(545,9): error TS1005: ';' expected.
lib/visualLab/data/poiExtraGuatemalaCitiesV2.ts(546,11): error TS1005: ';' expected.
lib/visualLab/data/poiExtraGuatemalaCitiesV2.ts(547,11): error TS1005: ';' expected.
lib/visualLab/data/poiExtraGuatemalaCitiesV2.ts(548,9): error TS1005: ';' expected.
lib/visualLab/data/poiExtraGuatemalaCitiesV2.ts(548,34): error TS1005: ';' expected.
lib/visualLab/data/poiExtraGuatemalaCitiesV2.ts(548,53): error TS1005: ';' expected.
lib/visualLab/data/poiExtraGuatemalaCitiesV2.ts(548,72): error TS1005: ';' expected.
lib/visualLab/data/poiExtraGuatemalaCitiesV2.ts(548,89): error TS1128: Declaration or statement expected.
lib/visualLab/data/poiExtraGuatemalaCitiesV2.ts(549,67): error TS1005: ';' expected.
lib/visualLab/data/poiExtraGuatemalaCitiesV2.ts(549,102): error TS1005: ';' expected.
lib/visualLab/data/poiExtraGuatemalaCitiesV2.ts(549,153): error TS1005: ';' expected.
lib/visualLab/data/poiExtraGuatemalaCitiesV2.ts(549,200): error TS1128: Declaration or statement expected.
lib/visualLab/data/poiExtraGuatemalaCitiesV2.ts(550,113): error TS1005: ';' expected.
lib/visualLab/data/poiExtraGuatemalaCitiesV2.ts(550,224): error TS1005: ';' expected.
lib/visualLab/data/poiExtraGuatemalaCitiesV2.ts(550,332): error TS1005: ';' expected.
lib/visualLab/data/poiExtraGuatemalaCitiesV2.ts(550,424): error TS1128: Declaration or statement expected.
lib/visualLab/data/poiExtraGuatemalaCitiesV2.ts(551,673): error TS1005: ';' expected.
lib/visualLab/data/poiExtraGuatemalaCitiesV2.ts(551,1297): error TS1005: ';' expected.
lib/visualLab/data/poiExtraGuatemalaCitiesV2.ts(551,1887): error TS1005: ';' expected.
lib/visualLab/data/poiExtraGuatemalaCitiesV2.ts(551,2528): error TS1128: Declaration or statement expected.
lib/visualLab/data/poiExtraGuatemalaCitiesV2.ts(552,355): error TS1005: ';' expected.
lib/visualLab/data/poiExtraGuatemalaCitiesV2.ts(552,680): error TS1005: ';' expected.
lib/visualLab/data/poiExtraGuatemalaCitiesV2.ts(552,1149): error TS1005: ';' expected.
lib/visualLab/data/poiExtraGuatemalaCitiesV2.ts(553,4): error TS1128: Declaration or statement expected.
lib/visualLab/data/poiExtraGuatemalaCitiesV2.ts(556,9): error TS1005: ';' expected.
lib/visualLab/data/poiExtraGuatemalaCitiesV2.ts(557,11): error TS1005: ';' expected.
lib/visualLab/data/poiExtraGuatemalaCitiesV2.ts(558,11): error TS1005: ';' expected.
lib/visualLab/data/poiExtraGuatemalaCitiesV2.ts(559,9): error TS1005: ';' expected.
lib/visualLab/data/poiExtraGuatemalaCitiesV2.ts(559,45): error TS1005: ';' expected.
lib/visualLab/data/poiExtraGuatemalaCitiesV2.ts(559,75): error TS1005: ';' expected.
lib/visualLab/data/poiExtraGuatemalaCitiesV2.ts(559,105): error TS1005: ';' expected.
lib/visualLab/data/poiExtraGuatemalaCitiesV2.ts(559,133): error TS1128: Declaration or statement expected.
lib/visualLab/data/poiExtraGuatemalaCitiesV2.ts(560,89): error TS1005: ';' expected.
lib/visualLab/data/poiExtraGuatemalaCitiesV2.ts(560,172): error TS1005: ';' expected.
lib/visualLab/data/poiExtraGuatemalaCitiesV2.ts(560,253): error TS1005: ';' expected.
lib/visualLab/data/poiExtraGuatemalaCitiesV2.ts(560,321): error TS1128: Declaration or statement expected.
lib/visualLab/data/poiExtraGuatemalaCitiesV2.ts(561,106): error TS1005: ';' expected.
lib/visualLab/data/poiExtraGuatemalaCitiesV2.ts(561,206): error TS1005: ';' expected.
lib/visualLab/data/poiExtraGuatemalaCitiesV2.ts(561,307): error TS1005: ';' expected.
lib/visualLab/data/poiExtraGuatemalaCitiesV2.ts(561,386): error TS1128: Declaration or statement expected.
lib/visualLab/data/poiExtraGuatemalaCitiesV2.ts(562,696): error TS1005: ';' expected.
lib/visualLab/data/poiExtraGuatemalaCitiesV2.ts(562,1343): error TS1005: ';' expected.
lib/visualLab/data/poiExtraGuatemalaCitiesV2.ts(562,1968): error TS1005: ';' expected.
lib/visualLab/data/poiExtraGuatemalaCitiesV2.ts(562,2632): error TS1128: Declaration or statement expected.
lib/visualLab/data/poiExtraGuatemalaCitiesV2.ts(563,343): error TS1005: ';' expected.
lib/visualLab/data/poiExtraGuatemalaCitiesV2.ts(563,667): error TS1005: ';' expected.
lib/visualLab/data/poiExtraGuatemalaCitiesV2.ts(563,1168): error TS1005: ';' expected.
lib/visualLab/data/poiExtraGuatemalaCitiesV2.ts(564,4): error TS1128: Declaration or statement expected.
lib/visualLab/data/poiExtraGuatemalaCitiesV2.ts(567,9): error TS1005: ';' expected.
lib/visualLab/data/poiExtraGuatemalaCitiesV2.ts(568,11): error TS1005: ';' expected.
lib/visualLab/data/poiExtraGuatemalaCitiesV2.ts(569,11): error TS1005: ';' expected.
lib/visualLab/data/poiExtraGuatemalaCitiesV2.ts(570,9): error TS1005: ';' expected.
lib/visualLab/data/poiExtraGuatemalaCitiesV2.ts(570,31): error TS1005: ';' expected.
lib/visualLab/data/poiExtraGuatemalaCitiesV2.ts(570,47): error TS1005: ';' expected.
lib/visualLab/data/poiExtraGuatemalaCitiesV2.ts(570,63): error TS1005: ';' expected.
lib/visualLab/data/poiExtraGuatemalaCitiesV2.ts(570,77): error TS1128: Declaration or statement expected.
lib/visualLab/data/poiExtraGuatemalaCitiesV2.ts(571,103): error TS1005: ';' expected.
lib/visualLab/data/poiExtraGuatemalaCitiesV2.ts(571,187): error TS1005: ';' expected.
lib/visualLab/data/poiExtraGuatemalaCitiesV2.ts(571,286): error TS1005: ';' expected.
lib/visualLab/data/poiExtraGuatemalaCitiesV2.ts(571,365): error TS1128: Declaration or statement expected.
lib/visualLab/data/poiExtraGuatemalaCitiesV2.ts(572,127): error TS1005: ';' expected.
lib/visualLab/data/poiExtraGuatemalaCitiesV2.ts(572,241): error TS1005: ';' expected.
lib/visualLab/data/poiExtraGuatemalaCitiesV2.ts(572,368): error TS1005: ';' expected.
lib/visualLab/data/poiExtraGuatemalaCitiesV2.ts(572,470): error TS1128: Declaration or statement expected.
lib/visualLab/data/poiExtraGuatemalaCitiesV2.ts(573,710): error TS1005: ';' expected.
lib/visualLab/data/poiExtraGuatemalaCitiesV2.ts(573,1383): error TS1005: ';' expected.
lib/visualLab/data/poiExtraGuatemalaCitiesV2.ts(573,1974): error TS1005: ';' expected.
lib/visualLab/data/poiExtraGuatemalaCitiesV2.ts(573,2652): error TS1128: Declaration or statement expected.
lib/visualLab/data/poiExtraGuatemalaCitiesV2.ts(574,382): error TS1005: ';' expected.
lib/visualLab/data/poiExtraGuatemalaCitiesV2.ts(574,718): error TS1005: ';' expected.
lib/visualLab/data/poiExtraGuatemalaCitiesV2.ts(574,1240): error TS1005: ';' expected.
lib/visualLab/data/poiExtraGuatemalaCitiesV2.ts(575,4): error TS1128: Declaration or statement expected.
lib/visualLab/data/poiExtraGuatemalaCitiesV2.ts(578,9): error TS1005: ';' expected.
lib/visualLab/data/poiExtraGuatemalaCitiesV2.ts(579,11): error TS1005: ';' expected.
lib/visualLab/data/poiExtraGuatemalaCitiesV2.ts(580,11): error TS1005: ';' expected.
lib/visualLab/data/poiExtraGuatemalaCitiesV2.ts(581,9): error TS1005: ';' expected.
lib/visualLab/data/poiExtraGuatemalaCitiesV2.ts(581,33): error TS1005: ';' expected.
lib/visualLab/data/poiExtraGuatemalaCitiesV2.ts(581,51): error TS1005: ';' expected.
lib/visualLab/data/poiExtraGuatemalaCitiesV2.ts(581,69): error TS1005: ';' expected.
lib/visualLab/data/poiExtraGuatemalaCitiesV2.ts(581,85): error TS1128: Declaration or statement expected.
lib/visualLab/data/poiExtraGuatemalaCitiesV2.ts(582,70): error TS1005: ';' expected.
lib/visualLab/data/poiExtraGuatemalaCitiesV2.ts(582,107): error TS1005: ';' expected.
lib/visualLab/data/poiExtraGuatemalaCitiesV2.ts(582,152): error TS1005: ';' expected.
lib/visualLab/data/poiExtraGuatemalaCitiesV2.ts(582,196): error TS1128: Declaration or statement expected.
lib/visualLab/data/poiExtraGuatemalaCitiesV2.ts(583,109): error TS1005: ';' expected.
lib/visualLab/data/poiExtraGuatemalaCitiesV2.ts(583,207): error TS1005: ';' expected.
lib/visualLab/data/poiExtraGuatemalaCitiesV2.ts(583,290): error TS1005: ';' expected.
lib/visualLab/data/poiExtraGuatemalaCitiesV2.ts(583,376): error TS1128: Declaration or statement expected.
lib/visualLab/data/poiExtraGuatemalaCitiesV2.ts(584,675): error TS1005: ';' expected.
lib/visualLab/data/poiExtraGuatemalaCitiesV2.ts(584,1296): error TS1005: ';' expected.
lib/visualLab/data/poiExtraGuatemalaCitiesV2.ts(584,1828): error TS1005: ';' expected.
lib/visualLab/data/poiExtraGuatemalaCitiesV2.ts(584,2471): error TS1128: Declaration or statement expected.
lib/visualLab/data/poiExtraGuatemalaCitiesV2.ts(585,357): error TS1005: ';' expected.
lib/visualLab/data/poiExtraGuatemalaCitiesV2.ts(585,685): error TS1005: ';' expected.
lib/visualLab/data/poiExtraGuatemalaCitiesV2.ts(585,1194): error TS1005: ';' expected.
lib/visualLab/data/poiExtraGuatemalaCitiesV2.ts(586,4): error TS1128: Declaration or statement expected.
lib/visualLab/data/poiExtraGuatemalaCitiesV2.ts(589,9): error TS1005: ';' expected.
lib/visualLab/data/poiExtraGuatemalaCitiesV2.ts(590,11): error TS1005: ';' expected.
lib/visualLab/data/poiExtraGuatemalaCitiesV2.ts(591,11): error TS1005: ';' expected.
lib/visualLab/data/poiExtraGuatemalaCitiesV2.ts(592,9): error TS1005: ';' expected.
lib/visualLab/data/poiExtraGuatemalaCitiesV2.ts(592,50): error TS1005: ';' expected.
lib/visualLab/data/poiExtraGuatemalaCitiesV2.ts(592,85): error TS1005: ';' expected.
lib/visualLab/data/poiExtraGuatemalaCitiesV2.ts(592,120): error TS1005: ';' expected.
lib/visualLab/data/poiExtraGuatemalaCitiesV2.ts(592,153): error TS1128: Declaration or statement expected.
lib/visualLab/data/poiExtraGuatemalaCitiesV2.ts(593,109): error TS1005: ';' expected.
lib/visualLab/data/poiExtraGuatemalaCitiesV2.ts(593,186): error TS1005: ';' expected.
lib/visualLab/data/poiExtraGuatemalaCitiesV2.ts(593,269): error TS1005: ';' expected.
lib/visualLab/data/poiExtraGuatemalaCitiesV2.ts(593,343): error TS1128: Declaration or statement expected.
lib/visualLab/data/poiExtraGuatemalaCitiesV2.ts(594,102): error TS1005: ';' expected.
lib/visualLab/data/poiExtraGuatemalaCitiesV2.ts(594,185): error TS1005: ';' expected.
lib/visualLab/data/poiExtraGuatemalaCitiesV2.ts(594,273): error TS1005: ';' expected.
lib/visualLab/data/poiExtraGuatemalaCitiesV2.ts(594,349): error TS1128: Declaration or statement expected.
lib/visualLab/data/poiExtraGuatemalaCitiesV2.ts(595,695): error TS1005: ';' expected.
lib/visualLab/data/poiExtraGuatemalaCitiesV2.ts(595,1314): error TS1005: ';' expected.
lib/visualLab/data/poiExtraGuatemalaCitiesV2.ts(595,1861): error TS1005: ';' expected.
lib/visualLab/data/poiExtraGuatemalaCitiesV2.ts(595,2524): error TS1128: Declaration or statement expected.
lib/visualLab/data/poiExtraGuatemalaCitiesV2.ts(596,338): error TS1005: ';' expected.
lib/visualLab/data/poiExtraGuatemalaCitiesV2.ts(596,652): error TS1005: ';' expected.
lib/visualLab/data/poiExtraGuatemalaCitiesV2.ts(596,1115): error TS1005: ';' expected.
lib/visualLab/data/poiExtraGuatemalaCitiesV2.ts(597,4): error TS1128: Declaration or statement expected.
lib/visualLab/data/poiExtraGuatemalaCitiesV2.ts(600,9): error TS1005: ';' expected.
lib/visualLab/data/poiExtraGuatemalaCitiesV2.ts(601,11): error TS1005: ';' expected.
lib/visualLab/data/poiExtraGuatemalaCitiesV2.ts(602,11): error TS1005: ';' expected.
lib/visualLab/data/poiExtraGuatemalaCitiesV2.ts(603,9): error TS1005: ';' expected.
lib/visualLab/data/poiExtraGuatemalaCitiesV2.ts(603,33): error TS1005: ';' expected.
lib/visualLab/data/poiExtraGuatemalaCitiesV2.ts(603,51): error TS1005: ';' expected.
lib/visualLab/data/poiExtraGuatemalaCitiesV2.ts(603,69): error TS1005: ';' expected.
lib/visualLab/data/poiExtraGuatemalaCitiesV2.ts(603,85): error TS1128: Declaration or statement expected.
lib/visualLab/data/poiExtraGuatemalaCitiesV2.ts(604,86): error TS1005: ';' expected.
lib/visualLab/data/poiExtraGuatemalaCitiesV2.ts(604,147): error TS1005: ';' expected.
lib/visualLab/data/poiExtraGuatemalaCitiesV2.ts(604,222): error TS1005: ';' expected.
lib/visualLab/data/poiExtraGuatemalaCitiesV2.ts(604,291): error TS1128: Declaration or statement expected.
lib/visualLab/data/poiExtraGuatemalaCitiesV2.ts(605,101): error TS1005: ';' expected.
lib/visualLab/data/poiExtraGuatemalaCitiesV2.ts(605,188): error TS1005: ';' expected.
lib/visualLab/data/poiExtraGuatemalaCitiesV2.ts(605,288): error TS1005: ';' expected.
lib/visualLab/data/poiExtraGuatemalaCitiesV2.ts(605,364): error TS1128: Declaration or statement expected.
lib/visualLab/data/poiExtraGuatemalaCitiesV2.ts(606,673): error TS1005: ';' expected.
lib/visualLab/data/poiExtraGuatemalaCitiesV2.ts(606,1278): error TS1005: ';' expected.
lib/visualLab/data/poiExtraGuatemalaCitiesV2.ts(606,1883): error TS1005: ';' expected.
lib/visualLab/data/poiExtraGuatemalaCitiesV2.ts(606,2524): error TS1128: Declaration or statement expected.
lib/visualLab/data/poiExtraGuatemalaCitiesV2.ts(607,358): error TS1005: ';' expected.
lib/visualLab/data/poiExtraGuatemalaCitiesV2.ts(607,692): error TS1005: ';' expected.
lib/visualLab/data/poiExtraGuatemalaCitiesV2.ts(607,1164): error TS1005: ';' expected.
lib/visualLab/data/poiExtraGuatemalaCitiesV2.ts(608,4): error TS1128: Declaration or statement expected.
lib/visualLab/data/poiExtraGuatemalaCitiesV2.ts(611,9): error TS1005: ';' expected.
lib/visualLab/data/poiExtraGuatemalaCitiesV2.ts(612,11): error TS1005: ';' expected.
lib/visualLab/data/poiExtraGuatemalaCitiesV2.ts(613,11): error TS1005: ';' expected.
lib/visualLab/data/poiExtraGuatemalaCitiesV2.ts(614,9): error TS1005: ';' expected.
lib/visualLab/data/poiExtraGuatemalaCitiesV2.ts(614,32): error TS1005: ';' expected.
lib/visualLab/data/poiExtraGuatemalaCitiesV2.ts(614,49): error TS1005: ';' expected.
lib/visualLab/data/poiExtraGuatemalaCitiesV2.ts(614,66): error TS1005: ';' expected.
lib/visualLab/data/poiExtraGuatemalaCitiesV2.ts(614,81): error TS1128: Declaration or statement expected.
lib/visualLab/data/poiExtraGuatemalaCitiesV2.ts(615,70): error TS1005: ';' expected.
lib/visualLab/data/poiExtraGuatemalaCitiesV2.ts(615,108): error TS1005: ';' expected.
lib/visualLab/data/poiExtraGuatemalaCitiesV2.ts(615,162): error TS1005: ';' expected.
lib/visualLab/data/poiExtraGuatemalaCitiesV2.ts(615,212): error TS1128: Declaration or statement expected.
lib/visualLab/data/poiExtraGuatemalaCitiesV2.ts(616,92): error TS1005: ';' expected.
lib/visualLab/data/poiExtraGuatemalaCitiesV2.ts(616,169): error TS1005: ';' expected.
lib/visualLab/data/poiExtraGuatemalaCitiesV2.ts(616,242): error TS1005: ';' expected.
lib/visualLab/data/poiExtraGuatemalaCitiesV2.ts(616,315): error TS1128: Declaration or statement expected.
lib/visualLab/data/poiExtraGuatemalaCitiesV2.ts(617,720): error TS1005: ';' expected.
lib/visualLab/data/poiExtraGuatemalaCitiesV2.ts(617,1364): error TS1005: ';' expected.
lib/visualLab/data/poiExtraGuatemalaCitiesV2.ts(617,1953): error TS1005: ';' expected.
lib/visualLab/data/poiExtraGuatemalaCitiesV2.ts(617,2641): error TS1128: Declaration or statement expected.
lib/visualLab/data/poiExtraGuatemalaCitiesV2.ts(618,352): error TS1005: ';' expected.
lib/visualLab/data/poiExtraGuatemalaCitiesV2.ts(618,680): error TS1005: ';' expected.
lib/visualLab/data/poiExtraGuatemalaCitiesV2.ts(618,1202): error TS1005: ';' expected.
lib/visualLab/data/poiExtraGuatemalaCitiesV2.ts(619,4): error TS1128: Declaration or statement expected.
lib/visualLab/data/poiExtraGuatemalaCitiesV2.ts(622,9): error TS1005: ';' expected.
lib/visualLab/data/poiExtraGuatemalaCitiesV2.ts(623,11): error TS1005: ';' expected.
lib/visualLab/data/poiExtraGuatemalaCitiesV2.ts(624,11): error TS1005: ';' expected.
lib/visualLab/data/poiExtraGuatemalaCitiesV2.ts(625,9): error TS1005: ';' expected.
lib/visualLab/data/poiExtraGuatemalaCitiesV2.ts(625,31): error TS1005: ';' expected.
lib/visualLab/data/poiExtraGuatemalaCitiesV2.ts(625,47): error TS1005: ';' expected.
lib/visualLab/data/poiExtraGuatemalaCitiesV2.ts(625,63): error TS1005: ';' expected.
lib/visualLab/data/poiExtraGuatemalaCitiesV2.ts(625,77): error TS1128: Declaration or statement expected.
lib/visualLab/data/poiExtraGuatemalaCitiesV2.ts(626,94): error TS1005: ';' expected.
lib/visualLab/data/poiExtraGuatemalaCitiesV2.ts(626,159): error TS1005: ';' expected.
lib/visualLab/data/poiExtraGuatemalaCitiesV2.ts(626,241): error TS1005: ';' expected.
lib/visualLab/data/poiExtraGuatemalaCitiesV2.ts(626,315): error TS1128: Declaration or statement expected.
lib/visualLab/data/poiExtraGuatemalaCitiesV2.ts(627,97): error TS1005: ';' expected.
lib/visualLab/data/poiExtraGuatemalaCitiesV2.ts(627,188): error TS1005: ';' expected.
lib/visualLab/data/poiExtraGuatemalaCitiesV2.ts(627,280): error TS1005: ';' expected.
lib/visualLab/data/poiExtraGuatemalaCitiesV2.ts(627,361): error TS1128: Declaration or statement expected.
lib/visualLab/data/poiExtraGuatemalaCitiesV2.ts(628,675): error TS1005: ';' expected.
lib/visualLab/data/poiExtraGuatemalaCitiesV2.ts(628,1270): error TS1005: ';' expected.
lib/visualLab/data/poiExtraGuatemalaCitiesV2.ts(628,1937): error TS1005: ';' expected.
lib/visualLab/data/poiExtraGuatemalaCitiesV2.ts(628,2580): error TS1128: Declaration or statement expected.
lib/visualLab/data/poiExtraGuatemalaCitiesV2.ts(629,349): error TS1005: ';' expected.
lib/visualLab/data/poiExtraGuatemalaCitiesV2.ts(629,674): error TS1005: ';' expected.
lib/visualLab/data/poiExtraGuatemalaCitiesV2.ts(629,1190): error TS1005: ';' expected.
lib/visualLab/data/poiExtraGuatemalaCitiesV2.ts(630,4): error TS1128: Declaration or statement expected.
lib/visualLab/data/poiExtraGuatemalaCitiesV2.ts(633,9): error TS1005: ';' expected.
lib/visualLab/data/poiExtraGuatemalaCitiesV2.ts(634,11): error TS1005: ';' expected.
lib/visualLab/data/poiExtraGuatemalaCitiesV2.ts(635,11): error TS1005: ';' expected.
lib/visualLab/data/poiExtraGuatemalaCitiesV2.ts(636,9): error TS1005: ';' expected.
lib/visualLab/data/poiExtraGuatemalaCitiesV2.ts(636,49): error TS1005: ';' expected.
lib/visualLab/data/poiExtraGuatemalaCitiesV2.ts(636,83): error TS1005: ';' expected.
lib/visualLab/data/poiExtraGuatemalaCitiesV2.ts(636,117): error TS1005: ';' expected.
lib/visualLab/data/poiExtraGuatemalaCitiesV2.ts(636,149): error TS1128: Declaration or statement expected.
lib/visualLab/data/poiExtraGuatemalaCitiesV2.ts(637,71): error TS1005: ';' expected.
lib/visualLab/data/poiExtraGuatemalaCitiesV2.ts(637,111): error TS1005: ';' expected.
lib/visualLab/data/poiExtraGuatemalaCitiesV2.ts(637,160): error TS1005: ';' expected.
lib/visualLab/data/poiExtraGuatemalaCitiesV2.ts(637,206): error TS1128: Declaration or statement expected.
lib/visualLab/data/poiExtraGuatemalaCitiesV2.ts(638,92): error TS1005: ';' expected.
lib/visualLab/data/poiExtraGuatemalaCitiesV2.ts(638,173): error TS1005: ';' expected.
lib/visualLab/data/poiExtraGuatemalaCitiesV2.ts(638,238): error TS1005: ';' expected.
lib/visualLab/data/poiExtraGuatemalaCitiesV2.ts(638,308): error TS1128: Declaration or statement expected.
lib/visualLab/data/poiExtraGuatemalaCitiesV2.ts(639,728): error TS1005: ';' expected.
lib/visualLab/data/poiExtraGuatemalaCitiesV2.ts(639,1408): error TS1005: ';' expected.
lib/visualLab/data/poiExtraGuatemalaCitiesV2.ts(639,1982): error TS1005: ';' expected.
lib/visualLab/data/poiExtraGuatemalaCitiesV2.ts(639,2678): error TS1128: Declaration or statement expected.
lib/visualLab/data/poiExtraGuatemalaCitiesV2.ts(640,346): error TS1005: ';' expected.
lib/visualLab/data/poiExtraGuatemalaCitiesV2.ts(640,668): error TS1005: ';' expected.
lib/visualLab/data/poiExtraGuatemalaCitiesV2.ts(640,1203): error TS1005: ';' expected.
lib/visualLab/data/poiExtraGuatemalaCitiesV2.ts(641,4): error TS1128: Declaration or statement expected.
lib/visualLab/data/poiExtraGuatemalaCitiesV2.ts(644,9): error TS1005: ';' expected.
lib/visualLab/data/poiExtraGuatemalaCitiesV2.ts(645,11): error TS1005: ';' expected.
lib/visualLab/data/poiExtraGuatemalaCitiesV2.ts(646,11): error TS1005: ';' expected.
lib/visualLab/data/poiExtraGuatemalaCitiesV2.ts(647,9): error TS1005: ';' expected.
lib/visualLab/data/poiExtraGuatemalaCitiesV2.ts(647,39): error TS1005: ';' expected.
lib/visualLab/data/poiExtraGuatemalaCitiesV2.ts(647,63): error TS1005: ';' expected.
lib/visualLab/data/poiExtraGuatemalaCitiesV2.ts(647,87): error TS1005: ';' expected.
lib/visualLab/data/poiExtraGuatemalaCitiesV2.ts(647,109): error TS1128: Declaration or statement expected.
lib/visualLab/data/poiExtraGuatemalaCitiesV2.ts(648,95): error TS1005: ';' expected.
lib/visualLab/data/poiExtraGuatemalaCitiesV2.ts(648,177): error TS1005: ';' expected.
lib/visualLab/data/poiExtraGuatemalaCitiesV2.ts(648,250): error TS1005: ';' expected.
lib/visualLab/data/poiExtraGuatemalaCitiesV2.ts(648,323): error TS1128: Declaration or statement expected.
lib/visualLab/data/poiExtraGuatemalaCitiesV2.ts(649,113): error TS1005: ';' expected.
lib/visualLab/data/poiExtraGuatemalaCitiesV2.ts(649,222): error TS1005: ';' expected.
lib/visualLab/data/poiExtraGuatemalaCitiesV2.ts(649,336): error TS1005: ';' expected.
lib/visualLab/data/poiExtraGuatemalaCitiesV2.ts(649,440): error TS1128: Declaration or statement expected.
lib/visualLab/data/poiExtraGuatemalaCitiesV2.ts(650,696): error TS1005: ';' expected.
lib/visualLab/data/poiExtraGuatemalaCitiesV2.ts(650,1371): error TS1005: ';' expected.
lib/visualLab/data/poiExtraGuatemalaCitiesV2.ts(650,1938): error TS1005: ';' expected.
lib/visualLab/data/poiExtraGuatemalaCitiesV2.ts(650,2602): error TS1128: Declaration or statement expected.
lib/visualLab/data/poiExtraGuatemalaCitiesV2.ts(651,352): error TS1005: ';' expected.
lib/visualLab/data/poiExtraGuatemalaCitiesV2.ts(651,680): error TS1005: ';' expected.
lib/visualLab/data/poiExtraGuatemalaCitiesV2.ts(651,1190): error TS1005: ';' expected.
lib/visualLab/data/poiExtraGuatemalaCitiesV2.ts(652,4): error TS1128: Declaration or statement expected.
lib/visualLab/data/poiExtraGuatemalaCitiesV2.ts(655,9): error TS1005: ';' expected.
lib/visualLab/data/poiExtraGuatemalaCitiesV2.ts(656,11): error TS1005: ';' expected.
lib/visualLab/data/poiExtraGuatemalaCitiesV2.ts(657,11): error TS1005: ';' expected.
lib/visualLab/data/poiExtraGuatemalaCitiesV2.ts(658,9): error TS1005: ';' expected.
lib/visualLab/data/poiExtraGuatemalaCitiesV2.ts(658,44): error TS1005: ';' expected.
lib/visualLab/data/poiExtraGuatemalaCitiesV2.ts(658,73): error TS1005: ';' expected.
lib/visualLab/data/poiExtraGuatemalaCitiesV2.ts(658,102): error TS1005: ';' expected.
lib/visualLab/data/poiExtraGuatemalaCitiesV2.ts(658,129): error TS1128: Declaration or statement expected.
lib/visualLab/data/poiExtraGuatemalaCitiesV2.ts(659,85): error TS1005: ';' expected.
lib/visualLab/data/poiExtraGuatemalaCitiesV2.ts(659,137): error TS1005: ';' expected.
lib/visualLab/data/poiExtraGuatemalaCitiesV2.ts(659,201): error TS1005: ';' expected.
lib/visualLab/data/poiExtraGuatemalaCitiesV2.ts(659,267): error TS1128: Declaration or statement expected.
lib/visualLab/data/poiExtraGuatemalaCitiesV2.ts(660,98): error TS1005: ';' expected.
lib/visualLab/data/poiExtraGuatemalaCitiesV2.ts(660,185): error TS1005: ';' expected.
lib/visualLab/data/poiExtraGuatemalaCitiesV2.ts(660,276): error TS1005: ';' expected.
lib/visualLab/data/poiExtraGuatemalaCitiesV2.ts(660,358): error TS1128: Declaration or statement expected.
lib/visualLab/data/poiExtraGuatemalaCitiesV2.ts(661,724): error TS1005: ';' expected.
lib/visualLab/data/poiExtraGuatemalaCitiesV2.ts(661,1371): error TS1005: ';' expected.
lib/visualLab/data/poiExtraGuatemalaCitiesV2.ts(661,2021): error TS1005: ';' expected.
lib/visualLab/data/poiExtraGuatemalaCitiesV2.ts(661,2713): error TS1128: Declaration or statement expected.
lib/visualLab/data/poiExtraGuatemalaCitiesV2.ts(662,345): error TS1005: ';' expected.
lib/visualLab/data/poiExtraGuatemalaCitiesV2.ts(662,666): error TS1005: ';' expected.
lib/visualLab/data/poiExtraGuatemalaCitiesV2.ts(662,1170): error TS1005: ';' expected.
lib/visualLab/data/poiExtraGuatemalaCitiesV2.ts(663,4): error TS1128: Declaration or statement expected.
lib/visualLab/data/poiExtraGuatemalaCitiesV2.ts(666,9): error TS1005: ';' expected.
lib/visualLab/data/poiExtraGuatemalaCitiesV2.ts(667,11): error TS1005: ';' expected.
lib/visualLab/data/poiExtraGuatemalaCitiesV2.ts(668,11): error TS1005: ';' expected.
lib/visualLab/data/poiExtraGuatemalaCitiesV2.ts(669,9): error TS1005: ';' expected.
lib/visualLab/data/poiExtraGuatemalaCitiesV2.ts(669,35): error TS1005: ';' expected.
lib/visualLab/data/poiExtraGuatemalaCitiesV2.ts(669,55): error TS1005: ';' expected.
lib/visualLab/data/poiExtraGuatemalaCitiesV2.ts(669,75): error TS1005: ';' expected.
lib/visualLab/data/poiExtraGuatemalaCitiesV2.ts(669,93): error TS1128: Declaration or statement expected.
lib/visualLab/data/poiExtraGuatemalaCitiesV2.ts(670,69): error TS1005: ';' expected.
lib/visualLab/data/poiExtraGuatemalaCitiesV2.ts(670,106): error TS1005: ';' expected.
lib/visualLab/data/poiExtraGuatemalaCitiesV2.ts(670,159): error TS1005: ';' expected.
lib/visualLab/data/poiExtraGuatemalaCitiesV2.ts(670,208): error TS1128: Declaration or statement expected.
lib/visualLab/data/poiExtraGuatemalaCitiesV2.ts(671,104): error TS1005: ';' expected.
lib/visualLab/data/poiExtraGuatemalaCitiesV2.ts(671,178): error TS1005: ';' expected.
lib/visualLab/data/poiExtraGuatemalaCitiesV2.ts(671,248): error TS1005: ';' expected.
lib/visualLab/data/poiExtraGuatemalaCitiesV2.ts(671,315): error TS1128: Declaration or statement expected.
lib/visualLab/data/poiExtraGuatemalaCitiesV2.ts(672,720): error TS1005: ';' expected.
lib/visualLab/data/poiExtraGuatemalaCitiesV2.ts(672,1490): error TS1005: ';' expected.
lib/visualLab/data/poiExtraGuatemalaCitiesV2.ts(672,2062): error TS1005: ';' expected.
lib/visualLab/data/poiExtraGuatemalaCitiesV2.ts(672,2750): error TS1128: Declaration or statement expected.
lib/visualLab/data/poiExtraGuatemalaCitiesV2.ts(673,369): error TS1005: ';' expected.
lib/visualLab/data/poiExtraGuatemalaCitiesV2.ts(673,814): error TS1005: ';' expected.
lib/visualLab/data/poiExtraGuatemalaCitiesV2.ts(673,1256): error TS1005: ';' expected.
lib/visualLab/data/poiExtraGuatemalaCitiesV2.ts(674,4): error TS1128: Declaration or statement expected.
lib/visualLab/data/poiExtraGuatemalaCitiesV2.ts(677,9): error TS1005: ';' expected.
lib/visualLab/data/poiExtraGuatemalaCitiesV2.ts(678,11): error TS1005: ';' expected.
lib/visualLab/data/poiExtraGuatemalaCitiesV2.ts(679,11): error TS1005: ';' expected.
lib/visualLab/data/poiExtraGuatemalaCitiesV2.ts(680,9): error TS1005: ';' expected.
lib/visualLab/data/poiExtraGuatemalaCitiesV2.ts(680,32): error TS1005: ';' expected.
lib/visualLab/data/poiExtraGuatemalaCitiesV2.ts(680,49): error TS1005: ';' expected.
lib/visualLab/data/poiExtraGuatemalaCitiesV2.ts(680,66): error TS1005: ';' expected.
lib/visualLab/data/poiExtraGuatemalaCitiesV2.ts(680,81): error TS1128: Declaration or statement expected.
lib/visualLab/data/poiExtraGuatemalaCitiesV2.ts(681,98): error TS1005: ';' expected.
lib/visualLab/data/poiExtraGuatemalaCitiesV2.ts(681,164): error TS1005: ';' expected.
lib/visualLab/data/poiExtraGuatemalaCitiesV2.ts(681,237): error TS1005: ';' expected.
lib/visualLab/data/poiExtraGuatemalaCitiesV2.ts(681,296): error TS1128: Declaration or statement expected.
lib/visualLab/data/poiExtraGuatemalaCitiesV2.ts(682,108): error TS1005: ';' expected.
lib/visualLab/data/poiExtraGuatemalaCitiesV2.ts(682,208): error TS1005: ';' expected.
lib/visualLab/data/poiExtraGuatemalaCitiesV2.ts(682,310): error TS1005: ';' expected.
lib/visualLab/data/poiExtraGuatemalaCitiesV2.ts(682,406): error TS1128: Declaration or statement expected.
lib/visualLab/data/poiExtraGuatemalaCitiesV2.ts(683,750): error TS1005: ';' expected.
lib/visualLab/data/poiExtraGuatemalaCitiesV2.ts(683,1511): error TS1005: ';' expected.
lib/visualLab/data/poiExtraGuatemalaCitiesV2.ts(683,2140): error TS1005: ';' expected.
lib/visualLab/data/poiExtraGuatemalaCitiesV2.ts(683,2858): error TS1128: Declaration or statement expected.
lib/visualLab/data/poiExtraGuatemalaCitiesV2.ts(684,326): error TS1005: ';' expected.
lib/visualLab/data/poiExtraGuatemalaCitiesV2.ts(684,829): error TS1005: ';' expected.
lib/visualLab/data/poiExtraGuatemalaCitiesV2.ts(684,1344): error TS1005: ';' expected.
lib/visualLab/data/poiExtraGuatemalaCitiesV2.ts(685,4): error TS1128: Declaration or statement expected.
lib/visualLab/data/poiExtraGuatemalaCitiesV2.ts(688,9): error TS1005: ';' expected.
lib/visualLab/data/poiExtraGuatemalaCitiesV2.ts(689,11): error TS1005: ';' expected.
lib/visualLab/data/poiExtraGuatemalaCitiesV2.ts(690,11): error TS1005: ';' expected.
lib/visualLab/data/poiExtraGuatemalaCitiesV2.ts(691,9): error TS1005: ';' expected.
lib/visualLab/data/poiExtraGuatemalaCitiesV2.ts(691,33): error TS1005: ';' expected.
lib/visualLab/data/poiExtraGuatemalaCitiesV2.ts(691,51): error TS1005: ';' expected.
lib/visualLab/data/poiExtraGuatemalaCitiesV2.ts(691,69): error TS1005: ';' expected.
lib/visualLab/data/poiExtraGuatemalaCitiesV2.ts(691,85): error TS1128: Declaration or statement expected.
lib/visualLab/data/poiExtraGuatemalaCitiesV2.ts(692,97): error TS1005: ';' expected.
lib/visualLab/data/poiExtraGuatemalaCitiesV2.ts(692,155): error TS1005: ';' expected.
lib/visualLab/data/poiExtraGuatemalaCitiesV2.ts(692,225): error TS1005: ';' expected.
lib/visualLab/data/poiExtraGuatemalaCitiesV2.ts(692,296): error TS1128: Declaration or statement expected.
lib/visualLab/data/poiExtraGuatemalaCitiesV2.ts(693,97): error TS1005: ';' expected.
lib/visualLab/data/poiExtraGuatemalaCitiesV2.ts(693,174): error TS1005: ';' expected.
lib/visualLab/data/poiExtraGuatemalaCitiesV2.ts(693,262): error TS1005: ';' expected.
lib/visualLab/data/poiExtraGuatemalaCitiesV2.ts(693,339): error TS1128: Declaration or statement expected.
lib/visualLab/data/poiExtraGuatemalaCitiesV2.ts(694,732): error TS1005: ';' expected.
lib/visualLab/data/poiExtraGuatemalaCitiesV2.ts(694,1456): error TS1005: ';' expected.
lib/visualLab/data/poiExtraGuatemalaCitiesV2.ts(694,2081): error TS1005: ';' expected.
lib/visualLab/data/poiExtraGuatemalaCitiesV2.ts(694,2781): error TS1128: Declaration or statement expected.
lib/visualLab/data/poiExtraGuatemalaCitiesV2.ts(695,333): error TS1005: ';' expected.
lib/visualLab/data/poiExtraGuatemalaCitiesV2.ts(695,864): error TS1005: ';' expected.
lib/visualLab/data/poiExtraGuatemalaCitiesV2.ts(695,1388): error TS1005: ';' expected.
lib/visualLab/data/poiExtraGuatemalaCitiesV2.ts(696,4): error TS1128: Declaration or statement expected.
lib/visualLab/data/poiExtraGuatemalaCitiesV2.ts(699,9): error TS1005: ';' expected.
lib/visualLab/data/poiExtraGuatemalaCitiesV2.ts(700,11): error TS1005: ';' expected.
lib/visualLab/data/poiExtraGuatemalaCitiesV2.ts(701,11): error TS1005: ';' expected.
lib/visualLab/data/poiExtraGuatemalaCitiesV2.ts(702,9): error TS1005: ';' expected.
lib/visualLab/data/poiExtraGuatemalaCitiesV2.ts(702,35): error TS1005: ';' expected.
lib/visualLab/data/poiExtraGuatemalaCitiesV2.ts(702,55): error TS1005: ';' expected.
lib/visualLab/data/poiExtraGuatemalaCitiesV2.ts(702,75): error TS1005: ';' expected.
lib/visualLab/data/poiExtraGuatemalaCitiesV2.ts(702,93): error TS1128: Declaration or statement expected.
lib/visualLab/data/poiExtraGuatemalaCitiesV2.ts(703,97): error TS1005: ';' expected.
lib/visualLab/data/poiExtraGuatemalaCitiesV2.ts(703,163): error TS1005: ';' expected.
lib/visualLab/data/poiExtraGuatemalaCitiesV2.ts(703,221): error TS1005: ';' expected.
lib/visualLab/data/poiExtraGuatemalaCitiesV2.ts(703,282): error TS1128: Declaration or statement expected.
lib/visualLab/data/poiExtraGuatemalaCitiesV2.ts(704,104): error TS1005: ';' expected.
lib/visualLab/data/poiExtraGuatemalaCitiesV2.ts(704,206): error TS1005: ';' expected.
lib/visualLab/data/poiExtraGuatemalaCitiesV2.ts(704,303): error TS1005: ';' expected.
lib/visualLab/data/poiExtraGuatemalaCitiesV2.ts(704,396): error TS1128: Declaration or statement expected.
lib/visualLab/data/poiExtraGuatemalaCitiesV2.ts(705,786): error TS1005: ';' expected.
lib/visualLab/data/poiExtraGuatemalaCitiesV2.ts(705,1528): error TS1005: ';' expected.
lib/visualLab/data/poiExtraGuatemalaCitiesV2.ts(705,2062): error TS1005: ';' expected.
lib/visualLab/data/poiExtraGuatemalaCitiesV2.ts(705,2816): error TS1128: Declaration or statement expected.
lib/visualLab/data/poiExtraGuatemalaCitiesV2.ts(706,343): error TS1005: ';' expected.
lib/visualLab/data/poiExtraGuatemalaCitiesV2.ts(706,829): error TS1005: ';' expected.
lib/visualLab/data/poiExtraGuatemalaCitiesV2.ts(706,1338): error TS1005: ';' expected.
lib/visualLab/data/poiExtraGuatemalaCitiesV2.ts(707,4): error TS1128: Declaration or statement expected.
lib/visualLab/data/poiExtraGuatemalaCitiesV2.ts(710,9): error TS1005: ';' expected.
lib/visualLab/data/poiExtraGuatemalaCitiesV2.ts(711,11): error TS1005: ';' expected.
lib/visualLab/data/poiExtraGuatemalaCitiesV2.ts(712,11): error TS1005: ';' expected.
lib/visualLab/data/poiExtraGuatemalaCitiesV2.ts(713,9): error TS1005: ';' expected.
lib/visualLab/data/poiExtraGuatemalaCitiesV2.ts(713,29): error TS1005: ';' expected.
lib/visualLab/data/poiExtraGuatemalaCitiesV2.ts(713,43): error TS1005: ';' expected.
lib/visualLab/data/poiExtraGuatemalaCitiesV2.ts(713,57): error TS1005: ';' expected.
lib/visualLab/data/poiExtraGuatemalaCitiesV2.ts(713,69): error TS1128: Declaration or statement expected.
lib/visualLab/data/poiExtraGuatemalaCitiesV2.ts(714,96): error TS1005: ';' expected.
lib/visualLab/data/poiExtraGuatemalaCitiesV2.ts(714,169): error TS1005: ';' expected.
lib/visualLab/data/poiExtraGuatemalaCitiesV2.ts(714,248): error TS1005: ';' expected.
lib/visualLab/data/poiExtraGuatemalaCitiesV2.ts(714,315): error TS1128: Declaration or statement expected.
lib/visualLab/data/poiExtraGuatemalaCitiesV2.ts(715,99): error TS1005: ';' expected.
lib/visualLab/data/poiExtraGuatemalaCitiesV2.ts(715,184): error TS1005: ';' expected.
lib/visualLab/data/poiExtraGuatemalaCitiesV2.ts(715,285): error TS1005: ';' expected.
lib/visualLab/data/poiExtraGuatemalaCitiesV2.ts(715,369): error TS1128: Declaration or statement expected.
lib/visualLab/data/poiExtraGuatemalaCitiesV2.ts(716,812): error TS1005: ';' expected.
lib/visualLab/data/poiExtraGuatemalaCitiesV2.ts(716,1567): error TS1005: ';' expected.
lib/visualLab/data/poiExtraGuatemalaCitiesV2.ts(716,2224): error TS1005: ';' expected.
lib/visualLab/data/poiExtraGuatemalaCitiesV2.ts(716,3004): error TS1128: Declaration or statement expected.
lib/visualLab/data/poiExtraGuatemalaCitiesV2.ts(717,349): error TS1005: ';' expected.
lib/visualLab/data/poiExtraGuatemalaCitiesV2.ts(717,856): error TS1005: ';' expected.
lib/visualLab/data/poiExtraGuatemalaCitiesV2.ts(717,1380): error TS1005: ';' expected.
lib/visualLab/data/poiExtraGuatemalaCitiesV2.ts(718,4): error TS1128: Declaration or statement expected.
lib/visualLab/data/poiExtraGuatemalaCitiesV2.ts(721,9): error TS1005: ';' expected.
lib/visualLab/data/poiExtraGuatemalaCitiesV2.ts(722,11): error TS1005: ';' expected.
lib/visualLab/data/poiExtraGuatemalaCitiesV2.ts(723,11): error TS1005: ';' expected.
lib/visualLab/data/poiExtraGuatemalaCitiesV2.ts(724,9): error TS1005: ';' expected.
lib/visualLab/data/poiExtraGuatemalaCitiesV2.ts(724,29): error TS1005: ';' expected.
lib/visualLab/data/poiExtraGuatemalaCitiesV2.ts(724,43): error TS1005: ';' expected.
lib/visualLab/data/poiExtraGuatemalaCitiesV2.ts(724,57): error TS1005: ';' expected.
lib/visualLab/data/poiExtraGuatemalaCitiesV2.ts(724,69): error TS1128: Declaration or statement expected.
lib/visualLab/data/poiExtraGuatemalaCitiesV2.ts(725,118): error TS1005: ';' expected.
lib/visualLab/data/poiExtraGuatemalaCitiesV2.ts(725,198): error TS1005: ';' expected.
lib/visualLab/data/poiExtraGuatemalaCitiesV2.ts(725,273): error TS1005: ';' expected.
lib/visualLab/data/poiExtraGuatemalaCitiesV2.ts(725,340): error TS1128: Declaration or statement expected.
lib/visualLab/data/poiExtraGuatemalaCitiesV2.ts(726,104): error TS1005: ';' expected.
lib/visualLab/data/poiExtraGuatemalaCitiesV2.ts(726,191): error TS1005: ';' expected.
lib/visualLab/data/poiExtraGuatemalaCitiesV2.ts(726,273): error TS1005: ';' expected.
lib/visualLab/data/poiExtraGuatemalaCitiesV2.ts(726,349): error TS1128: Declaration or statement expected.
lib/visualLab/data/poiExtraGuatemalaCitiesV2.ts(727,737): error TS1005: ';' expected.
lib/visualLab/data/poiExtraGuatemalaCitiesV2.ts(727,1466): error TS1005: ';' expected.
lib/visualLab/data/poiExtraGuatemalaCitiesV2.ts(727,2091): error TS1005: ';' expected.
lib/visualLab/data/poiExtraGuatemalaCitiesV2.ts(727,2796): error TS1128: Declaration or statement expected.
lib/visualLab/data/poiExtraGuatemalaCitiesV2.ts(728,346): error TS1005: ';' expected.
lib/visualLab/data/poiExtraGuatemalaCitiesV2.ts(728,900): error TS1005: ';' expected.
lib/visualLab/data/poiExtraGuatemalaCitiesV2.ts(728,1409): error TS1005: ';' expected.
lib/visualLab/data/poiExtraGuatemalaCitiesV2.ts(729,4): error TS1128: Declaration or statement expected.
lib/visualLab/data/poiExtraGuatemalaCitiesV2.ts(732,9): error TS1005: ';' expected.
lib/visualLab/data/poiExtraGuatemalaCitiesV2.ts(733,11): error TS1005: ';' expected.
lib/visualLab/data/poiExtraGuatemalaCitiesV2.ts(734,11): error TS1005: ';' expected.
lib/visualLab/data/poiExtraGuatemalaCitiesV2.ts(735,9): error TS1005: ';' expected.
lib/visualLab/data/poiExtraGuatemalaCitiesV2.ts(735,29): error TS1005: ';' expected.
lib/visualLab/data/poiExtraGuatemalaCitiesV2.ts(735,43): error TS1005: ';' expected.
lib/visualLab/data/poiExtraGuatemalaCitiesV2.ts(735,57): error TS1005: ';' expected.
lib/visualLab/data/poiExtraGuatemalaCitiesV2.ts(735,69): error TS1128: Declaration or statement expected.
lib/visualLab/data/poiExtraGuatemalaCitiesV2.ts(736,98): error TS1005: ';' expected.
lib/visualLab/data/poiExtraGuatemalaCitiesV2.ts(736,168): error TS1005: ';' expected.
lib/visualLab/data/poiExtraGuatemalaCitiesV2.ts(736,248): error TS1005: ';' expected.
lib/visualLab/data/poiExtraGuatemalaCitiesV2.ts(736,315): error TS1128: Declaration or statement expected.
lib/visualLab/data/poiExtraGuatemalaCitiesV2.ts(737,118): error TS1005: ';' expected.
lib/visualLab/data/poiExtraGuatemalaCitiesV2.ts(737,226): error TS1005: ';' expected.
lib/visualLab/data/poiExtraGuatemalaCitiesV2.ts(737,332): error TS1005: ';' expected.
lib/visualLab/data/poiExtraGuatemalaCitiesV2.ts(737,427): error TS1128: Declaration or statement expected.
lib/visualLab/data/poiExtraGuatemalaCitiesV2.ts(738,793): error TS1005: ';' expected.
lib/visualLab/data/poiExtraGuatemalaCitiesV2.ts(738,1520): error TS1005: ';' expected.
lib/visualLab/data/poiExtraGuatemalaCitiesV2.ts(738,2131): error TS1005: ';' expected.
lib/visualLab/data/poiExtraGuatemalaCitiesV2.ts(738,2892): error TS1128: Declaration or statement expected.
lib/visualLab/data/poiExtraGuatemalaCitiesV2.ts(739,339): error TS1005: ';' expected.
lib/visualLab/data/poiExtraGuatemalaCitiesV2.ts(739,921): error TS1005: ';' expected.
lib/visualLab/data/poiExtraGuatemalaCitiesV2.ts(739,1454): error TS1005: ';' expected.
lib/visualLab/data/poiExtraGuatemalaCitiesV2.ts(740,4): error TS1128: Declaration or statement expected.
lib/visualLab/data/poiExtraGuatemalaCitiesV2.ts(743,9): error TS1005: ';' expected.
lib/visualLab/data/poiExtraGuatemalaCitiesV2.ts(744,11): error TS1005: ';' expected.
lib/visualLab/data/poiExtraGuatemalaCitiesV2.ts(745,11): error TS1005: ';' expected.
lib/visualLab/data/poiExtraGuatemalaCitiesV2.ts(746,9): error TS1005: ';' expected.
lib/visualLab/data/poiExtraGuatemalaCitiesV2.ts(746,32): error TS1005: ';' expected.
lib/visualLab/data/poiExtraGuatemalaCitiesV2.ts(746,49): error TS1005: ';' expected.
lib/visualLab/data/poiExtraGuatemalaCitiesV2.ts(746,66): error TS1005: ';' expected.
lib/visualLab/data/poiExtraGuatemalaCitiesV2.ts(746,81): error TS1128: Declaration or statement expected.
lib/visualLab/data/poiExtraGuatemalaCitiesV2.ts(747,94): error TS1005: ';' expected.
lib/visualLab/data/poiExtraGuatemalaCitiesV2.ts(747,151): error TS1005: ';' expected.
lib/visualLab/data/poiExtraGuatemalaCitiesV2.ts(747,218): error TS1005: ';' expected.
lib/visualLab/data/poiExtraGuatemalaCitiesV2.ts(747,286): error TS1128: Declaration or statement expected.
lib/visualLab/data/poiExtraGuatemalaCitiesV2.ts(748,97): error TS1005: ';' expected.
lib/visualLab/data/poiExtraGuatemalaCitiesV2.ts(748,180): error TS1005: ';' expected.
lib/visualLab/data/poiExtraGuatemalaCitiesV2.ts(748,266): error TS1005: ';' expected.
lib/visualLab/data/poiExtraGuatemalaCitiesV2.ts(748,340): error TS1128: Declaration or statement expected.
lib/visualLab/data/poiExtraGuatemalaCitiesV2.ts(749,849): error TS1005: ';' expected.
lib/visualLab/data/poiExtraGuatemalaCitiesV2.ts(749,1619): error TS1005: ';' expected.
lib/visualLab/data/poiExtraGuatemalaCitiesV2.ts(749,2202): error TS1005: ';' expected.
lib/visualLab/data/poiExtraGuatemalaCitiesV2.ts(749,3019): error TS1128: Declaration or statement expected.
lib/visualLab/data/poiExtraGuatemalaCitiesV2.ts(750,364): error TS1005: ';' expected.
lib/visualLab/data/poiExtraGuatemalaCitiesV2.ts(750,928): error TS1005: ';' expected.
lib/visualLab/data/poiExtraGuatemalaCitiesV2.ts(750,1471): error TS1005: ';' expected.
lib/visualLab/data/poiExtraGuatemalaCitiesV2.ts(751,4): error TS1128: Declaration or statement expected.
lib/visualLab/data/poiExtraGuatemalaCitiesV2.ts(754,9): error TS1005: ';' expected.
lib/visualLab/data/poiExtraGuatemalaCitiesV2.ts(755,11): error TS1005: ';' expected.
lib/visualLab/data/poiExtraGuatemalaCitiesV2.ts(756,11): error TS1005: ';' expected.
lib/visualLab/data/poiExtraGuatemalaCitiesV2.ts(757,9): error TS1005: ';' expected.
lib/visualLab/data/poiExtraGuatemalaCitiesV2.ts(757,36): error TS1005: ';' expected.
lib/visualLab/data/poiExtraGuatemalaCitiesV2.ts(757,57): error TS1005: ';' expected.
lib/visualLab/data/poiExtraGuatemalaCitiesV2.ts(757,78): error TS1005: ';' expected.
lib/visualLab/data/poiExtraGuatemalaCitiesV2.ts(757,97): error TS1128: Declaration or statement expected.
lib/visualLab/data/poiExtraGuatemalaCitiesV2.ts(758,75): error TS1005: ';' expected.
lib/visualLab/data/poiExtraGuatemalaCitiesV2.ts(758,119): error TS1005: ';' expected.
lib/visualLab/data/poiExtraGuatemalaCitiesV2.ts(758,174): error TS1005: ';' expected.
lib/visualLab/data/poiExtraGuatemalaCitiesV2.ts(758,226): error TS1128: Declaration or statement expected.
lib/visualLab/data/poiExtraGuatemalaCitiesV2.ts(759,128): error TS1005: ';' expected.
lib/visualLab/data/poiExtraGuatemalaCitiesV2.ts(759,264): error TS1005: ';' expected.
lib/visualLab/data/poiExtraGuatemalaCitiesV2.ts(759,386): error TS1005: ';' expected.
lib/visualLab/data/poiExtraGuatemalaCitiesV2.ts(759,494): error TS1128: Declaration or statement expected.
lib/visualLab/data/poiExtraGuatemalaCitiesV2.ts(760,785): error TS1005: ';' expected.
lib/visualLab/data/poiExtraGuatemalaCitiesV2.ts(760,1475): error TS1005: ';' expected.
lib/visualLab/data/poiExtraGuatemalaCitiesV2.ts(760,2113): error TS1005: ';' expected.
lib/visualLab/data/poiExtraGuatemalaCitiesV2.ts(760,2866): error TS1128: Declaration or statement expected.
lib/visualLab/data/poiExtraGuatemalaCitiesV2.ts(761,345): error TS1005: ';' expected.
lib/visualLab/data/poiExtraGuatemalaCitiesV2.ts(761,829): error TS1005: ';' expected.
lib/visualLab/data/poiExtraGuatemalaCitiesV2.ts(761,1338): error TS1005: ';' expected.
lib/visualLab/data/poiExtraGuatemalaCitiesV2.ts(762,4): error TS1128: Declaration or statement expected.
lib/visualLab/data/poiExtraGuatemalaCitiesV2.ts(765,9): error TS1005: ';' expected.
lib/visualLab/data/poiExtraGuatemalaCitiesV2.ts(766,11): error TS1005: ';' expected.
lib/visualLab/data/poiExtraGuatemalaCitiesV2.ts(767,11): error TS1005: ';' expected.
lib/visualLab/data/poiExtraGuatemalaCitiesV2.ts(768,9): error TS1005: ';' expected.
lib/visualLab/data/poiExtraGuatemalaCitiesV2.ts(768,43): error TS1005: ';' expected.
lib/visualLab/data/poiExtraGuatemalaCitiesV2.ts(768,71): error TS1005: ';' expected.
lib/visualLab/data/poiExtraGuatemalaCitiesV2.ts(768,99): error TS1005: ';' expected.
lib/visualLab/data/poiExtraGuatemalaCitiesV2.ts(768,125): error TS1128: Declaration or statement expected.
lib/visualLab/data/poiExtraGuatemalaCitiesV2.ts(769,86): error TS1005: ';' expected.
lib/visualLab/data/poiExtraGuatemalaCitiesV2.ts(769,137): error TS1005: ';' expected.
lib/visualLab/data/poiExtraGuatemalaCitiesV2.ts(769,196): error TS1005: ';' expected.
lib/visualLab/data/poiExtraGuatemalaCitiesV2.ts(769,257): error TS1128: Declaration or statement expected.
lib/visualLab/data/poiExtraGuatemalaCitiesV2.ts(770,100): error TS1005: ';' expected.
lib/visualLab/data/poiExtraGuatemalaCitiesV2.ts(770,195): error TS1005: ';' expected.
lib/visualLab/data/poiExtraGuatemalaCitiesV2.ts(770,287): error TS1005: ';' expected.
lib/visualLab/data/poiExtraGuatemalaCitiesV2.ts(770,375): error TS1128: Declaration or statement expected.
lib/visualLab/data/poiExtraGuatemalaCitiesV2.ts(771,776): error TS1005: ';' expected.
lib/visualLab/data/poiExtraGuatemalaCitiesV2.ts(771,1544): error TS1005: ';' expected.
lib/visualLab/data/poiExtraGuatemalaCitiesV2.ts(771,2178): error TS1005: ';' expected.
lib/visualLab/data/poiExtraGuatemalaCitiesV2.ts(771,2922): error TS1128: Declaration or statement expected.
lib/visualLab/data/poiExtraGuatemalaCitiesV2.ts(772,358): error TS1005: ';' expected.
lib/visualLab/data/poiExtraGuatemalaCitiesV2.ts(772,892): error TS1005: ';' expected.
lib/visualLab/data/poiExtraGuatemalaCitiesV2.ts(772,1421): error TS1005: ';' expected.
lib/visualLab/data/poiExtraGuatemalaCitiesV2.ts(773,4): error TS1128: Declaration or statement expected.
lib/visualLab/data/poiExtraGuatemalaCitiesV2.ts(776,9): error TS1005: ';' expected.
lib/visualLab/data/poiExtraGuatemalaCitiesV2.ts(777,11): error TS1005: ';' expected.
lib/visualLab/data/poiExtraGuatemalaCitiesV2.ts(778,11): error TS1005: ';' expected.
lib/visualLab/data/poiExtraGuatemalaCitiesV2.ts(779,9): error TS1005: ';' expected.
lib/visualLab/data/poiExtraGuatemalaCitiesV2.ts(779,50): error TS1005: ';' expected.
lib/visualLab/data/poiExtraGuatemalaCitiesV2.ts(779,85): error TS1005: ';' expected.
lib/visualLab/data/poiExtraGuatemalaCitiesV2.ts(779,120): error TS1005: ';' expected.
lib/visualLab/data/poiExtraGuatemalaCitiesV2.ts(779,153): error TS1128: Declaration or statement expected.
lib/visualLab/data/poiExtraGuatemalaCitiesV2.ts(780,73): error TS1005: ';' expected.
lib/visualLab/data/poiExtraGuatemalaCitiesV2.ts(780,114): error TS1005: ';' expected.
lib/visualLab/data/poiExtraGuatemalaCitiesV2.ts(780,171): error TS1005: ';' expected.
lib/visualLab/data/poiExtraGuatemalaCitiesV2.ts(780,224): error TS1128: Declaration or statement expected.
lib/visualLab/data/poiExtraGuatemalaCitiesV2.ts(781,79): error TS1005: ';' expected.
lib/visualLab/data/poiExtraGuatemalaCitiesV2.ts(781,154): error TS1005: ';' expected.
lib/visualLab/data/poiExtraGuatemalaCitiesV2.ts(781,226): error TS1005: ';' expected.
lib/visualLab/data/poiExtraGuatemalaCitiesV2.ts(781,297): error TS1128: Declaration or statement expected.
lib/visualLab/data/poiExtraGuatemalaCitiesV2.ts(782,851): error TS1005: ';' expected.
lib/visualLab/data/poiExtraGuatemalaCitiesV2.ts(782,1672): error TS1005: ';' expected.
lib/visualLab/data/poiExtraGuatemalaCitiesV2.ts(782,2341): error TS1005: ';' expected.
lib/visualLab/data/poiExtraGuatemalaCitiesV2.ts(782,3160): error TS1128: Declaration or statement expected.
lib/visualLab/data/poiExtraGuatemalaCitiesV2.ts(783,339): error TS1005: ';' expected.
lib/visualLab/data/poiExtraGuatemalaCitiesV2.ts(783,832): error TS1005: ';' expected.
lib/visualLab/data/poiExtraGuatemalaCitiesV2.ts(783,1356): error TS1005: ';' expected.
lib/visualLab/data/poiExtraGuatemalaCitiesV2.ts(784,4): error TS1128: Declaration or statement expected.
lib/visualLab/data/poiExtraGuatemalaCitiesV2.ts(787,9): error TS1005: ';' expected.
lib/visualLab/data/poiExtraGuatemalaCitiesV2.ts(788,11): error TS1005: ';' expected.
lib/visualLab/data/poiExtraGuatemalaCitiesV2.ts(789,11): error TS1005: ';' expected.
lib/visualLab/data/poiExtraGuatemalaCitiesV2.ts(790,9): error TS1005: ';' expected.
lib/visualLab/data/poiExtraGuatemalaCitiesV2.ts(790,40): error TS1005: ';' expected.
lib/visualLab/data/poiExtraGuatemalaCitiesV2.ts(790,65): error TS1005: ';' expected.
lib/visualLab/data/poiExtraGuatemalaCitiesV2.ts(790,90): error TS1005: ';' expected.
lib/visualLab/data/poiExtraGuatemalaCitiesV2.ts(790,113): error TS1128: Declaration or statement expected.
lib/visualLab/data/poiExtraGuatemalaCitiesV2.ts(791,82): error TS1005: ';' expected.
lib/visualLab/data/poiExtraGuatemalaCitiesV2.ts(791,139): error TS1005: ';' expected.
lib/visualLab/data/poiExtraGuatemalaCitiesV2.ts(791,211): error TS1005: ';' expected.
lib/visualLab/data/poiExtraGuatemalaCitiesV2.ts(791,276): error TS1128: Declaration or statement expected.
lib/visualLab/data/poiExtraGuatemalaCitiesV2.ts(792,109): error TS1005: ';' expected.
lib/visualLab/data/poiExtraGuatemalaCitiesV2.ts(792,207): error TS1005: ';' expected.
lib/visualLab/data/poiExtraGuatemalaCitiesV2.ts(792,309): error TS1005: ';' expected.
lib/visualLab/data/poiExtraGuatemalaCitiesV2.ts(792,392): error TS1128: Declaration or statement expected.
lib/visualLab/data/poiExtraGuatemalaCitiesV2.ts(793,800): error TS1005: ';' expected.
lib/visualLab/data/poiExtraGuatemalaCitiesV2.ts(793,1630): error TS1005: ';' expected.
lib/visualLab/data/poiExtraGuatemalaCitiesV2.ts(793,2219): error TS1005: ';' expected.
lib/visualLab/data/poiExtraGuatemalaCitiesV2.ts(793,2987): error TS1128: Declaration or statement expected.
lib/visualLab/data/poiExtraGuatemalaCitiesV2.ts(794,345): error TS1005: ';' expected.
lib/visualLab/data/poiExtraGuatemalaCitiesV2.ts(794,962): error TS1005: ';' expected.
lib/visualLab/data/poiExtraGuatemalaCitiesV2.ts(794,1515): error TS1005: ';' expected.
lib/visualLab/data/poiExtraGuatemalaCitiesV2.ts(795,4): error TS1128: Declaration or statement expected.
lib/visualLab/data/poiExtraGuatemalaCitiesV2.ts(798,9): error TS1005: ';' expected.
lib/visualLab/data/poiExtraGuatemalaCitiesV2.ts(799,11): error TS1005: ';' expected.
lib/visualLab/data/poiExtraGuatemalaCitiesV2.ts(800,11): error TS1005: ';' expected.
lib/visualLab/data/poiExtraGuatemalaCitiesV2.ts(801,9): error TS1005: ';' expected.
lib/visualLab/data/poiExtraGuatemalaCitiesV2.ts(801,41): error TS1005: ';' expected.
lib/visualLab/data/poiExtraGuatemalaCitiesV2.ts(801,67): error TS1005: ';' expected.
lib/visualLab/data/poiExtraGuatemalaCitiesV2.ts(801,93): error TS1005: ';' expected.
lib/visualLab/data/poiExtraGuatemalaCitiesV2.ts(801,117): error TS1128: Declaration or statement expected.
lib/visualLab/data/poiExtraGuatemalaCitiesV2.ts(802,103): error TS1005: ';' expected.
lib/visualLab/data/poiExtraGuatemalaCitiesV2.ts(802,185): error TS1005: ';' expected.
lib/visualLab/data/poiExtraGuatemalaCitiesV2.ts(802,271): error TS1005: ';' expected.
lib/visualLab/data/poiExtraGuatemalaCitiesV2.ts(802,358): error TS1128: Declaration or statement expected.
lib/visualLab/data/poiExtraGuatemalaCitiesV2.ts(803,101): error TS1005: ';' expected.
lib/visualLab/data/poiExtraGuatemalaCitiesV2.ts(803,195): error TS1005: ';' expected.
lib/visualLab/data/poiExtraGuatemalaCitiesV2.ts(803,284): error TS1005: ';' expected.
lib/visualLab/data/poiExtraGuatemalaCitiesV2.ts(803,367): error TS1128: Declaration or statement expected.
lib/visualLab/data/poiExtraGuatemalaCitiesV2.ts(804,798): error TS1005: ';' expected.
lib/visualLab/data/poiExtraGuatemalaCitiesV2.ts(804,1609): error TS1005: ';' expected.
lib/visualLab/data/poiExtraGuatemalaCitiesV2.ts(804,2174): error TS1005: ';' expected.
lib/visualLab/data/poiExtraGuatemalaCitiesV2.ts(804,2940): error TS1128: Declaration or statement expected.
lib/visualLab/data/poiExtraGuatemalaCitiesV2.ts(805,328): error TS1005: ';' expected.
lib/visualLab/data/poiExtraGuatemalaCitiesV2.ts(805,869): error TS1005: ';' expected.
lib/visualLab/data/poiExtraGuatemalaCitiesV2.ts(805,1481): error TS1005: ';' expected.
lib/visualLab/data/poiExtraGuatemalaCitiesV2.ts(806,4): error TS1128: Declaration or statement expected.
lib/visualLab/data/poiExtraGuatemalaCitiesV2.ts(809,9): error TS1005: ';' expected.
lib/visualLab/data/poiExtraGuatemalaCitiesV2.ts(810,11): error TS1005: ';' expected.
lib/visualLab/data/poiExtraGuatemalaCitiesV2.ts(811,11): error TS1005: ';' expected.
lib/visualLab/data/poiExtraGuatemalaCitiesV2.ts(812,9): error TS1005: ';' expected.
lib/visualLab/data/poiExtraGuatemalaCitiesV2.ts(812,28): error TS1005: ';' expected.
lib/visualLab/data/poiExtraGuatemalaCitiesV2.ts(812,41): error TS1005: ';' expected.
lib/visualLab/data/poiExtraGuatemalaCitiesV2.ts(812,54): error TS1005: ';' expected.
lib/visualLab/data/poiExtraGuatemalaCitiesV2.ts(812,65): error TS1128: Declaration or statement expected.
lib/visualLab/data/poiExtraGuatemalaCitiesV2.ts(813,97): error TS1005: ';' expected.
lib/visualLab/data/poiExtraGuatemalaCitiesV2.ts(813,175): error TS1005: ';' expected.
lib/visualLab/data/poiExtraGuatemalaCitiesV2.ts(813,274): error TS1005: ';' expected.
lib/visualLab/data/poiExtraGuatemalaCitiesV2.ts(813,354): error TS1128: Declaration or statement expected.
lib/visualLab/data/poiExtraGuatemalaCitiesV2.ts(814,100): error TS1005: ';' expected.
lib/visualLab/data/poiExtraGuatemalaCitiesV2.ts(814,190): error TS1005: ';' expected.
lib/visualLab/data/poiExtraGuatemalaCitiesV2.ts(814,281): error TS1005: ';' expected.
lib/visualLab/data/poiExtraGuatemalaCitiesV2.ts(814,361): error TS1128: Declaration or statement expected.
lib/visualLab/data/poiExtraGuatemalaCitiesV2.ts(815,854): error TS1005: ';' expected.
lib/visualLab/data/poiExtraGuatemalaCitiesV2.ts(815,1730): error TS1005: ';' expected.
lib/visualLab/data/poiExtraGuatemalaCitiesV2.ts(815,2379): error TS1005: ';' expected.
lib/visualLab/data/poiExtraGuatemalaCitiesV2.ts(815,3201): error TS1128: Declaration or statement expected.
lib/visualLab/data/poiExtraGuatemalaCitiesV2.ts(816,335): error TS1005: ';' expected.
lib/visualLab/data/poiExtraGuatemalaCitiesV2.ts(816,853): error TS1005: ';' expected.
lib/visualLab/data/poiExtraGuatemalaCitiesV2.ts(816,1474): error TS1005: ';' expected.
lib/visualLab/data/poiExtraGuatemalaCitiesV2.ts(817,4): error TS1128: Declaration or statement expected.
lib/visualLab/data/poiExtraGuatemalaCitiesV2.ts(820,9): error TS1005: ';' expected.
lib/visualLab/data/poiExtraGuatemalaCitiesV2.ts(821,11): error TS1005: ';' expected.
lib/visualLab/data/poiExtraGuatemalaCitiesV2.ts(822,11): error TS1005: ';' expected.
lib/visualLab/data/poiExtraGuatemalaCitiesV2.ts(823,9): error TS1005: ';' expected.
lib/visualLab/data/poiExtraGuatemalaCitiesV2.ts(823,29): error TS1005: ';' expected.
lib/visualLab/data/poiExtraGuatemalaCitiesV2.ts(823,43): error TS1005: ';' expected.
lib/visualLab/data/poiExtraGuatemalaCitiesV2.ts(823,57): error TS1005: ';' expected.
lib/visualLab/data/poiExtraGuatemalaCitiesV2.ts(823,69): error TS1128: Declaration or statement expected.
lib/visualLab/data/poiExtraGuatemalaCitiesV2.ts(824,74): error TS1005: ';' expected.
lib/visualLab/data/poiExtraGuatemalaCitiesV2.ts(824,130): error TS1005: ';' expected.
lib/visualLab/data/poiExtraGuatemalaCitiesV2.ts(824,180): error TS1005: ';' expected.
lib/visualLab/data/poiExtraGuatemalaCitiesV2.ts(824,238): error TS1128: Declaration or statement expected.
lib/visualLab/data/poiExtraGuatemalaCitiesV2.ts(825,117): error TS1005: ';' expected.
lib/visualLab/data/poiExtraGuatemalaCitiesV2.ts(825,225): error TS1005: ';' expected.
lib/visualLab/data/poiExtraGuatemalaCitiesV2.ts(825,332): error TS1005: ';' expected.
lib/visualLab/data/poiExtraGuatemalaCitiesV2.ts(825,424): error TS1128: Declaration or statement expected.
lib/visualLab/data/poiExtraGuatemalaCitiesV2.ts(826,826): error TS1005: ';' expected.
lib/visualLab/data/poiExtraGuatemalaCitiesV2.ts(826,1626): error TS1005: ';' expected.
lib/visualLab/data/poiExtraGuatemalaCitiesV2.ts(826,2293): error TS1005: ';' expected.
lib/visualLab/data/poiExtraGuatemalaCitiesV2.ts(826,3087): error TS1128: Declaration or statement expected.
lib/visualLab/data/poiExtraGuatemalaCitiesV2.ts(827,339): error TS1005: ';' expected.
lib/visualLab/data/poiExtraGuatemalaCitiesV2.ts(827,854): error TS1005: ';' expected.
lib/visualLab/data/poiExtraGuatemalaCitiesV2.ts(827,1455): error TS1005: ';' expected.
lib/visualLab/data/poiExtraGuatemalaCitiesV2.ts(828,4): error TS1128: Declaration or statement expected.
lib/visualLab/data/poiExtraGuatemalaCitiesV2.ts(831,9): error TS1005: ';' expected.
lib/visualLab/data/poiExtraGuatemalaCitiesV2.ts(832,11): error TS1005: ';' expected.
lib/visualLab/data/poiExtraGuatemalaCitiesV2.ts(833,11): error TS1005: ';' expected.
lib/visualLab/data/poiExtraGuatemalaCitiesV2.ts(834,9): error TS1005: ';' expected.
lib/visualLab/data/poiExtraGuatemalaCitiesV2.ts(834,38): error TS1005: ';' expected.
lib/visualLab/data/poiExtraGuatemalaCitiesV2.ts(834,61): error TS1005: ';' expected.
lib/visualLab/data/poiExtraGuatemalaCitiesV2.ts(834,84): error TS1005: ';' expected.
lib/visualLab/data/poiExtraGuatemalaCitiesV2.ts(834,105): error TS1128: Declaration or statement expected.
lib/visualLab/data/poiExtraGuatemalaCitiesV2.ts(835,92): error TS1005: ';' expected.
lib/visualLab/data/poiExtraGuatemalaCitiesV2.ts(835,159): error TS1005: ';' expected.
lib/visualLab/data/poiExtraGuatemalaCitiesV2.ts(835,229): error TS1005: ';' expected.
lib/visualLab/data/poiExtraGuatemalaCitiesV2.ts(835,293): error TS1128: Declaration or statement expected.
lib/visualLab/data/poiExtraGuatemalaCitiesV2.ts(836,71): error TS1005: ';' expected.
lib/visualLab/data/poiExtraGuatemalaCitiesV2.ts(836,134): error TS1005: ';' expected.
lib/visualLab/data/poiExtraGuatemalaCitiesV2.ts(836,199): error TS1005: ';' expected.
lib/visualLab/data/poiExtraGuatemalaCitiesV2.ts(836,261): error TS1128: Declaration or statement expected.
lib/visualLab/data/poiExtraGuatemalaCitiesV2.ts(837,856): error TS1005: ';' expected.
lib/visualLab/data/poiExtraGuatemalaCitiesV2.ts(837,1751): error TS1005: ';' expected.
lib/visualLab/data/poiExtraGuatemalaCitiesV2.ts(837,2452): error TS1005: ';' expected.
lib/visualLab/data/poiExtraGuatemalaCitiesV2.ts(837,3276): error TS1128: Declaration or statement expected.
lib/visualLab/data/poiExtraGuatemalaCitiesV2.ts(838,349): error TS1005: ';' expected.
lib/visualLab/data/poiExtraGuatemalaCitiesV2.ts(838,935): error TS1005: ';' expected.
lib/visualLab/data/poiExtraGuatemalaCitiesV2.ts(838,1486): error TS1005: ';' expected.
lib/visualLab/data/poiExtraGuatemalaCitiesV2.ts(839,4): error TS1128: Declaration or statement expected.
lib/visualLab/data/poiExtraGuatemalaCitiesV2.ts(842,9): error TS1005: ';' expected.
lib/visualLab/data/poiExtraGuatemalaCitiesV2.ts(843,11): error TS1005: ';' expected.
lib/visualLab/data/poiExtraGuatemalaCitiesV2.ts(844,11): error TS1005: ';' expected.
lib/visualLab/data/poiExtraGuatemalaCitiesV2.ts(845,9): error TS1005: ';' expected.
lib/visualLab/data/poiExtraGuatemalaCitiesV2.ts(845,32): error TS1005: ';' expected.
lib/visualLab/data/poiExtraGuatemalaCitiesV2.ts(845,49): error TS1005: ';' expected.
lib/visualLab/data/poiExtraGuatemalaCitiesV2.ts(845,66): error TS1005: ';' expected.
lib/visualLab/data/poiExtraGuatemalaCitiesV2.ts(845,81): error TS1128: Declaration or statement expected.
lib/visualLab/data/poiExtraGuatemalaCitiesV2.ts(846,68): error TS1005: ';' expected.
lib/visualLab/data/poiExtraGuatemalaCitiesV2.ts(846,112): error TS1005: ';' expected.
lib/visualLab/data/poiExtraGuatemalaCitiesV2.ts(846,158): error TS1005: ';' expected.
lib/visualLab/data/poiExtraGuatemalaCitiesV2.ts(846,201): error TS1128: Declaration or statement expected.
lib/visualLab/data/poiExtraGuatemalaCitiesV2.ts(847,95): error TS1005: ';' expected.
lib/visualLab/data/poiExtraGuatemalaCitiesV2.ts(847,168): error TS1005: ';' expected.
lib/visualLab/data/poiExtraGuatemalaCitiesV2.ts(847,243): error TS1005: ';' expected.
lib/visualLab/data/poiExtraGuatemalaCitiesV2.ts(847,318): error TS1128: Declaration or statement expected.
lib/visualLab/data/poiExtraGuatemalaCitiesV2.ts(848,808): error TS1005: ';' expected.
lib/visualLab/data/poiExtraGuatemalaCitiesV2.ts(848,1618): error TS1005: ';' expected.
lib/visualLab/data/poiExtraGuatemalaCitiesV2.ts(848,2305): error TS1005: ';' expected.
lib/visualLab/data/poiExtraGuatemalaCitiesV2.ts(848,3081): error TS1128: Declaration or statement expected.
lib/visualLab/data/poiExtraGuatemalaCitiesV2.ts(849,318): error TS1005: ';' expected.
lib/visualLab/data/poiExtraGuatemalaCitiesV2.ts(849,847): error TS1005: ';' expected.
lib/visualLab/data/poiExtraGuatemalaCitiesV2.ts(849,1374): error TS1005: ';' expected.
lib/visualLab/data/poiExtraGuatemalaCitiesV2.ts(850,4): error TS1128: Declaration or statement expected.
lib/visualLab/data/poiExtraGuatemalaCitiesV2.ts(853,9): error TS1005: ';' expected.
lib/visualLab/data/poiExtraGuatemalaCitiesV2.ts(854,11): error TS1005: ';' expected.
lib/visualLab/data/poiExtraGuatemalaCitiesV2.ts(855,11): error TS1005: ';' expected.
lib/visualLab/data/poiExtraGuatemalaCitiesV2.ts(856,9): error TS1005: ';' expected.
lib/visualLab/data/poiExtraGuatemalaCitiesV2.ts(856,30): error TS1005: ';' expected.
lib/visualLab/data/poiExtraGuatemalaCitiesV2.ts(856,45): error TS1005: ';' expected.
lib/visualLab/data/poiExtraGuatemalaCitiesV2.ts(856,60): error TS1005: ';' expected.
lib/visualLab/data/poiExtraGuatemalaCitiesV2.ts(856,73): error TS1128: Declaration or statement expected.
lib/visualLab/data/poiExtraGuatemalaCitiesV2.ts(857,92): error TS1005: ';' expected.
lib/visualLab/data/poiExtraGuatemalaCitiesV2.ts(857,156): error TS1005: ';' expected.
lib/visualLab/data/poiExtraGuatemalaCitiesV2.ts(857,219): error TS1005: ';' expected.
lib/visualLab/data/poiExtraGuatemalaCitiesV2.ts(857,281): error TS1128: Declaration or statement expected.
lib/visualLab/data/poiExtraGuatemalaCitiesV2.ts(858,110): error TS1005: ';' expected.
lib/visualLab/data/poiExtraGuatemalaCitiesV2.ts(858,216): error TS1005: ';' expected.
lib/visualLab/data/poiExtraGuatemalaCitiesV2.ts(858,321): error TS1005: ';' expected.
lib/visualLab/data/poiExtraGuatemalaCitiesV2.ts(858,415): error TS1128: Declaration or statement expected.
lib/visualLab/data/poiExtraGuatemalaCitiesV2.ts(859,891): error TS1005: ';' expected.
lib/visualLab/data/poiExtraGuatemalaCitiesV2.ts(859,1754): error TS1005: ';' expected.
lib/visualLab/data/poiExtraGuatemalaCitiesV2.ts(859,2399): error TS1005: ';' expected.
lib/visualLab/data/poiExtraGuatemalaCitiesV2.ts(859,3258): error TS1128: Declaration or statement expected.
lib/visualLab/data/poiExtraGuatemalaCitiesV2.ts(860,325): error TS1005: ';' expected.
lib/visualLab/data/poiExtraGuatemalaCitiesV2.ts(860,918): error TS1005: ';' expected.
lib/visualLab/data/poiExtraGuatemalaCitiesV2.ts(860,1463): error TS1005: ';' expected.
lib/visualLab/data/poiExtraGuatemalaCitiesV2.ts(861,4): error TS1128: Declaration or statement expected.
lib/visualLab/data/poiExtraGuatemalaCitiesV2.ts(864,9): error TS1005: ';' expected.
lib/visualLab/data/poiExtraGuatemalaCitiesV2.ts(865,11): error TS1005: ';' expected.
lib/visualLab/data/poiExtraGuatemalaCitiesV2.ts(866,11): error TS1005: ';' expected.
lib/visualLab/data/poiExtraGuatemalaCitiesV2.ts(867,9): error TS1005: ';' expected.
lib/visualLab/data/poiExtraGuatemalaCitiesV2.ts(867,30): error TS1005: ';' expected.
lib/visualLab/data/poiExtraGuatemalaCitiesV2.ts(867,45): error TS1005: ';' expected.
lib/visualLab/data/poiExtraGuatemalaCitiesV2.ts(867,60): error TS1005: ';' expected.
lib/visualLab/data/poiExtraGuatemalaCitiesV2.ts(867,73): error TS1128: Declaration or statement expected.
lib/visualLab/data/poiExtraGuatemalaCitiesV2.ts(868,75): error TS1005: ';' expected.
lib/visualLab/data/poiExtraGuatemalaCitiesV2.ts(868,127): error TS1005: ';' expected.
lib/visualLab/data/poiExtraGuatemalaCitiesV2.ts(868,175): error TS1005: ';' expected.
lib/visualLab/data/poiExtraGuatemalaCitiesV2.ts(868,220): error TS1128: Declaration or statement expected.
lib/visualLab/data/poiExtraGuatemalaCitiesV2.ts(869,89): error TS1005: ';' expected.
lib/visualLab/data/poiExtraGuatemalaCitiesV2.ts(869,164): error TS1005: ';' expected.
lib/visualLab/data/poiExtraGuatemalaCitiesV2.ts(869,236): error TS1005: ';' expected.
lib/visualLab/data/poiExtraGuatemalaCitiesV2.ts(869,309): error TS1128: Declaration or statement expected.
lib/visualLab/data/poiExtraGuatemalaCitiesV2.ts(870,816): error TS1005: ';' expected.
lib/visualLab/data/poiExtraGuatemalaCitiesV2.ts(870,1684): error TS1005: ';' expected.
lib/visualLab/data/poiExtraGuatemalaCitiesV2.ts(870,2367): error TS1005: ';' expected.
lib/visualLab/data/poiExtraGuatemalaCitiesV2.ts(870,3151): error TS1128: Declaration or statement expected.
lib/visualLab/data/poiExtraGuatemalaCitiesV2.ts(871,336): error TS1005: ';' expected.
lib/visualLab/data/poiExtraGuatemalaCitiesV2.ts(871,917): error TS1005: ';' expected.
lib/visualLab/data/poiExtraGuatemalaCitiesV2.ts(871,1458): error TS1005: ';' expected.
lib/visualLab/data/poiExtraGuatemalaCitiesV2.ts(872,4): error TS1128: Declaration or statement expected.
lib/visualLab/data/poiExtraGuatemalaCitiesV2.ts(875,9): error TS1005: ';' expected.
lib/visualLab/data/poiExtraGuatemalaCitiesV2.ts(876,11): error TS1005: ';' expected.
lib/visualLab/data/poiExtraGuatemalaCitiesV2.ts(877,11): error TS1005: ';' expected.
lib/visualLab/data/poiExtraGuatemalaCitiesV2.ts(878,9): error TS1005: ';' expected.
lib/visualLab/data/poiExtraGuatemalaCitiesV2.ts(878,48): error TS1005: ';' expected.
lib/visualLab/data/poiExtraGuatemalaCitiesV2.ts(878,81): error TS1005: ';' expected.
lib/visualLab/data/poiExtraGuatemalaCitiesV2.ts(878,114): error TS1005: ';' expected.
lib/visualLab/data/poiExtraGuatemalaCitiesV2.ts(878,145): error TS1128: Declaration or statement expected.
lib/visualLab/data/poiExtraGuatemalaCitiesV2.ts(879,74): error TS1005: ';' expected.
lib/visualLab/data/poiExtraGuatemalaCitiesV2.ts(879,116): error TS1005: ';' expected.
lib/visualLab/data/poiExtraGuatemalaCitiesV2.ts(879,174): error TS1005: ';' expected.
lib/visualLab/data/poiExtraGuatemalaCitiesV2.ts(879,228): error TS1128: Declaration or statement expected.
lib/visualLab/data/poiExtraGuatemalaCitiesV2.ts(880,98): error TS1005: ';' expected.
lib/visualLab/data/poiExtraGuatemalaCitiesV2.ts(880,185): error TS1005: ';' expected.
lib/visualLab/data/poiExtraGuatemalaCitiesV2.ts(880,272): error TS1005: ';' expected.
lib/visualLab/data/poiExtraGuatemalaCitiesV2.ts(880,359): error TS1128: Declaration or statement expected.
lib/visualLab/data/poiExtraGuatemalaCitiesV2.ts(881,812): error TS1005: ';' expected.
lib/visualLab/data/poiExtraGuatemalaCitiesV2.ts(881,1589): error TS1005: ';' expected.
lib/visualLab/data/poiExtraGuatemalaCitiesV2.ts(881,2214): error TS1005: ';' expected.
lib/visualLab/data/poiExtraGuatemalaCitiesV2.ts(881,3009): error TS1128: Declaration or statement expected.
lib/visualLab/data/poiExtraGuatemalaCitiesV2.ts(882,350): error TS1005: ';' expected.
lib/visualLab/data/poiExtraGuatemalaCitiesV2.ts(882,933): error TS1005: ';' expected.
lib/visualLab/data/poiExtraGuatemalaCitiesV2.ts(882,1495): error TS1005: ';' expected.
lib/visualLab/data/poiExtraGuatemalaCitiesV2.ts(884,1): error TS1128: Declaration or statement expected.
lib/visualLab/data/poiExtraGuatemalaCitiesV2.ts(886,1): error TS1005: '}' expected.
lib/visualLab/data/poiExtraSenegalCitiesV2.ts(126,3): error TS1136: Property assignment expected.
lib/visualLab/data/poiExtraSenegalCitiesV2.ts(157,3): error TS1136: Property assignment expected.
lib/visualLab/data/poiExtraSenegalEconomicV2.ts(44,11): error TS1005: ',' expected.
lib/visualLab/data/poiExtraSenegalEconomicV2.ts(44,66): error TS1005: ',' expected.
lib/visualLab/data/poiExtraSenegalEconomicV2.ts(44,67): error TS1128: Declaration or statement expected.
lib/visualLab/data/poiExtraSenegalEconomicV2.ts(47,9): error TS1005: ';' expected.
lib/visualLab/data/poiExtraSenegalEconomicV2.ts(48,11): error TS1005: ';' expected.
lib/visualLab/data/poiExtraSenegalEconomicV2.ts(49,11): error TS1005: ';' expected.
lib/visualLab/data/poiExtraSenegalEconomicV2.ts(50,9): error TS1005: ';' expected.
lib/visualLab/data/poiExtraSenegalEconomicV2.ts(52,9): error TS1005: ';' expected.
lib/visualLab/data/poiExtraSenegalEconomicV2.ts(53,9): error TS1005: ';' expected.
lib/visualLab/data/poiExtraSenegalEconomicV2.ts(54,9): error TS1005: ';' expected.
lib/visualLab/data/poiExtraSenegalEconomicV2.ts(55,6): error TS1128: Declaration or statement expected.
lib/visualLab/data/poiExtraSenegalEconomicV2.ts(57,9): error TS1005: ';' expected.
lib/visualLab/data/poiExtraSenegalEconomicV2.ts(58,9): error TS1005: ';' expected.
lib/visualLab/data/poiExtraSenegalEconomicV2.ts(59,9): error TS1005: ';' expected.
lib/visualLab/data/poiExtraSenegalEconomicV2.ts(60,6): error TS1128: Declaration or statement expected.
lib/visualLab/data/poiExtraSenegalEconomicV2.ts(66,9): error TS1005: ';' expected.
lib/visualLab/data/poiExtraSenegalEconomicV2.ts(70,9): error TS1005: ';' expected.
lib/visualLab/data/poiExtraSenegalEconomicV2.ts(74,9): error TS1005: ';' expected.
lib/visualLab/data/poiExtraSenegalEconomicV2.ts(78,24): error TS1005: ';' expected.
lib/visualLab/data/poiExtraSenegalEconomicV2.ts(80,6): error TS1128: Declaration or statement expected.
lib/visualLab/data/poiExtraSenegalEconomicV2.ts(85,4): error TS1128: Declaration or statement expected.
lib/visualLab/data/poiExtraSenegalEconomicV2.ts(85,62): error TS1128: Declaration or statement expected.
lib/visualLab/data/poiExtraSenegalEconomicV2.ts(85,63): error TS1128: Declaration or statement expected.
lib/visualLab/data/poiExtraSenegalEconomicV2.ts(88,9): error TS1005: ';' expected.
lib/visualLab/data/poiExtraSenegalEconomicV2.ts(89,11): error TS1005: ';' expected.
lib/visualLab/data/poiExtraSenegalEconomicV2.ts(90,11): error TS1005: ';' expected.
lib/visualLab/data/poiExtraSenegalEconomicV2.ts(91,9): error TS1005: ';' expected.
lib/visualLab/data/poiExtraSenegalEconomicV2.ts(93,9): error TS1005: ';' expected.
lib/visualLab/data/poiExtraSenegalEconomicV2.ts(94,9): error TS1005: ';' expected.
lib/visualLab/data/poiExtraSenegalEconomicV2.ts(95,9): error TS1005: ';' expected.
lib/visualLab/data/poiExtraSenegalEconomicV2.ts(96,6): error TS1128: Declaration or statement expected.
lib/visualLab/data/poiExtraSenegalEconomicV2.ts(98,9): error TS1005: ';' expected.
lib/visualLab/data/poiExtraSenegalEconomicV2.ts(99,9): error TS1005: ';' expected.
lib/visualLab/data/poiExtraSenegalEconomicV2.ts(100,9): error TS1005: ';' expected.
lib/visualLab/data/poiExtraSenegalEconomicV2.ts(101,6): error TS1128: Declaration or statement expected.
lib/visualLab/data/poiExtraSenegalEconomicV2.ts(107,9): error TS1005: ';' expected.
lib/visualLab/data/poiExtraSenegalEconomicV2.ts(111,9): error TS1005: ';' expected.
lib/visualLab/data/poiExtraSenegalEconomicV2.ts(115,9): error TS1005: ';' expected.
lib/visualLab/data/poiExtraSenegalEconomicV2.ts(119,24): error TS1005: ';' expected.
lib/visualLab/data/poiExtraSenegalEconomicV2.ts(121,6): error TS1128: Declaration or statement expected.
lib/visualLab/data/poiExtraSenegalEconomicV2.ts(126,4): error TS1128: Declaration or statement expected.
lib/visualLab/data/poiExtraSenegalEconomicV2.ts(126,59): error TS1128: Declaration or statement expected.
lib/visualLab/data/poiExtraSenegalEconomicV2.ts(126,60): error TS1128: Declaration or statement expected.
lib/visualLab/data/poiExtraSenegalEconomicV2.ts(129,9): error TS1005: ';' expected.
lib/visualLab/data/poiExtraSenegalEconomicV2.ts(130,11): error TS1005: ';' expected.
lib/visualLab/data/poiExtraSenegalEconomicV2.ts(131,11): error TS1005: ';' expected.
lib/visualLab/data/poiExtraSenegalEconomicV2.ts(132,9): error TS1005: ';' expected.
lib/visualLab/data/poiExtraSenegalEconomicV2.ts(134,9): error TS1005: ';' expected.
lib/visualLab/data/poiExtraSenegalEconomicV2.ts(135,9): error TS1005: ';' expected.
lib/visualLab/data/poiExtraSenegalEconomicV2.ts(136,9): error TS1005: ';' expected.
lib/visualLab/data/poiExtraSenegalEconomicV2.ts(137,6): error TS1128: Declaration or statement expected.
lib/visualLab/data/poiExtraSenegalEconomicV2.ts(139,9): error TS1005: ';' expected.
lib/visualLab/data/poiExtraSenegalEconomicV2.ts(140,9): error TS1005: ';' expected.
lib/visualLab/data/poiExtraSenegalEconomicV2.ts(141,9): error TS1005: ';' expected.
lib/visualLab/data/poiExtraSenegalEconomicV2.ts(142,6): error TS1128: Declaration or statement expected.
lib/visualLab/data/poiExtraSenegalEconomicV2.ts(148,9): error TS1005: ';' expected.
lib/visualLab/data/poiExtraSenegalEconomicV2.ts(152,9): error TS1005: ';' expected.
lib/visualLab/data/poiExtraSenegalEconomicV2.ts(156,9): error TS1005: ';' expected.
lib/visualLab/data/poiExtraSenegalEconomicV2.ts(160,24): error TS1005: ';' expected.
lib/visualLab/data/poiExtraSenegalEconomicV2.ts(162,6): error TS1128: Declaration or statement expected.
lib/visualLab/data/poiExtraSenegalEconomicV2.ts(167,4): error TS1128: Declaration or statement expected.
lib/visualLab/data/poiExtraSenegalEconomicV2.ts(167,56): error TS1128: Declaration or statement expected.
lib/visualLab/data/poiExtraSenegalEconomicV2.ts(167,57): error TS1128: Declaration or statement expected.
lib/visualLab/data/poiExtraSenegalEconomicV2.ts(170,9): error TS1005: ';' expected.
lib/visualLab/data/poiExtraSenegalEconomicV2.ts(171,11): error TS1005: ';' expected.
lib/visualLab/data/poiExtraSenegalEconomicV2.ts(172,11): error TS1005: ';' expected.
lib/visualLab/data/poiExtraSenegalEconomicV2.ts(173,9): error TS1005: ';' expected.
lib/visualLab/data/poiExtraSenegalEconomicV2.ts(175,9): error TS1005: ';' expected.
lib/visualLab/data/poiExtraSenegalEconomicV2.ts(176,9): error TS1005: ';' expected.
lib/visualLab/data/poiExtraSenegalEconomicV2.ts(177,9): error TS1005: ';' expected.
lib/visualLab/data/poiExtraSenegalEconomicV2.ts(178,6): error TS1128: Declaration or statement expected.
lib/visualLab/data/poiExtraSenegalEconomicV2.ts(180,9): error TS1005: ';' expected.
lib/visualLab/data/poiExtraSenegalEconomicV2.ts(181,9): error TS1005: ';' expected.
lib/visualLab/data/poiExtraSenegalEconomicV2.ts(182,9): error TS1005: ';' expected.
lib/visualLab/data/poiExtraSenegalEconomicV2.ts(183,6): error TS1128: Declaration or statement expected.
lib/visualLab/data/poiExtraSenegalEconomicV2.ts(189,9): error TS1005: ';' expected.
lib/visualLab/data/poiExtraSenegalEconomicV2.ts(193,9): error TS1005: ';' expected.
lib/visualLab/data/poiExtraSenegalEconomicV2.ts(197,9): error TS1005: ';' expected.
lib/visualLab/data/poiExtraSenegalEconomicV2.ts(201,24): error TS1005: ';' expected.
lib/visualLab/data/poiExtraSenegalEconomicV2.ts(203,6): error TS1128: Declaration or statement expected.
lib/visualLab/data/poiExtraSenegalEconomicV2.ts(208,4): error TS1128: Declaration or statement expected.
lib/visualLab/data/poiExtraSenegalEconomicV2.ts(208,58): error TS1128: Declaration or statement expected.
lib/visualLab/data/poiExtraSenegalEconomicV2.ts(208,59): error TS1128: Declaration or statement expected.
lib/visualLab/data/poiExtraSenegalEconomicV2.ts(211,9): error TS1005: ';' expected.
lib/visualLab/data/poiExtraSenegalEconomicV2.ts(212,11): error TS1005: ';' expected.
lib/visualLab/data/poiExtraSenegalEconomicV2.ts(213,11): error TS1005: ';' expected.
lib/visualLab/data/poiExtraSenegalEconomicV2.ts(214,9): error TS1005: ';' expected.
lib/visualLab/data/poiExtraSenegalEconomicV2.ts(216,9): error TS1005: ';' expected.
lib/visualLab/data/poiExtraSenegalEconomicV2.ts(217,9): error TS1005: ';' expected.
lib/visualLab/data/poiExtraSenegalEconomicV2.ts(218,9): error TS1005: ';' expected.
lib/visualLab/data/poiExtraSenegalEconomicV2.ts(219,6): error TS1128: Declaration or statement expected.
lib/visualLab/data/poiExtraSenegalEconomicV2.ts(221,9): error TS1005: ';' expected.
lib/visualLab/data/poiExtraSenegalEconomicV2.ts(222,9): error TS1005: ';' expected.
lib/visualLab/data/poiExtraSenegalEconomicV2.ts(223,9): error TS1005: ';' expected.
lib/visualLab/data/poiExtraSenegalEconomicV2.ts(224,6): error TS1128: Declaration or statement expected.
lib/visualLab/data/poiExtraSenegalEconomicV2.ts(230,9): error TS1005: ';' expected.
lib/visualLab/data/poiExtraSenegalEconomicV2.ts(234,9): error TS1005: ';' expected.
lib/visualLab/data/poiExtraSenegalEconomicV2.ts(238,9): error TS1005: ';' expected.
lib/visualLab/data/poiExtraSenegalEconomicV2.ts(242,24): error TS1005: ';' expected.
lib/visualLab/data/poiExtraSenegalEconomicV2.ts(244,6): error TS1128: Declaration or statement expected.
lib/visualLab/data/poiExtraSenegalEconomicV2.ts(249,4): error TS1128: Declaration or statement expected.
lib/visualLab/data/poiExtraSenegalEconomicV2.ts(249,60): error TS1128: Declaration or statement expected.
lib/visualLab/data/poiExtraSenegalEconomicV2.ts(249,61): error TS1128: Declaration or statement expected.
lib/visualLab/data/poiExtraSenegalEconomicV2.ts(252,9): error TS1005: ';' expected.
lib/visualLab/data/poiExtraSenegalEconomicV2.ts(253,11): error TS1005: ';' expected.
lib/visualLab/data/poiExtraSenegalEconomicV2.ts(254,11): error TS1005: ';' expected.
lib/visualLab/data/poiExtraSenegalEconomicV2.ts(255,9): error TS1005: ';' expected.
lib/visualLab/data/poiExtraSenegalEconomicV2.ts(257,9): error TS1005: ';' expected.
lib/visualLab/data/poiExtraSenegalEconomicV2.ts(258,9): error TS1005: ';' expected.
lib/visualLab/data/poiExtraSenegalEconomicV2.ts(259,9): error TS1005: ';' expected.
lib/visualLab/data/poiExtraSenegalEconomicV2.ts(260,6): error TS1128: Declaration or statement expected.
lib/visualLab/data/poiExtraSenegalEconomicV2.ts(262,9): error TS1005: ';' expected.
lib/visualLab/data/poiExtraSenegalEconomicV2.ts(263,9): error TS1005: ';' expected.
lib/visualLab/data/poiExtraSenegalEconomicV2.ts(264,9): error TS1005: ';' expected.
lib/visualLab/data/poiExtraSenegalEconomicV2.ts(265,6): error TS1128: Declaration or statement expected.
lib/visualLab/data/poiExtraSenegalEconomicV2.ts(271,9): error TS1005: ';' expected.
lib/visualLab/data/poiExtraSenegalEconomicV2.ts(275,9): error TS1005: ';' expected.
lib/visualLab/data/poiExtraSenegalEconomicV2.ts(279,9): error TS1005: ';' expected.
lib/visualLab/data/poiExtraSenegalEconomicV2.ts(283,24): error TS1005: ';' expected.
lib/visualLab/data/poiExtraSenegalEconomicV2.ts(285,6): error TS1128: Declaration or statement expected.
lib/visualLab/data/poiExtraSenegalEconomicV2.ts(290,4): error TS1128: Declaration or statement expected.
lib/visualLab/data/poiExtraSenegalEconomicV2.ts(290,62): error TS1128: Declaration or statement expected.
lib/visualLab/data/poiExtraSenegalEconomicV2.ts(290,63): error TS1128: Declaration or statement expected.
lib/visualLab/data/poiExtraSenegalEconomicV2.ts(293,9): error TS1005: ';' expected.
lib/visualLab/data/poiExtraSenegalEconomicV2.ts(294,11): error TS1005: ';' expected.
lib/visualLab/data/poiExtraSenegalEconomicV2.ts(295,11): error TS1005: ';' expected.
lib/visualLab/data/poiExtraSenegalEconomicV2.ts(296,9): error TS1005: ';' expected.
lib/visualLab/data/poiExtraSenegalEconomicV2.ts(298,9): error TS1005: ';' expected.
lib/visualLab/data/poiExtraSenegalEconomicV2.ts(299,9): error TS1005: ';' expected.
lib/visualLab/data/poiExtraSenegalEconomicV2.ts(300,9): error TS1005: ';' expected.
lib/visualLab/data/poiExtraSenegalEconomicV2.ts(301,6): error TS1128: Declaration or statement expected.
lib/visualLab/data/poiExtraSenegalEconomicV2.ts(303,9): error TS1005: ';' expected.
lib/visualLab/data/poiExtraSenegalEconomicV2.ts(304,9): error TS1005: ';' expected.
lib/visualLab/data/poiExtraSenegalEconomicV2.ts(305,9): error TS1005: ';' expected.
lib/visualLab/data/poiExtraSenegalEconomicV2.ts(306,6): error TS1128: Declaration or statement expected.
lib/visualLab/data/poiExtraSenegalEconomicV2.ts(312,9): error TS1005: ';' expected.
lib/visualLab/data/poiExtraSenegalEconomicV2.ts(316,9): error TS1005: ';' expected.
lib/visualLab/data/poiExtraSenegalEconomicV2.ts(320,9): error TS1005: ';' expected.
lib/visualLab/data/poiExtraSenegalEconomicV2.ts(324,24): error TS1005: ';' expected.
lib/visualLab/data/poiExtraSenegalEconomicV2.ts(326,6): error TS1128: Declaration or statement expected.
lib/visualLab/data/poiExtraSenegalEconomicV2.ts(331,4): error TS1128: Declaration or statement expected.
lib/visualLab/data/poiExtraSenegalEconomicV2.ts(331,60): error TS1128: Declaration or statement expected.
lib/visualLab/data/poiExtraSenegalEconomicV2.ts(331,61): error TS1128: Declaration or statement expected.
lib/visualLab/data/poiExtraSenegalEconomicV2.ts(334,9): error TS1005: ';' expected.
lib/visualLab/data/poiExtraSenegalEconomicV2.ts(335,11): error TS1005: ';' expected.
lib/visualLab/data/poiExtraSenegalEconomicV2.ts(336,11): error TS1005: ';' expected.
lib/visualLab/data/poiExtraSenegalEconomicV2.ts(337,9): error TS1005: ';' expected.
lib/visualLab/data/poiExtraSenegalEconomicV2.ts(339,9): error TS1005: ';' expected.
lib/visualLab/data/poiExtraSenegalEconomicV2.ts(340,9): error TS1005: ';' expected.
lib/visualLab/data/poiExtraSenegalEconomicV2.ts(341,9): error TS1005: ';' expected.
lib/visualLab/data/poiExtraSenegalEconomicV2.ts(342,6): error TS1128: Declaration or statement expected.
lib/visualLab/data/poiExtraSenegalEconomicV2.ts(344,9): error TS1005: ';' expected.
lib/visualLab/data/poiExtraSenegalEconomicV2.ts(345,9): error TS1005: ';' expected.
lib/visualLab/data/poiExtraSenegalEconomicV2.ts(346,9): error TS1005: ';' expected.
lib/visualLab/data/poiExtraSenegalEconomicV2.ts(347,6): error TS1128: Declaration or statement expected.
lib/visualLab/data/poiExtraSenegalEconomicV2.ts(353,9): error TS1005: ';' expected.
lib/visualLab/data/poiExtraSenegalEconomicV2.ts(357,9): error TS1005: ';' expected.
lib/visualLab/data/poiExtraSenegalEconomicV2.ts(361,9): error TS1005: ';' expected.
lib/visualLab/data/poiExtraSenegalEconomicV2.ts(365,24): error TS1005: ';' expected.
lib/visualLab/data/poiExtraSenegalEconomicV2.ts(367,6): error TS1128: Declaration or statement expected.
lib/visualLab/data/poiExtraSenegalEconomicV2.ts(372,4): error TS1128: Declaration or statement expected.
lib/visualLab/data/poiExtraSenegalEconomicV2.ts(372,63): error TS1128: Declaration or statement expected.
lib/visualLab/data/poiExtraSenegalEconomicV2.ts(372,64): error TS1128: Declaration or statement expected.
lib/visualLab/data/poiExtraSenegalEconomicV2.ts(375,9): error TS1005: ';' expected.
lib/visualLab/data/poiExtraSenegalEconomicV2.ts(376,11): error TS1005: ';' expected.
lib/visualLab/data/poiExtraSenegalEconomicV2.ts(377,11): error TS1005: ';' expected.
lib/visualLab/data/poiExtraSenegalEconomicV2.ts(378,9): error TS1005: ';' expected.
lib/visualLab/data/poiExtraSenegalEconomicV2.ts(380,9): error TS1005: ';' expected.
lib/visualLab/data/poiExtraSenegalEconomicV2.ts(381,9): error TS1005: ';' expected.
lib/visualLab/data/poiExtraSenegalEconomicV2.ts(382,9): error TS1005: ';' expected.
lib/visualLab/data/poiExtraSenegalEconomicV2.ts(383,6): error TS1128: Declaration or statement expected.
lib/visualLab/data/poiExtraSenegalEconomicV2.ts(385,9): error TS1005: ';' expected.
lib/visualLab/data/poiExtraSenegalEconomicV2.ts(386,9): error TS1005: ';' expected.
lib/visualLab/data/poiExtraSenegalEconomicV2.ts(387,9): error TS1005: ';' expected.
lib/visualLab/data/poiExtraSenegalEconomicV2.ts(388,6): error TS1128: Declaration or statement expected.
lib/visualLab/data/poiExtraSenegalEconomicV2.ts(394,9): error TS1005: ';' expected.
lib/visualLab/data/poiExtraSenegalEconomicV2.ts(398,9): error TS1005: ';' expected.
lib/visualLab/data/poiExtraSenegalEconomicV2.ts(402,9): error TS1005: ';' expected.
lib/visualLab/data/poiExtraSenegalEconomicV2.ts(406,24): error TS1005: ';' expected.
lib/visualLab/data/poiExtraSenegalEconomicV2.ts(408,6): error TS1128: Declaration or statement expected.
lib/visualLab/data/poiExtraSenegalEconomicV2.ts(413,4): error TS1128: Declaration or statement expected.
lib/visualLab/data/poiExtraSenegalEconomicV2.ts(413,61): error TS1128: Declaration or statement expected.
lib/visualLab/data/poiExtraSenegalEconomicV2.ts(413,62): error TS1128: Declaration or statement expected.
lib/visualLab/data/poiExtraSenegalEconomicV2.ts(416,9): error TS1005: ';' expected.
lib/visualLab/data/poiExtraSenegalEconomicV2.ts(417,11): error TS1005: ';' expected.
lib/visualLab/data/poiExtraSenegalEconomicV2.ts(418,11): error TS1005: ';' expected.
lib/visualLab/data/poiExtraSenegalEconomicV2.ts(419,9): error TS1005: ';' expected.
lib/visualLab/data/poiExtraSenegalEconomicV2.ts(421,9): error TS1005: ';' expected.
lib/visualLab/data/poiExtraSenegalEconomicV2.ts(422,9): error TS1005: ';' expected.
lib/visualLab/data/poiExtraSenegalEconomicV2.ts(423,9): error TS1005: ';' expected.
lib/visualLab/data/poiExtraSenegalEconomicV2.ts(424,6): error TS1128: Declaration or statement expected.
lib/visualLab/data/poiExtraSenegalEconomicV2.ts(426,9): error TS1005: ';' expected.
lib/visualLab/data/poiExtraSenegalEconomicV2.ts(427,9): error TS1005: ';' expected.
lib/visualLab/data/poiExtraSenegalEconomicV2.ts(428,9): error TS1005: ';' expected.
lib/visualLab/data/poiExtraSenegalEconomicV2.ts(429,6): error TS1128: Declaration or statement expected.
lib/visualLab/data/poiExtraSenegalEconomicV2.ts(435,9): error TS1005: ';' expected.
lib/visualLab/data/poiExtraSenegalEconomicV2.ts(439,9): error TS1005: ';' expected.
lib/visualLab/data/poiExtraSenegalEconomicV2.ts(443,9): error TS1005: ';' expected.
lib/visualLab/data/poiExtraSenegalEconomicV2.ts(447,24): error TS1005: ';' expected.
lib/visualLab/data/poiExtraSenegalEconomicV2.ts(449,6): error TS1128: Declaration or statement expected.
lib/visualLab/data/poiExtraSenegalEconomicV2.ts(456,9): error TS1005: ';' expected.
lib/visualLab/data/poiExtraSenegalEconomicV2.ts(457,11): error TS1005: ';' expected.
lib/visualLab/data/poiExtraSenegalEconomicV2.ts(458,11): error TS1005: ';' expected.
lib/visualLab/data/poiExtraSenegalEconomicV2.ts(459,9): error TS1005: ';' expected.
lib/visualLab/data/poiExtraSenegalEconomicV2.ts(461,9): error TS1005: ';' expected.
lib/visualLab/data/poiExtraSenegalEconomicV2.ts(462,9): error TS1005: ';' expected.
lib/visualLab/data/poiExtraSenegalEconomicV2.ts(463,9): error TS1005: ';' expected.
lib/visualLab/data/poiExtraSenegalEconomicV2.ts(464,6): error TS1128: Declaration or statement expected.
lib/visualLab/data/poiExtraSenegalEconomicV2.ts(466,9): error TS1005: ';' expected.
lib/visualLab/data/poiExtraSenegalEconomicV2.ts(467,9): error TS1005: ';' expected.
lib/visualLab/data/poiExtraSenegalEconomicV2.ts(468,9): error TS1005: ';' expected.
lib/visualLab/data/poiExtraSenegalEconomicV2.ts(469,6): error TS1128: Declaration or statement expected.
lib/visualLab/data/poiExtraSenegalEconomicV2.ts(475,9): error TS1005: ';' expected.
lib/visualLab/data/poiExtraSenegalEconomicV2.ts(479,9): error TS1005: ';' expected.
lib/visualLab/data/poiExtraSenegalEconomicV2.ts(483,9): error TS1005: ';' expected.
lib/visualLab/data/poiExtraSenegalEconomicV2.ts(487,24): error TS1005: ';' expected.
lib/visualLab/data/poiExtraSenegalEconomicV2.ts(489,6): error TS1128: Declaration or statement expected.
lib/visualLab/data/poiExtraSenegalEconomicV2.ts(494,4): error TS1128: Declaration or statement expected.
lib/visualLab/data/poiExtraSenegalEconomicV2.ts(494,72): error TS1128: Declaration or statement expected.
lib/visualLab/data/poiExtraSenegalEconomicV2.ts(494,73): error TS1128: Declaration or statement expected.
lib/visualLab/data/poiExtraSenegalEconomicV2.ts(497,9): error TS1005: ';' expected.
lib/visualLab/data/poiExtraSenegalEconomicV2.ts(498,11): error TS1005: ';' expected.
lib/visualLab/data/poiExtraSenegalEconomicV2.ts(499,11): error TS1005: ';' expected.
lib/visualLab/data/poiExtraSenegalEconomicV2.ts(500,9): error TS1005: ';' expected.
lib/visualLab/data/poiExtraSenegalEconomicV2.ts(502,9): error TS1005: ';' expected.
lib/visualLab/data/poiExtraSenegalEconomicV2.ts(503,9): error TS1005: ';' expected.
lib/visualLab/data/poiExtraSenegalEconomicV2.ts(504,9): error TS1005: ';' expected.
lib/visualLab/data/poiExtraSenegalEconomicV2.ts(505,6): error TS1128: Declaration or statement expected.
lib/visualLab/data/poiExtraSenegalEconomicV2.ts(507,9): error TS1005: ';' expected.
lib/visualLab/data/poiExtraSenegalEconomicV2.ts(508,9): error TS1005: ';' expected.
lib/visualLab/data/poiExtraSenegalEconomicV2.ts(509,9): error TS1005: ';' expected.
lib/visualLab/data/poiExtraSenegalEconomicV2.ts(510,6): error TS1128: Declaration or statement expected.
lib/visualLab/data/poiExtraSenegalEconomicV2.ts(516,9): error TS1005: ';' expected.
lib/visualLab/data/poiExtraSenegalEconomicV2.ts(520,9): error TS1005: ';' expected.
lib/visualLab/data/poiExtraSenegalEconomicV2.ts(524,9): error TS1005: ';' expected.
lib/visualLab/data/poiExtraSenegalEconomicV2.ts(528,24): error TS1005: ';' expected.
lib/visualLab/data/poiExtraSenegalEconomicV2.ts(530,6): error TS1128: Declaration or statement expected.
lib/visualLab/data/poiExtraSenegalEconomicV2.ts(535,4): error TS1128: Declaration or statement expected.
lib/visualLab/data/poiExtraSenegalEconomicV2.ts(535,60): error TS1128: Declaration or statement expected.
lib/visualLab/data/poiExtraSenegalEconomicV2.ts(535,61): error TS1128: Declaration or statement expected.
lib/visualLab/data/poiExtraSenegalEconomicV2.ts(538,9): error TS1005: ';' expected.
lib/visualLab/data/poiExtraSenegalEconomicV2.ts(539,11): error TS1005: ';' expected.
lib/visualLab/data/poiExtraSenegalEconomicV2.ts(540,11): error TS1005: ';' expected.
lib/visualLab/data/poiExtraSenegalEconomicV2.ts(541,9): error TS1005: ';' expected.
lib/visualLab/data/poiExtraSenegalEconomicV2.ts(543,9): error TS1005: ';' expected.
lib/visualLab/data/poiExtraSenegalEconomicV2.ts(544,9): error TS1005: ';' expected.
lib/visualLab/data/poiExtraSenegalEconomicV2.ts(545,9): error TS1005: ';' expected.
lib/visualLab/data/poiExtraSenegalEconomicV2.ts(546,6): error TS1128: Declaration or statement expected.
lib/visualLab/data/poiExtraSenegalEconomicV2.ts(548,9): error TS1005: ';' expected.
lib/visualLab/data/poiExtraSenegalEconomicV2.ts(549,9): error TS1005: ';' expected.
lib/visualLab/data/poiExtraSenegalEconomicV2.ts(550,9): error TS1005: ';' expected.
lib/visualLab/data/poiExtraSenegalEconomicV2.ts(551,6): error TS1128: Declaration or statement expected.
lib/visualLab/data/poiExtraSenegalEconomicV2.ts(557,9): error TS1005: ';' expected.
lib/visualLab/data/poiExtraSenegalEconomicV2.ts(561,9): error TS1005: ';' expected.
lib/visualLab/data/poiExtraSenegalEconomicV2.ts(565,9): error TS1005: ';' expected.
lib/visualLab/data/poiExtraSenegalEconomicV2.ts(569,24): error TS1005: ';' expected.
lib/visualLab/data/poiExtraSenegalEconomicV2.ts(571,6): error TS1128: Declaration or statement expected.
lib/visualLab/data/poiExtraSenegalEconomicV2.ts(576,4): error TS1128: Declaration or statement expected.
lib/visualLab/data/poiExtraSenegalEconomicV2.ts(576,60): error TS1128: Declaration or statement expected.
lib/visualLab/data/poiExtraSenegalEconomicV2.ts(576,61): error TS1128: Declaration or statement expected.
lib/visualLab/data/poiExtraSenegalEconomicV2.ts(579,9): error TS1005: ';' expected.
lib/visualLab/data/poiExtraSenegalEconomicV2.ts(580,11): error TS1005: ';' expected.
lib/visualLab/data/poiExtraSenegalEconomicV2.ts(581,11): error TS1005: ';' expected.
lib/visualLab/data/poiExtraSenegalEconomicV2.ts(582,9): error TS1005: ';' expected.
lib/visualLab/data/poiExtraSenegalEconomicV2.ts(584,9): error TS1005: ';' expected.
lib/visualLab/data/poiExtraSenegalEconomicV2.ts(585,9): error TS1005: ';' expected.
lib/visualLab/data/poiExtraSenegalEconomicV2.ts(586,9): error TS1005: ';' expected.
lib/visualLab/data/poiExtraSenegalEconomicV2.ts(587,6): error TS1128: Declaration or statement expected.
lib/visualLab/data/poiExtraSenegalEconomicV2.ts(589,9): error TS1005: ';' expected.
lib/visualLab/data/poiExtraSenegalEconomicV2.ts(590,9): error TS1005: ';' expected.
lib/visualLab/data/poiExtraSenegalEconomicV2.ts(591,9): error TS1005: ';' expected.
lib/visualLab/data/poiExtraSenegalEconomicV2.ts(592,6): error TS1128: Declaration or statement expected.
lib/visualLab/data/poiExtraSenegalEconomicV2.ts(598,9): error TS1005: ';' expected.
lib/visualLab/data/poiExtraSenegalEconomicV2.ts(602,9): error TS1005: ';' expected.
lib/visualLab/data/poiExtraSenegalEconomicV2.ts(606,9): error TS1005: ';' expected.
lib/visualLab/data/poiExtraSenegalEconomicV2.ts(610,24): error TS1005: ';' expected.
lib/visualLab/data/poiExtraSenegalEconomicV2.ts(612,6): error TS1128: Declaration or statement expected.
lib/visualLab/data/poiExtraSenegalEconomicV2.ts(617,4): error TS1128: Declaration or statement expected.
lib/visualLab/data/poiExtraSenegalEconomicV2.ts(617,70): error TS1128: Declaration or statement expected.
lib/visualLab/data/poiExtraSenegalEconomicV2.ts(617,71): error TS1128: Declaration or statement expected.
lib/visualLab/data/poiExtraSenegalEconomicV2.ts(620,9): error TS1005: ';' expected.
lib/visualLab/data/poiExtraSenegalEconomicV2.ts(621,11): error TS1005: ';' expected.
lib/visualLab/data/poiExtraSenegalEconomicV2.ts(622,11): error TS1005: ';' expected.
lib/visualLab/data/poiExtraSenegalEconomicV2.ts(623,9): error TS1005: ';' expected.
lib/visualLab/data/poiExtraSenegalEconomicV2.ts(625,9): error TS1005: ';' expected.
lib/visualLab/data/poiExtraSenegalEconomicV2.ts(626,9): error TS1005: ';' expected.
lib/visualLab/data/poiExtraSenegalEconomicV2.ts(627,9): error TS1005: ';' expected.
lib/visualLab/data/poiExtraSenegalEconomicV2.ts(628,6): error TS1128: Declaration or statement expected.
lib/visualLab/data/poiExtraSenegalEconomicV2.ts(630,9): error TS1005: ';' expected.
lib/visualLab/data/poiExtraSenegalEconomicV2.ts(631,9): error TS1005: ';' expected.
lib/visualLab/data/poiExtraSenegalEconomicV2.ts(632,9): error TS1005: ';' expected.
lib/visualLab/data/poiExtraSenegalEconomicV2.ts(633,6): error TS1128: Declaration or statement expected.
lib/visualLab/data/poiExtraSenegalEconomicV2.ts(639,9): error TS1005: ';' expected.
lib/visualLab/data/poiExtraSenegalEconomicV2.ts(643,9): error TS1005: ';' expected.
lib/visualLab/data/poiExtraSenegalEconomicV2.ts(647,9): error TS1005: ';' expected.
lib/visualLab/data/poiExtraSenegalEconomicV2.ts(651,24): error TS1005: ';' expected.
lib/visualLab/data/poiExtraSenegalEconomicV2.ts(653,6): error TS1128: Declaration or statement expected.
lib/visualLab/data/poiExtraSenegalEconomicV2.ts(658,4): error TS1128: Declaration or statement expected.
lib/visualLab/data/poiExtraSenegalEconomicV2.ts(658,60): error TS1128: Declaration or statement expected.
lib/visualLab/data/poiExtraSenegalEconomicV2.ts(658,61): error TS1128: Declaration or statement expected.
lib/visualLab/data/poiExtraSenegalEconomicV2.ts(661,9): error TS1005: ';' expected.
lib/visualLab/data/poiExtraSenegalEconomicV2.ts(662,11): error TS1005: ';' expected.
lib/visualLab/data/poiExtraSenegalEconomicV2.ts(663,11): error TS1005: ';' expected.
lib/visualLab/data/poiExtraSenegalEconomicV2.ts(664,9): error TS1005: ';' expected.
lib/visualLab/data/poiExtraSenegalEconomicV2.ts(666,9): error TS1005: ';' expected.
lib/visualLab/data/poiExtraSenegalEconomicV2.ts(667,9): error TS1005: ';' expected.
lib/visualLab/data/poiExtraSenegalEconomicV2.ts(668,9): error TS1005: ';' expected.
lib/visualLab/data/poiExtraSenegalEconomicV2.ts(669,6): error TS1128: Declaration or statement expected.
lib/visualLab/data/poiExtraSenegalEconomicV2.ts(671,9): error TS1005: ';' expected.
lib/visualLab/data/poiExtraSenegalEconomicV2.ts(672,9): error TS1005: ';' expected.
lib/visualLab/data/poiExtraSenegalEconomicV2.ts(673,9): error TS1005: ';' expected.
lib/visualLab/data/poiExtraSenegalEconomicV2.ts(674,6): error TS1128: Declaration or statement expected.
lib/visualLab/data/poiExtraSenegalEconomicV2.ts(680,9): error TS1005: ';' expected.
lib/visualLab/data/poiExtraSenegalEconomicV2.ts(684,9): error TS1005: ';' expected.
lib/visualLab/data/poiExtraSenegalEconomicV2.ts(688,9): error TS1005: ';' expected.
lib/visualLab/data/poiExtraSenegalEconomicV2.ts(692,24): error TS1005: ';' expected.
lib/visualLab/data/poiExtraSenegalEconomicV2.ts(694,6): error TS1128: Declaration or statement expected.
lib/visualLab/data/poiExtraSenegalEconomicV2.ts(699,4): error TS1128: Declaration or statement expected.
lib/visualLab/data/poiExtraSenegalEconomicV2.ts(699,62): error TS1128: Declaration or statement expected.
lib/visualLab/data/poiExtraSenegalEconomicV2.ts(699,63): error TS1128: Declaration or statement expected.
lib/visualLab/data/poiExtraSenegalEconomicV2.ts(702,9): error TS1005: ';' expected.
lib/visualLab/data/poiExtraSenegalEconomicV2.ts(703,11): error TS1005: ';' expected.
lib/visualLab/data/poiExtraSenegalEconomicV2.ts(704,11): error TS1005: ';' expected.
lib/visualLab/data/poiExtraSenegalEconomicV2.ts(705,9): error TS1005: ';' expected.
lib/visualLab/data/poiExtraSenegalEconomicV2.ts(707,9): error TS1005: ';' expected.
lib/visualLab/data/poiExtraSenegalEconomicV2.ts(708,9): error TS1005: ';' expected.
lib/visualLab/data/poiExtraSenegalEconomicV2.ts(709,9): error TS1005: ';' expected.
lib/visualLab/data/poiExtraSenegalEconomicV2.ts(710,6): error TS1128: Declaration or statement expected.
lib/visualLab/data/poiExtraSenegalEconomicV2.ts(712,9): error TS1005: ';' expected.
lib/visualLab/data/poiExtraSenegalEconomicV2.ts(713,9): error TS1005: ';' expected.
lib/visualLab/data/poiExtraSenegalEconomicV2.ts(714,9): error TS1005: ';' expected.
lib/visualLab/data/poiExtraSenegalEconomicV2.ts(715,6): error TS1128: Declaration or statement expected.
lib/visualLab/data/poiExtraSenegalEconomicV2.ts(721,9): error TS1005: ';' expected.
lib/visualLab/data/poiExtraSenegalEconomicV2.ts(725,9): error TS1005: ';' expected.
lib/visualLab/data/poiExtraSenegalEconomicV2.ts(729,9): error TS1005: ';' expected.
lib/visualLab/data/poiExtraSenegalEconomicV2.ts(733,24): error TS1005: ';' expected.
lib/visualLab/data/poiExtraSenegalEconomicV2.ts(735,6): error TS1128: Declaration or statement expected.
lib/visualLab/data/poiExtraSenegalEconomicV2.ts(742,9): error TS1005: ';' expected.
lib/visualLab/data/poiExtraSenegalEconomicV2.ts(743,11): error TS1005: ';' expected.
lib/visualLab/data/poiExtraSenegalEconomicV2.ts(744,11): error TS1005: ';' expected.
lib/visualLab/data/poiExtraSenegalEconomicV2.ts(745,9): error TS1005: ';' expected.
lib/visualLab/data/poiExtraSenegalEconomicV2.ts(747,9): error TS1005: ';' expected.
lib/visualLab/data/poiExtraSenegalEconomicV2.ts(748,9): error TS1005: ';' expected.
lib/visualLab/data/poiExtraSenegalEconomicV2.ts(749,9): error TS1005: ';' expected.
lib/visualLab/data/poiExtraSenegalEconomicV2.ts(750,6): error TS1128: Declaration or statement expected.
lib/visualLab/data/poiExtraSenegalEconomicV2.ts(752,9): error TS1005: ';' expected.
lib/visualLab/data/poiExtraSenegalEconomicV2.ts(753,9): error TS1005: ';' expected.
lib/visualLab/data/poiExtraSenegalEconomicV2.ts(754,9): error TS1005: ';' expected.
lib/visualLab/data/poiExtraSenegalEconomicV2.ts(755,6): error TS1128: Declaration or statement expected.
lib/visualLab/data/poiExtraSenegalEconomicV2.ts(761,9): error TS1005: ';' expected.
lib/visualLab/data/poiExtraSenegalEconomicV2.ts(765,9): error TS1005: ';' expected.
lib/visualLab/data/poiExtraSenegalEconomicV2.ts(769,9): error TS1005: ';' expected.
lib/visualLab/data/poiExtraSenegalEconomicV2.ts(773,24): error TS1005: ';' expected.
lib/visualLab/data/poiExtraSenegalEconomicV2.ts(775,6): error TS1128: Declaration or statement expected.
lib/visualLab/data/poiExtraSenegalEconomicV2.ts(782,9): error TS1005: ';' expected.
lib/visualLab/data/poiExtraSenegalEconomicV2.ts(783,11): error TS1005: ';' expected.
lib/visualLab/data/poiExtraSenegalEconomicV2.ts(784,11): error TS1005: ';' expected.
lib/visualLab/data/poiExtraSenegalEconomicV2.ts(785,9): error TS1005: ';' expected.
lib/visualLab/data/poiExtraSenegalEconomicV2.ts(787,9): error TS1005: ';' expected.
lib/visualLab/data/poiExtraSenegalEconomicV2.ts(788,9): error TS1005: ';' expected.
lib/visualLab/data/poiExtraSenegalEconomicV2.ts(789,9): error TS1005: ';' expected.
lib/visualLab/data/poiExtraSenegalEconomicV2.ts(790,6): error TS1128: Declaration or statement expected.
lib/visualLab/data/poiExtraSenegalEconomicV2.ts(792,9): error TS1005: ';' expected.
lib/visualLab/data/poiExtraSenegalEconomicV2.ts(793,9): error TS1005: ';' expected.
lib/visualLab/data/poiExtraSenegalEconomicV2.ts(794,9): error TS1005: ';' expected.
lib/visualLab/data/poiExtraSenegalEconomicV2.ts(795,6): error TS1128: Declaration or statement expected.
lib/visualLab/data/poiExtraSenegalEconomicV2.ts(801,9): error TS1005: ';' expected.
lib/visualLab/data/poiExtraSenegalEconomicV2.ts(805,9): error TS1005: ';' expected.
lib/visualLab/data/poiExtraSenegalEconomicV2.ts(809,9): error TS1005: ';' expected.
lib/visualLab/data/poiExtraSenegalEconomicV2.ts(813,24): error TS1005: ';' expected.
lib/visualLab/data/poiExtraSenegalEconomicV2.ts(815,6): error TS1128: Declaration or statement expected.
lib/visualLab/data/poiExtraSenegalEconomicV2.ts(820,4): error TS1128: Declaration or statement expected.
lib/visualLab/data/poiExtraSenegalEconomicV2.ts(820,59): error TS1128: Declaration or statement expected.
lib/visualLab/data/poiExtraSenegalEconomicV2.ts(820,60): error TS1128: Declaration or statement expected.
lib/visualLab/data/poiExtraSenegalEconomicV2.ts(823,9): error TS1005: ';' expected.
lib/visualLab/data/poiExtraSenegalEconomicV2.ts(824,11): error TS1005: ';' expected.
lib/visualLab/data/poiExtraSenegalEconomicV2.ts(825,11): error TS1005: ';' expected.
lib/visualLab/data/poiExtraSenegalEconomicV2.ts(826,9): error TS1005: ';' expected.
lib/visualLab/data/poiExtraSenegalEconomicV2.ts(828,9): error TS1005: ';' expected.
lib/visualLab/data/poiExtraSenegalEconomicV2.ts(829,9): error TS1005: ';' expected.
lib/visualLab/data/poiExtraSenegalEconomicV2.ts(830,9): error TS1005: ';' expected.
lib/visualLab/data/poiExtraSenegalEconomicV2.ts(831,6): error TS1128: Declaration or statement expected.
lib/visualLab/data/poiExtraSenegalEconomicV2.ts(834,9): error TS1005: ';' expected.
lib/visualLab/data/poiExtraSenegalEconomicV2.ts(835,9): error TS1005: ';' expected.
lib/visualLab/data/poiExtraSenegalEconomicV2.ts(836,9): error TS1005: ';' expected.
lib/visualLab/data/poiExtraSenegalEconomicV2.ts(837,6): error TS1128: Declaration or statement expected.
lib/visualLab/data/poiExtraSenegalEconomicV2.ts(843,9): error TS1005: ';' expected.
lib/visualLab/data/poiExtraSenegalEconomicV2.ts(847,9): error TS1005: ';' expected.
lib/visualLab/data/poiExtraSenegalEconomicV2.ts(851,9): error TS1005: ';' expected.
lib/visualLab/data/poiExtraSenegalEconomicV2.ts(855,6): error TS1128: Declaration or statement expected.
lib/visualLab/data/poiExtraSenegalEconomicV2.ts(856,24): error TS1005: ';' expected.
lib/visualLab/data/poiExtraSenegalEconomicV2.ts(858,9): error TS1005: ';' expected.
lib/visualLab/data/poiExtraSenegalEconomicV2.ts(859,9): error TS1005: ';' expected.
lib/visualLab/data/poiExtraSenegalEconomicV2.ts(860,9): error TS1005: ';' expected.
lib/visualLab/data/poiExtraSenegalEconomicV2.ts(861,6): error TS1128: Declaration or statement expected.
lib/visualLab/data/poiExtraSenegalEconomicV2.ts(864,9): error TS1005: ';' expected.
lib/visualLab/data/poiExtraSenegalEconomicV2.ts(865,9): error TS1005: ';' expected.
lib/visualLab/data/poiExtraSenegalEconomicV2.ts(866,9): error TS1005: ';' expected.
lib/visualLab/data/poiExtraSenegalEconomicV2.ts(867,6): error TS1128: Declaration or statement expected.
lib/visualLab/data/poiExtraSenegalEconomicV2.ts(870,9): error TS1005: ';' expected.
lib/visualLab/data/poiExtraSenegalEconomicV2.ts(871,11): error TS1005: ';' expected.
lib/visualLab/data/poiExtraSenegalEconomicV2.ts(872,11): error TS1005: ';' expected.
lib/visualLab/data/poiExtraSenegalEconomicV2.ts(873,9): error TS1005: ';' expected.
lib/visualLab/data/poiExtraSenegalEconomicV2.ts(875,9): error TS1005: ';' expected.
lib/visualLab/data/poiExtraSenegalEconomicV2.ts(876,9): error TS1005: ';' expected.
lib/visualLab/data/poiExtraSenegalEconomicV2.ts(877,9): error TS1005: ';' expected.
lib/visualLab/data/poiExtraSenegalEconomicV2.ts(878,6): error TS1128: Declaration or statement expected.
lib/visualLab/data/poiExtraSenegalEconomicV2.ts(880,9): error TS1005: ';' expected.
lib/visualLab/data/poiExtraSenegalEconomicV2.ts(881,9): error TS1005: ';' expected.
lib/visualLab/data/poiExtraSenegalEconomicV2.ts(882,9): error TS1005: ';' expected.
lib/visualLab/data/poiExtraSenegalEconomicV2.ts(883,6): error TS1128: Declaration or statement expected.
lib/visualLab/data/poiExtraSenegalEconomicV2.ts(889,9): error TS1005: ';' expected.
lib/visualLab/data/poiExtraSenegalEconomicV2.ts(893,9): error TS1005: ';' expected.
lib/visualLab/data/poiExtraSenegalEconomicV2.ts(897,9): error TS1005: ';' expected.
lib/visualLab/data/poiExtraSenegalEconomicV2.ts(901,6): error TS1128: Declaration or statement expected.
lib/visualLab/data/poiExtraSenegalEconomicV2.ts(904,9): error TS1005: ';' expected.
lib/visualLab/data/poiExtraSenegalEconomicV2.ts(905,9): error TS1005: ';' expected.
lib/visualLab/data/poiExtraSenegalEconomicV2.ts(906,9): error TS1005: ';' expected.
lib/visualLab/data/poiExtraSenegalEconomicV2.ts(908,6): error TS1128: Declaration or statement expected.
lib/visualLab/data/poiExtraSenegalEconomicV2.ts(911,9): error TS1005: ';' expected.
lib/visualLab/data/poiExtraSenegalEconomicV2.ts(912,9): error TS1005: ';' expected.
lib/visualLab/data/poiExtraSenegalEconomicV2.ts(913,9): error TS1005: ';' expected.
lib/visualLab/data/poiExtraSenegalEconomicV2.ts(915,6): error TS1128: Declaration or statement expected.
lib/visualLab/data/poiExtraSenegalEconomicV2.ts(918,9): error TS1005: ';' expected.
lib/visualLab/data/poiExtraSenegalEconomicV2.ts(919,11): error TS1005: ';' expected.
lib/visualLab/data/poiExtraSenegalEconomicV2.ts(920,11): error TS1005: ';' expected.
lib/visualLab/data/poiExtraSenegalEconomicV2.ts(921,9): error TS1005: ';' expected.
lib/visualLab/data/poiExtraSenegalEconomicV2.ts(923,9): error TS1005: ';' expected.
lib/visualLab/data/poiExtraSenegalEconomicV2.ts(924,9): error TS1005: ';' expected.
lib/visualLab/data/poiExtraSenegalEconomicV2.ts(925,9): error TS1005: ';' expected.
lib/visualLab/data/poiExtraSenegalEconomicV2.ts(926,6): error TS1128: Declaration or statement expected.
lib/visualLab/data/poiExtraSenegalEconomicV2.ts(928,9): error TS1005: ';' expected.
lib/visualLab/data/poiExtraSenegalEconomicV2.ts(929,9): error TS1005: ';' expected.
lib/visualLab/data/poiExtraSenegalEconomicV2.ts(930,9): error TS1005: ';' expected.
lib/visualLab/data/poiExtraSenegalEconomicV2.ts(931,6): error TS1128: Declaration or statement expected.
lib/visualLab/data/poiExtraSenegalEconomicV2.ts(937,9): error TS1005: ';' expected.
lib/visualLab/data/poiExtraSenegalEconomicV2.ts(941,9): error TS1005: ';' expected.
lib/visualLab/data/poiExtraSenegalEconomicV2.ts(945,9): error TS1005: ';' expected.
lib/visualLab/data/poiExtraSenegalEconomicV2.ts(949,6): error TS1128: Declaration or statement expected.
lib/visualLab/data/poiExtraSenegalEconomicV2.ts(950,24): error TS1005: ';' expected.
lib/visualLab/data/poiExtraSenegalEconomicV2.ts(952,9): error TS1005: ';' expected.
lib/visualLab/data/poiExtraSenegalEconomicV2.ts(953,9): error TS1005: ';' expected.
lib/visualLab/data/poiExtraSenegalEconomicV2.ts(954,9): error TS1005: ';' expected.
lib/visualLab/data/poiExtraSenegalEconomicV2.ts(956,6): error TS1128: Declaration or statement expected.
lib/visualLab/data/poiExtraSenegalEconomicV2.ts(959,9): error TS1005: ';' expected.
lib/visualLab/data/poiExtraSenegalEconomicV2.ts(960,9): error TS1005: ';' expected.
lib/visualLab/data/poiExtraSenegalEconomicV2.ts(961,9): error TS1005: ';' expected.
lib/visualLab/data/poiExtraSenegalEconomicV2.ts(963,6): error TS1128: Declaration or statement expected.
lib/visualLab/data/poiExtraSenegalEconomicV2.ts(966,9): error TS1005: ';' expected.
lib/visualLab/data/poiExtraSenegalEconomicV2.ts(967,11): error TS1005: ';' expected.
lib/visualLab/data/poiExtraSenegalEconomicV2.ts(968,11): error TS1005: ';' expected.
lib/visualLab/data/poiExtraSenegalEconomicV2.ts(969,9): error TS1005: ';' expected.
lib/visualLab/data/poiExtraSenegalEconomicV2.ts(971,9): error TS1005: ';' expected.
lib/visualLab/data/poiExtraSenegalEconomicV2.ts(972,9): error TS1005: ';' expected.
lib/visualLab/data/poiExtraSenegalEconomicV2.ts(973,9): error TS1005: ';' expected.
lib/visualLab/data/poiExtraSenegalEconomicV2.ts(974,6): error TS1128: Declaration or statement expected.
lib/visualLab/data/poiExtraSenegalEconomicV2.ts(976,9): error TS1005: ';' expected.
lib/visualLab/data/poiExtraSenegalEconomicV2.ts(977,9): error TS1005: ';' expected.
lib/visualLab/data/poiExtraSenegalEconomicV2.ts(978,9): error TS1005: ';' expected.
lib/visualLab/data/poiExtraSenegalEconomicV2.ts(979,6): error TS1128: Declaration or statement expected.
lib/visualLab/data/poiExtraSenegalEconomicV2.ts(985,9): error TS1005: ';' expected.
lib/visualLab/data/poiExtraSenegalEconomicV2.ts(989,9): error TS1005: ';' expected.
lib/visualLab/data/poiExtraSenegalEconomicV2.ts(993,9): error TS1005: ';' expected.
lib/visualLab/data/poiExtraSenegalEconomicV2.ts(997,6): error TS1128: Declaration or statement expected.
lib/visualLab/data/poiExtraSenegalEconomicV2.ts(998,24): error TS1005: ';' expected.
lib/visualLab/data/poiExtraSenegalEconomicV2.ts(1000,9): error TS1005: ';' expected.
lib/visualLab/data/poiExtraSenegalEconomicV2.ts(1001,9): error TS1005: ';' expected.
lib/visualLab/data/poiExtraSenegalEconomicV2.ts(1002,9): error TS1005: ';' expected.
lib/visualLab/data/poiExtraSenegalEconomicV2.ts(1004,6): error TS1128: Declaration or statement expected.
lib/visualLab/data/poiExtraSenegalEconomicV2.ts(1007,9): error TS1005: ';' expected.
lib/visualLab/data/poiExtraSenegalEconomicV2.ts(1008,9): error TS1005: ';' expected.
lib/visualLab/data/poiExtraSenegalEconomicV2.ts(1009,9): error TS1005: ';' expected.
lib/visualLab/data/poiExtraSenegalEconomicV2.ts(1011,6): error TS1128: Declaration or statement expected.
lib/visualLab/data/poiExtraSenegalEconomicV2.ts(1014,9): error TS1005: ';' expected.
lib/visualLab/data/poiExtraSenegalEconomicV2.ts(1015,11): error TS1005: ';' expected.
lib/visualLab/data/poiExtraSenegalEconomicV2.ts(1016,11): error TS1005: ';' expected.
lib/visualLab/data/poiExtraSenegalEconomicV2.ts(1017,9): error TS1005: ';' expected.
lib/visualLab/data/poiExtraSenegalEconomicV2.ts(1019,9): error TS1005: ';' expected.
lib/visualLab/data/poiExtraSenegalEconomicV2.ts(1020,9): error TS1005: ';' expected.
lib/visualLab/data/poiExtraSenegalEconomicV2.ts(1021,9): error TS1005: ';' expected.
lib/visualLab/data/poiExtraSenegalEconomicV2.ts(1022,6): error TS1128: Declaration or statement expected.
lib/visualLab/data/poiExtraSenegalEconomicV2.ts(1024,9): error TS1005: ';' expected.
lib/visualLab/data/poiExtraSenegalEconomicV2.ts(1025,9): error TS1005: ';' expected.
lib/visualLab/data/poiExtraSenegalEconomicV2.ts(1026,9): error TS1005: ';' expected.
lib/visualLab/data/poiExtraSenegalEconomicV2.ts(1027,6): error TS1128: Declaration or statement expected.
lib/visualLab/data/poiExtraSenegalEconomicV2.ts(1033,9): error TS1005: ';' expected.
lib/visualLab/data/poiExtraSenegalEconomicV2.ts(1037,9): error TS1005: ';' expected.
lib/visualLab/data/poiExtraSenegalEconomicV2.ts(1041,9): error TS1005: ';' expected.
lib/visualLab/data/poiExtraSenegalEconomicV2.ts(1045,6): error TS1128: Declaration or statement expected.
lib/visualLab/data/poiExtraSenegalEconomicV2.ts(1048,9): error TS1005: ';' expected.
lib/visualLab/data/poiExtraSenegalEconomicV2.ts(1049,9): error TS1005: ';' expected.
lib/visualLab/data/poiExtraSenegalEconomicV2.ts(1050,9): error TS1005: ';' expected.
lib/visualLab/data/poiExtraSenegalEconomicV2.ts(1052,6): error TS1128: Declaration or statement expected.
lib/visualLab/data/poiExtraSenegalEconomicV2.ts(1055,9): error TS1005: ';' expected.
lib/visualLab/data/poiExtraSenegalEconomicV2.ts(1056,9): error TS1005: ';' expected.
lib/visualLab/data/poiExtraSenegalEconomicV2.ts(1057,9): error TS1005: ';' expected.
lib/visualLab/data/poiExtraSenegalEconomicV2.ts(1059,6): error TS1128: Declaration or statement expected.
lib/visualLab/data/poiExtraSenegalEconomicV2.ts(1062,9): error TS1005: ';' expected.
lib/visualLab/data/poiExtraSenegalEconomicV2.ts(1063,11): error TS1005: ';' expected.
lib/visualLab/data/poiExtraSenegalEconomicV2.ts(1064,11): error TS1005: ';' expected.
lib/visualLab/data/poiExtraSenegalEconomicV2.ts(1065,9): error TS1005: ';' expected.
lib/visualLab/data/poiExtraSenegalEconomicV2.ts(1067,9): error TS1005: ';' expected.
lib/visualLab/data/poiExtraSenegalEconomicV2.ts(1068,9): error TS1005: ';' expected.
lib/visualLab/data/poiExtraSenegalEconomicV2.ts(1069,9): error TS1005: ';' expected.
lib/visualLab/data/poiExtraSenegalEconomicV2.ts(1070,6): error TS1128: Declaration or statement expected.
lib/visualLab/data/poiExtraSenegalEconomicV2.ts(1072,9): error TS1005: ';' expected.
lib/visualLab/data/poiExtraSenegalEconomicV2.ts(1073,9): error TS1005: ';' expected.
lib/visualLab/data/poiExtraSenegalEconomicV2.ts(1074,9): error TS1005: ';' expected.
lib/visualLab/data/poiExtraSenegalEconomicV2.ts(1075,6): error TS1128: Declaration or statement expected.
lib/visualLab/data/poiExtraSenegalEconomicV2.ts(1081,9): error TS1005: ';' expected.
lib/visualLab/data/poiExtraSenegalEconomicV2.ts(1085,9): error TS1005: ';' expected.
lib/visualLab/data/poiExtraSenegalEconomicV2.ts(1089,9): error TS1005: ';' expected.
lib/visualLab/data/poiExtraSenegalEconomicV2.ts(1093,6): error TS1128: Declaration or statement expected.
lib/visualLab/data/poiExtraSenegalEconomicV2.ts(1096,9): error TS1005: ';' expected.
lib/visualLab/data/poiExtraSenegalEconomicV2.ts(1097,9): error TS1005: ';' expected.
lib/visualLab/data/poiExtraSenegalEconomicV2.ts(1098,9): error TS1005: ';' expected.
lib/visualLab/data/poiExtraSenegalEconomicV2.ts(1100,6): error TS1128: Declaration or statement expected.
lib/visualLab/data/poiExtraSenegalEconomicV2.ts(1103,9): error TS1005: ';' expected.
lib/visualLab/data/poiExtraSenegalEconomicV2.ts(1104,9): error TS1005: ';' expected.
lib/visualLab/data/poiExtraSenegalEconomicV2.ts(1105,9): error TS1005: ';' expected.
lib/visualLab/data/poiExtraSenegalEconomicV2.ts(1107,6): error TS1128: Declaration or statement expected.
lib/visualLab/data/poiExtraSenegalEconomicV2.ts(1110,9): error TS1005: ';' expected.
lib/visualLab/data/poiExtraSenegalEconomicV2.ts(1111,11): error TS1005: ';' expected.
lib/visualLab/data/poiExtraSenegalEconomicV2.ts(1112,11): error TS1005: ';' expected.
lib/visualLab/data/poiExtraSenegalEconomicV2.ts(1113,9): error TS1005: ';' expected.
lib/visualLab/data/poiExtraSenegalEconomicV2.ts(1115,9): error TS1005: ';' expected.
lib/visualLab/data/poiExtraSenegalEconomicV2.ts(1116,9): error TS1005: ';' expected.
lib/visualLab/data/poiExtraSenegalEconomicV2.ts(1117,9): error TS1005: ';' expected.
lib/visualLab/data/poiExtraSenegalEconomicV2.ts(1118,6): error TS1128: Declaration or statement expected.
lib/visualLab/data/poiExtraSenegalEconomicV2.ts(1120,9): error TS1005: ';' expected.
lib/visualLab/data/poiExtraSenegalEconomicV2.ts(1121,9): error TS1005: ';' expected.
lib/visualLab/data/poiExtraSenegalEconomicV2.ts(1122,9): error TS1005: ';' expected.
lib/visualLab/data/poiExtraSenegalEconomicV2.ts(1123,6): error TS1128: Declaration or statement expected.
lib/visualLab/data/poiExtraSenegalEconomicV2.ts(1129,9): error TS1005: ';' expected.
lib/visualLab/data/poiExtraSenegalEconomicV2.ts(1133,9): error TS1005: ';' expected.
lib/visualLab/data/poiExtraSenegalEconomicV2.ts(1137,9): error TS1005: ';' expected.
lib/visualLab/data/poiExtraSenegalEconomicV2.ts(1141,6): error TS1128: Declaration or statement expected.
lib/visualLab/data/poiExtraSenegalEconomicV2.ts(1144,9): error TS1005: ';' expected.
lib/visualLab/data/poiExtraSenegalEconomicV2.ts(1145,9): error TS1005: ';' expected.
lib/visualLab/data/poiExtraSenegalEconomicV2.ts(1146,9): error TS1005: ';' expected.
lib/visualLab/data/poiExtraSenegalEconomicV2.ts(1148,6): error TS1128: Declaration or statement expected.
lib/visualLab/data/poiExtraSenegalEconomicV2.ts(1151,9): error TS1005: ';' expected.
lib/visualLab/data/poiExtraSenegalEconomicV2.ts(1152,9): error TS1005: ';' expected.
lib/visualLab/data/poiExtraSenegalEconomicV2.ts(1153,9): error TS1005: ';' expected.
lib/visualLab/data/poiExtraSenegalEconomicV2.ts(1155,6): error TS1128: Declaration or statement expected.
lib/visualLab/data/poiExtraSenegalEconomicV2.ts(1158,9): error TS1005: ';' expected.
lib/visualLab/data/poiExtraSenegalEconomicV2.ts(1159,11): error TS1005: ';' expected.
lib/visualLab/data/poiExtraSenegalEconomicV2.ts(1160,11): error TS1005: ';' expected.
lib/visualLab/data/poiExtraSenegalEconomicV2.ts(1161,9): error TS1005: ';' expected.
lib/visualLab/data/poiExtraSenegalEconomicV2.ts(1163,9): error TS1005: ';' expected.
lib/visualLab/data/poiExtraSenegalEconomicV2.ts(1164,9): error TS1005: ';' expected.
lib/visualLab/data/poiExtraSenegalEconomicV2.ts(1165,9): error TS1005: ';' expected.
lib/visualLab/data/poiExtraSenegalEconomicV2.ts(1166,6): error TS1128: Declaration or statement expected.
lib/visualLab/data/poiExtraSenegalEconomicV2.ts(1168,9): error TS1005: ';' expected.
lib/visualLab/data/poiExtraSenegalEconomicV2.ts(1169,9): error TS1005: ';' expected.
lib/visualLab/data/poiExtraSenegalEconomicV2.ts(1170,9): error TS1005: ';' expected.
lib/visualLab/data/poiExtraSenegalEconomicV2.ts(1171,6): error TS1128: Declaration or statement expected.
lib/visualLab/data/poiExtraSenegalEconomicV2.ts(1177,9): error TS1005: ';' expected.
lib/visualLab/data/poiExtraSenegalEconomicV2.ts(1181,9): error TS1005: ';' expected.
lib/visualLab/data/poiExtraSenegalEconomicV2.ts(1185,9): error TS1005: ';' expected.
lib/visualLab/data/poiExtraSenegalEconomicV2.ts(1189,6): error TS1128: Declaration or statement expected.
lib/visualLab/data/poiExtraSenegalEconomicV2.ts(1190,24): error TS1005: ';' expected.
lib/visualLab/data/poiExtraSenegalEconomicV2.ts(1192,9): error TS1005: ';' expected.
lib/visualLab/data/poiExtraSenegalEconomicV2.ts(1193,9): error TS1005: ';' expected.
lib/visualLab/data/poiExtraSenegalEconomicV2.ts(1194,9): error TS1005: ';' expected.
lib/visualLab/data/poiExtraSenegalEconomicV2.ts(1196,6): error TS1128: Declaration or statement expected.
lib/visualLab/data/poiExtraSenegalEconomicV2.ts(1199,9): error TS1005: ';' expected.
lib/visualLab/data/poiExtraSenegalEconomicV2.ts(1200,9): error TS1005: ';' expected.
lib/visualLab/data/poiExtraSenegalEconomicV2.ts(1201,9): error TS1005: ';' expected.
lib/visualLab/data/poiExtraSenegalEconomicV2.ts(1203,6): error TS1128: Declaration or statement expected.
lib/visualLab/data/poiExtraSenegalEconomicV2.ts(1206,9): error TS1005: ';' expected.
lib/visualLab/data/poiExtraSenegalEconomicV2.ts(1207,11): error TS1005: ';' expected.
lib/visualLab/data/poiExtraSenegalEconomicV2.ts(1208,11): error TS1005: ';' expected.
lib/visualLab/data/poiExtraSenegalEconomicV2.ts(1209,9): error TS1005: ';' expected.
lib/visualLab/data/poiExtraSenegalEconomicV2.ts(1211,9): error TS1005: ';' expected.
lib/visualLab/data/poiExtraSenegalEconomicV2.ts(1212,9): error TS1005: ';' expected.
lib/visualLab/data/poiExtraSenegalEconomicV2.ts(1213,9): error TS1005: ';' expected.
lib/visualLab/data/poiExtraSenegalEconomicV2.ts(1214,6): error TS1128: Declaration or statement expected.
lib/visualLab/data/poiExtraSenegalEconomicV2.ts(1216,9): error TS1005: ';' expected.
lib/visualLab/data/poiExtraSenegalEconomicV2.ts(1217,9): error TS1005: ';' expected.
lib/visualLab/data/poiExtraSenegalEconomicV2.ts(1218,9): error TS1005: ';' expected.
lib/visualLab/data/poiExtraSenegalEconomicV2.ts(1219,6): error TS1128: Declaration or statement expected.
lib/visualLab/data/poiExtraSenegalEconomicV2.ts(1225,9): error TS1005: ';' expected.
lib/visualLab/data/poiExtraSenegalEconomicV2.ts(1229,9): error TS1005: ';' expected.
lib/visualLab/data/poiExtraSenegalEconomicV2.ts(1233,9): error TS1005: ';' expected.
lib/visualLab/data/poiExtraSenegalEconomicV2.ts(1237,6): error TS1128: Declaration or statement expected.
lib/visualLab/data/poiExtraSenegalEconomicV2.ts(1238,24): error TS1005: ';' expected.
lib/visualLab/data/poiExtraSenegalEconomicV2.ts(1240,9): error TS1005: ';' expected.
lib/visualLab/data/poiExtraSenegalEconomicV2.ts(1241,9): error TS1005: ';' expected.
lib/visualLab/data/poiExtraSenegalEconomicV2.ts(1242,9): error TS1005: ';' expected.
lib/visualLab/data/poiExtraSenegalEconomicV2.ts(1244,6): error TS1128: Declaration or statement expected.
lib/visualLab/data/poiExtraSenegalEconomicV2.ts(1247,9): error TS1005: ';' expected.
lib/visualLab/data/poiExtraSenegalEconomicV2.ts(1248,9): error TS1005: ';' expected.
lib/visualLab/data/poiExtraSenegalEconomicV2.ts(1249,9): error TS1005: ';' expected.
lib/visualLab/data/poiExtraSenegalEconomicV2.ts(1251,6): error TS1128: Declaration or statement expected.
lib/visualLab/data/poiExtraSenegalEconomicV2.ts(1254,9): error TS1005: ';' expected.
lib/visualLab/data/poiExtraSenegalEconomicV2.ts(1255,11): error TS1005: ';' expected.
lib/visualLab/data/poiExtraSenegalEconomicV2.ts(1256,11): error TS1005: ';' expected.
lib/visualLab/data/poiExtraSenegalEconomicV2.ts(1257,9): error TS1005: ';' expected.
lib/visualLab/data/poiExtraSenegalEconomicV2.ts(1259,9): error TS1005: ';' expected.
lib/visualLab/data/poiExtraSenegalEconomicV2.ts(1260,9): error TS1005: ';' expected.
lib/visualLab/data/poiExtraSenegalEconomicV2.ts(1261,9): error TS1005: ';' expected.
lib/visualLab/data/poiExtraSenegalEconomicV2.ts(1262,6): error TS1128: Declaration or statement expected.
lib/visualLab/data/poiExtraSenegalEconomicV2.ts(1264,9): error TS1005: ';' expected.
lib/visualLab/data/poiExtraSenegalEconomicV2.ts(1265,9): error TS1005: ';' expected.
lib/visualLab/data/poiExtraSenegalEconomicV2.ts(1266,9): error TS1005: ';' expected.
lib/visualLab/data/poiExtraSenegalEconomicV2.ts(1267,6): error TS1128: Declaration or statement expected.
lib/visualLab/data/poiExtraSenegalEconomicV2.ts(1273,9): error TS1005: ';' expected.
lib/visualLab/data/poiExtraSenegalEconomicV2.ts(1277,9): error TS1005: ';' expected.
lib/visualLab/data/poiExtraSenegalEconomicV2.ts(1281,9): error TS1005: ';' expected.
lib/visualLab/data/poiExtraSenegalEconomicV2.ts(1285,6): error TS1128: Declaration or statement expected.
lib/visualLab/data/poiExtraSenegalEconomicV2.ts(1288,9): error TS1005: ';' expected.
lib/visualLab/data/poiExtraSenegalEconomicV2.ts(1289,9): error TS1005: ';' expected.
lib/visualLab/data/poiExtraSenegalEconomicV2.ts(1290,9): error TS1005: ';' expected.
lib/visualLab/data/poiExtraSenegalEconomicV2.ts(1292,6): error TS1128: Declaration or statement expected.
lib/visualLab/data/poiExtraSenegalEconomicV2.ts(1295,9): error TS1005: ';' expected.
lib/visualLab/data/poiExtraSenegalEconomicV2.ts(1296,9): error TS1005: ';' expected.
lib/visualLab/data/poiExtraSenegalEconomicV2.ts(1297,9): error TS1005: ';' expected.
lib/visualLab/data/poiExtraSenegalEconomicV2.ts(1301,1): error TS1128: Declaration or statement expected.
lib/visualLab/data/poiExtraSenegalEconomicV2.ts(1304,1): error TS1005: '}' expected.
lib/visualLab/data/poiExtraSenegalHistoryV2.ts(38,3): error TS1136: Property assignment expected.
lib/visualLab/data/poiExtraSenegalHistoryV2.ts(71,3): error TS1136: Property assignment expected.
lib/visualLab/data/poiExtraSenegalHistoryV2.ts(104,3): error TS1136: Property assignment expected.
lib/visualLab/data/poiExtraSenegalHistoryV2.ts(137,3): error TS1136: Property assignment expected.
lib/visualLab/data/poiExtraSenegalHistoryV2.ts(170,3): error TS1136: Property assignment expected.
lib/visualLab/data/poiExtraSenegalHistoryV2.ts(203,3): error TS1136: Property assignment expected.
lib/visualLab/data/poiExtraSenegalHistoryV2.ts(236,3): error TS1136: Property assignment expected.
lib/visualLab/data/poiExtraSenegalHistoryV2.ts(269,3): error TS1136: Property assignment expected.
lib/visualLab/data/poiExtraSenegalHistoryV2.ts(302,3): error TS1136: Property assignment expected.
lib/visualLab/data/poiExtraSenegalHistoryV2.ts(335,3): error TS1136: Property assignment expected.
lib/visualLab/data/poiExtraSenegalHistoryV2.ts(365,3): error TS1136: Property assignment expected.
lib/visualLab/data/poiExtraSenegalHistoryV2.ts(395,3): error TS1136: Property assignment expected.
lib/visualLab/data/poiExtraSenegalHistoryV2.ts(428,3): error TS1136: Property assignment expected.
lib/visualLab/data/poiExtraSenegalHistoryV2.ts(458,3): error TS1136: Property assignment expected.
lib/visualLab/data/poiExtraSenegalHistoryV2.ts(488,3): error TS1136: Property assignment expected.
lib/visualLab/data/poiExtraSenegalHistoryV2.ts(518,3): error TS1136: Property assignment expected.
lib/visualLab/data/poiExtraSenegalHistoryV2.ts(548,3): error TS1136: Property assignment expected.
lib/visualLab/data/poiExtraSenegalHistoryV2.ts(581,3): error TS1136: Property assignment expected.
lib/visualLab/data/poiExtraSenegalHistoryV2.ts(611,3): error TS1136: Property assignment expected.
lib/visualLab/data/poiExtraSenegalHistoryV2.ts(641,3): error TS1136: Property assignment expected.
lib/visualLab/data/poiExtraSenegalHistoryV2.ts(671,3): error TS1136: Property assignment expected.
lib/visualLab/data/poiExtraSenegalHistoryV2.ts(701,3): error TS1136: Property assignment expected.
lib/visualLab/data/poiExtraSenegalHistoryV2.ts(731,3): error TS1136: Property assignment expected.
lib/visualLab/data/poiExtraSenegalHistoryV2.ts(761,3): error TS1136: Property assignment expected.
lib/visualLab/data/poiExtraSenegalHistoryV2.ts(791,3): error TS1136: Property assignment expected.
lib/visualLab/data/poiExtraSenegalHistoryV2.ts(821,3): error TS1136: Property assignment expected.
lib/visualLab/data/poiExtraSenegalHistoryV2.ts(851,3): error TS1136: Property assignment expected.
lib/visualLab/data/poiExtraSenegalHistoryV2.ts(881,3): error TS1136: Property assignment expected.
lib/visualLab/data/poiExtraSenegalHistoryV2.ts(911,3): error TS1136: Property assignment expected.
lib/visualLab/data/poiExtraSenegalLandmarksV2.ts(32,11): error TS1005: ',' expected.
lib/visualLab/data/poiExtraSenegalLandmarksV2.ts(32,63): error TS1005: ',' expected.
lib/visualLab/data/poiExtraSenegalLandmarksV2.ts(32,64): error TS1128: Declaration or statement expected.
lib/visualLab/data/poiExtraSenegalLandmarksV2.ts(35,9): error TS1005: ';' expected.
lib/visualLab/data/poiExtraSenegalLandmarksV2.ts(36,11): error TS1005: ';' expected.
lib/visualLab/data/poiExtraSenegalLandmarksV2.ts(37,11): error TS1005: ';' expected.
lib/visualLab/data/poiExtraSenegalLandmarksV2.ts(38,9): error TS1005: ';' expected.
lib/visualLab/data/poiExtraSenegalLandmarksV2.ts(40,9): error TS1005: ';' expected.
lib/visualLab/data/poiExtraSenegalLandmarksV2.ts(41,9): error TS1005: ';' expected.
lib/visualLab/data/poiExtraSenegalLandmarksV2.ts(42,9): error TS1005: ';' expected.
lib/visualLab/data/poiExtraSenegalLandmarksV2.ts(43,6): error TS1128: Declaration or statement expected.
lib/visualLab/data/poiExtraSenegalLandmarksV2.ts(45,9): error TS1005: ';' expected.
lib/visualLab/data/poiExtraSenegalLandmarksV2.ts(46,9): error TS1005: ';' expected.
lib/visualLab/data/poiExtraSenegalLandmarksV2.ts(47,9): error TS1005: ';' expected.
lib/visualLab/data/poiExtraSenegalLandmarksV2.ts(48,6): error TS1128: Declaration or statement expected.
lib/visualLab/data/poiExtraSenegalLandmarksV2.ts(51,9): error TS1005: ';' expected.
lib/visualLab/data/poiExtraSenegalLandmarksV2.ts(52,9): error TS1005: ';' expected.
lib/visualLab/data/poiExtraSenegalLandmarksV2.ts(53,9): error TS1005: ';' expected.
lib/visualLab/data/poiExtraSenegalLandmarksV2.ts(54,24): error TS1005: ';' expected.
lib/visualLab/data/poiExtraSenegalLandmarksV2.ts(56,6): error TS1128: Declaration or statement expected.
lib/visualLab/data/poiExtraSenegalLandmarksV2.ts(61,4): error TS1128: Declaration or statement expected.
lib/visualLab/data/poiExtraSenegalLandmarksV2.ts(61,70): error TS1128: Declaration or statement expected.
lib/visualLab/data/poiExtraSenegalLandmarksV2.ts(61,71): error TS1128: Declaration or statement expected.
lib/visualLab/data/poiExtraSenegalLandmarksV2.ts(64,9): error TS1005: ';' expected.
lib/visualLab/data/poiExtraSenegalLandmarksV2.ts(65,11): error TS1005: ';' expected.
lib/visualLab/data/poiExtraSenegalLandmarksV2.ts(66,11): error TS1005: ';' expected.
lib/visualLab/data/poiExtraSenegalLandmarksV2.ts(67,9): error TS1005: ';' expected.
lib/visualLab/data/poiExtraSenegalLandmarksV2.ts(69,9): error TS1005: ';' expected.
lib/visualLab/data/poiExtraSenegalLandmarksV2.ts(70,9): error TS1005: ';' expected.
lib/visualLab/data/poiExtraSenegalLandmarksV2.ts(71,9): error TS1005: ';' expected.
lib/visualLab/data/poiExtraSenegalLandmarksV2.ts(72,6): error TS1128: Declaration or statement expected.
lib/visualLab/data/poiExtraSenegalLandmarksV2.ts(74,9): error TS1005: ';' expected.
lib/visualLab/data/poiExtraSenegalLandmarksV2.ts(75,9): error TS1005: ';' expected.
lib/visualLab/data/poiExtraSenegalLandmarksV2.ts(76,9): error TS1005: ';' expected.
lib/visualLab/data/poiExtraSenegalLandmarksV2.ts(77,6): error TS1128: Declaration or statement expected.
lib/visualLab/data/poiExtraSenegalLandmarksV2.ts(80,9): error TS1005: ';' expected.
lib/visualLab/data/poiExtraSenegalLandmarksV2.ts(81,9): error TS1005: ';' expected.
lib/visualLab/data/poiExtraSenegalLandmarksV2.ts(82,9): error TS1005: ';' expected.
lib/visualLab/data/poiExtraSenegalLandmarksV2.ts(83,24): error TS1005: ';' expected.
lib/visualLab/data/poiExtraSenegalLandmarksV2.ts(85,6): error TS1128: Declaration or statement expected.
lib/visualLab/data/poiExtraSenegalLandmarksV2.ts(90,4): error TS1128: Declaration or statement expected.
lib/visualLab/data/poiExtraSenegalLandmarksV2.ts(90,77): error TS1128: Declaration or statement expected.
lib/visualLab/data/poiExtraSenegalLandmarksV2.ts(90,78): error TS1128: Declaration or statement expected.
lib/visualLab/data/poiExtraSenegalLandmarksV2.ts(93,9): error TS1005: ';' expected.
lib/visualLab/data/poiExtraSenegalLandmarksV2.ts(94,11): error TS1005: ';' expected.
lib/visualLab/data/poiExtraSenegalLandmarksV2.ts(95,11): error TS1005: ';' expected.
lib/visualLab/data/poiExtraSenegalLandmarksV2.ts(96,9): error TS1005: ';' expected.
lib/visualLab/data/poiExtraSenegalLandmarksV2.ts(98,9): error TS1005: ';' expected.
lib/visualLab/data/poiExtraSenegalLandmarksV2.ts(99,9): error TS1005: ';' expected.
lib/visualLab/data/poiExtraSenegalLandmarksV2.ts(100,9): error TS1005: ';' expected.
lib/visualLab/data/poiExtraSenegalLandmarksV2.ts(101,6): error TS1128: Declaration or statement expected.
lib/visualLab/data/poiExtraSenegalLandmarksV2.ts(103,9): error TS1005: ';' expected.
lib/visualLab/data/poiExtraSenegalLandmarksV2.ts(104,9): error TS1005: ';' expected.
lib/visualLab/data/poiExtraSenegalLandmarksV2.ts(105,9): error TS1005: ';' expected.
lib/visualLab/data/poiExtraSenegalLandmarksV2.ts(106,6): error TS1128: Declaration or statement expected.
lib/visualLab/data/poiExtraSenegalLandmarksV2.ts(109,9): error TS1005: ';' expected.
lib/visualLab/data/poiExtraSenegalLandmarksV2.ts(110,9): error TS1005: ';' expected.
lib/visualLab/data/poiExtraSenegalLandmarksV2.ts(111,9): error TS1005: ';' expected.
lib/visualLab/data/poiExtraSenegalLandmarksV2.ts(112,24): error TS1005: ';' expected.
lib/visualLab/data/poiExtraSenegalLandmarksV2.ts(114,6): error TS1128: Declaration or statement expected.
lib/visualLab/data/poiExtraSenegalLandmarksV2.ts(119,4): error TS1128: Declaration or statement expected.
lib/visualLab/data/poiExtraSenegalLandmarksV2.ts(119,78): error TS1128: Declaration or statement expected.
lib/visualLab/data/poiExtraSenegalLandmarksV2.ts(119,79): error TS1128: Declaration or statement expected.
lib/visualLab/data/poiExtraSenegalLandmarksV2.ts(122,9): error TS1005: ';' expected.
lib/visualLab/data/poiExtraSenegalLandmarksV2.ts(123,11): error TS1005: ';' expected.
lib/visualLab/data/poiExtraSenegalLandmarksV2.ts(124,11): error TS1005: ';' expected.
lib/visualLab/data/poiExtraSenegalLandmarksV2.ts(125,9): error TS1005: ';' expected.
lib/visualLab/data/poiExtraSenegalLandmarksV2.ts(127,9): error TS1005: ';' expected.
lib/visualLab/data/poiExtraSenegalLandmarksV2.ts(128,9): error TS1005: ';' expected.
lib/visualLab/data/poiExtraSenegalLandmarksV2.ts(129,9): error TS1005: ';' expected.
lib/visualLab/data/poiExtraSenegalLandmarksV2.ts(130,6): error TS1128: Declaration or statement expected.
lib/visualLab/data/poiExtraSenegalLandmarksV2.ts(132,9): error TS1005: ';' expected.
lib/visualLab/data/poiExtraSenegalLandmarksV2.ts(133,9): error TS1005: ';' expected.
lib/visualLab/data/poiExtraSenegalLandmarksV2.ts(134,9): error TS1005: ';' expected.
lib/visualLab/data/poiExtraSenegalLandmarksV2.ts(135,6): error TS1128: Declaration or statement expected.
lib/visualLab/data/poiExtraSenegalLandmarksV2.ts(138,9): error TS1005: ';' expected.
lib/visualLab/data/poiExtraSenegalLandmarksV2.ts(139,9): error TS1005: ';' expected.
lib/visualLab/data/poiExtraSenegalLandmarksV2.ts(140,9): error TS1005: ';' expected.
lib/visualLab/data/poiExtraSenegalLandmarksV2.ts(141,24): error TS1005: ';' expected.
lib/visualLab/data/poiExtraSenegalLandmarksV2.ts(143,6): error TS1128: Declaration or statement expected.
lib/visualLab/data/poiExtraSenegalLandmarksV2.ts(148,4): error TS1128: Declaration or statement expected.
lib/visualLab/data/poiExtraSenegalLandmarksV2.ts(148,74): error TS1128: Declaration or statement expected.
lib/visualLab/data/poiExtraSenegalLandmarksV2.ts(148,75): error TS1128: Declaration or statement expected.
lib/visualLab/data/poiExtraSenegalLandmarksV2.ts(151,9): error TS1005: ';' expected.
lib/visualLab/data/poiExtraSenegalLandmarksV2.ts(152,11): error TS1005: ';' expected.
lib/visualLab/data/poiExtraSenegalLandmarksV2.ts(153,11): error TS1005: ';' expected.
lib/visualLab/data/poiExtraSenegalLandmarksV2.ts(154,9): error TS1005: ';' expected.
lib/visualLab/data/poiExtraSenegalLandmarksV2.ts(156,9): error TS1005: ';' expected.
lib/visualLab/data/poiExtraSenegalLandmarksV2.ts(157,9): error TS1005: ';' expected.
lib/visualLab/data/poiExtraSenegalLandmarksV2.ts(158,9): error TS1005: ';' expected.
lib/visualLab/data/poiExtraSenegalLandmarksV2.ts(159,6): error TS1128: Declaration or statement expected.
lib/visualLab/data/poiExtraSenegalLandmarksV2.ts(161,9): error TS1005: ';' expected.
lib/visualLab/data/poiExtraSenegalLandmarksV2.ts(162,9): error TS1005: ';' expected.
lib/visualLab/data/poiExtraSenegalLandmarksV2.ts(163,9): error TS1005: ';' expected.
lib/visualLab/data/poiExtraSenegalLandmarksV2.ts(164,6): error TS1128: Declaration or statement expected.
lib/visualLab/data/poiExtraSenegalLandmarksV2.ts(167,9): error TS1005: ';' expected.
lib/visualLab/data/poiExtraSenegalLandmarksV2.ts(168,9): error TS1005: ';' expected.
lib/visualLab/data/poiExtraSenegalLandmarksV2.ts(169,9): error TS1005: ';' expected.
lib/visualLab/data/poiExtraSenegalLandmarksV2.ts(170,24): error TS1005: ';' expected.
lib/visualLab/data/poiExtraSenegalLandmarksV2.ts(172,6): error TS1128: Declaration or statement expected.
lib/visualLab/data/poiExtraSenegalLandmarksV2.ts(177,4): error TS1128: Declaration or statement expected.
lib/visualLab/data/poiExtraSenegalLandmarksV2.ts(177,67): error TS1128: Declaration or statement expected.
lib/visualLab/data/poiExtraSenegalLandmarksV2.ts(177,68): error TS1128: Declaration or statement expected.
lib/visualLab/data/poiExtraSenegalLandmarksV2.ts(180,9): error TS1005: ';' expected.
lib/visualLab/data/poiExtraSenegalLandmarksV2.ts(181,11): error TS1005: ';' expected.
lib/visualLab/data/poiExtraSenegalLandmarksV2.ts(182,11): error TS1005: ';' expected.
lib/visualLab/data/poiExtraSenegalLandmarksV2.ts(183,9): error TS1005: ';' expected.
lib/visualLab/data/poiExtraSenegalLandmarksV2.ts(185,9): error TS1005: ';' expected.
lib/visualLab/data/poiExtraSenegalLandmarksV2.ts(186,9): error TS1005: ';' expected.
lib/visualLab/data/poiExtraSenegalLandmarksV2.ts(187,9): error TS1005: ';' expected.
lib/visualLab/data/poiExtraSenegalLandmarksV2.ts(188,6): error TS1128: Declaration or statement expected.
lib/visualLab/data/poiExtraSenegalLandmarksV2.ts(190,9): error TS1005: ';' expected.
lib/visualLab/data/poiExtraSenegalLandmarksV2.ts(191,9): error TS1005: ';' expected.
lib/visualLab/data/poiExtraSenegalLandmarksV2.ts(192,9): error TS1005: ';' expected.
lib/visualLab/data/poiExtraSenegalLandmarksV2.ts(193,6): error TS1128: Declaration or statement expected.
lib/visualLab/data/poiExtraSenegalLandmarksV2.ts(196,9): error TS1005: ';' expected.
lib/visualLab/data/poiExtraSenegalLandmarksV2.ts(197,9): error TS1005: ';' expected.
lib/visualLab/data/poiExtraSenegalLandmarksV2.ts(198,9): error TS1005: ';' expected.
lib/visualLab/data/poiExtraSenegalLandmarksV2.ts(199,24): error TS1005: ';' expected.
lib/visualLab/data/poiExtraSenegalLandmarksV2.ts(201,6): error TS1128: Declaration or statement expected.
lib/visualLab/data/poiExtraSenegalLandmarksV2.ts(208,9): error TS1005: ';' expected.
lib/visualLab/data/poiExtraSenegalLandmarksV2.ts(209,11): error TS1005: ';' expected.
lib/visualLab/data/poiExtraSenegalLandmarksV2.ts(210,11): error TS1005: ';' expected.
lib/visualLab/data/poiExtraSenegalLandmarksV2.ts(211,9): error TS1005: ';' expected.
lib/visualLab/data/poiExtraSenegalLandmarksV2.ts(213,9): error TS1005: ';' expected.
lib/visualLab/data/poiExtraSenegalLandmarksV2.ts(214,9): error TS1005: ';' expected.
lib/visualLab/data/poiExtraSenegalLandmarksV2.ts(215,9): error TS1005: ';' expected.
lib/visualLab/data/poiExtraSenegalLandmarksV2.ts(216,6): error TS1128: Declaration or statement expected.
lib/visualLab/data/poiExtraSenegalLandmarksV2.ts(218,9): error TS1005: ';' expected.
lib/visualLab/data/poiExtraSenegalLandmarksV2.ts(219,9): error TS1005: ';' expected.
lib/visualLab/data/poiExtraSenegalLandmarksV2.ts(220,9): error TS1005: ';' expected.
lib/visualLab/data/poiExtraSenegalLandmarksV2.ts(221,6): error TS1128: Declaration or statement expected.
lib/visualLab/data/poiExtraSenegalLandmarksV2.ts(224,9): error TS1005: ';' expected.
lib/visualLab/data/poiExtraSenegalLandmarksV2.ts(225,9): error TS1005: ';' expected.
lib/visualLab/data/poiExtraSenegalLandmarksV2.ts(226,9): error TS1005: ';' expected.
lib/visualLab/data/poiExtraSenegalLandmarksV2.ts(227,24): error TS1005: ';' expected.
lib/visualLab/data/poiExtraSenegalLandmarksV2.ts(229,6): error TS1128: Declaration or statement expected.
lib/visualLab/data/poiExtraSenegalLandmarksV2.ts(234,4): error TS1128: Declaration or statement expected.
lib/visualLab/data/poiExtraSenegalLandmarksV2.ts(234,59): error TS1128: Declaration or statement expected.
lib/visualLab/data/poiExtraSenegalLandmarksV2.ts(234,60): error TS1128: Declaration or statement expected.
lib/visualLab/data/poiExtraSenegalLandmarksV2.ts(237,9): error TS1005: ';' expected.
lib/visualLab/data/poiExtraSenegalLandmarksV2.ts(238,11): error TS1005: ';' expected.
lib/visualLab/data/poiExtraSenegalLandmarksV2.ts(239,11): error TS1005: ';' expected.
lib/visualLab/data/poiExtraSenegalLandmarksV2.ts(240,9): error TS1005: ';' expected.
lib/visualLab/data/poiExtraSenegalLandmarksV2.ts(242,9): error TS1005: ';' expected.
lib/visualLab/data/poiExtraSenegalLandmarksV2.ts(243,9): error TS1005: ';' expected.
lib/visualLab/data/poiExtraSenegalLandmarksV2.ts(244,9): error TS1005: ';' expected.
lib/visualLab/data/poiExtraSenegalLandmarksV2.ts(245,6): error TS1128: Declaration or statement expected.
lib/visualLab/data/poiExtraSenegalLandmarksV2.ts(247,9): error TS1005: ';' expected.
lib/visualLab/data/poiExtraSenegalLandmarksV2.ts(248,9): error TS1005: ';' expected.
lib/visualLab/data/poiExtraSenegalLandmarksV2.ts(249,9): error TS1005: ';' expected.
lib/visualLab/data/poiExtraSenegalLandmarksV2.ts(250,6): error TS1128: Declaration or statement expected.
lib/visualLab/data/poiExtraSenegalLandmarksV2.ts(253,9): error TS1005: ';' expected.
lib/visualLab/data/poiExtraSenegalLandmarksV2.ts(254,9): error TS1005: ';' expected.
lib/visualLab/data/poiExtraSenegalLandmarksV2.ts(255,9): error TS1005: ';' expected.
lib/visualLab/data/poiExtraSenegalLandmarksV2.ts(256,24): error TS1005: ';' expected.
lib/visualLab/data/poiExtraSenegalLandmarksV2.ts(258,6): error TS1128: Declaration or statement expected.
lib/visualLab/data/poiExtraSenegalLandmarksV2.ts(263,4): error TS1128: Declaration or statement expected.
lib/visualLab/data/poiExtraSenegalLandmarksV2.ts(263,64): error TS1128: Declaration or statement expected.
lib/visualLab/data/poiExtraSenegalLandmarksV2.ts(263,65): error TS1128: Declaration or statement expected.
lib/visualLab/data/poiExtraSenegalLandmarksV2.ts(266,9): error TS1005: ';' expected.
lib/visualLab/data/poiExtraSenegalLandmarksV2.ts(267,11): error TS1005: ';' expected.
lib/visualLab/data/poiExtraSenegalLandmarksV2.ts(268,11): error TS1005: ';' expected.
lib/visualLab/data/poiExtraSenegalLandmarksV2.ts(269,9): error TS1005: ';' expected.
lib/visualLab/data/poiExtraSenegalLandmarksV2.ts(271,9): error TS1005: ';' expected.
lib/visualLab/data/poiExtraSenegalLandmarksV2.ts(272,9): error TS1005: ';' expected.
lib/visualLab/data/poiExtraSenegalLandmarksV2.ts(273,9): error TS1005: ';' expected.
lib/visualLab/data/poiExtraSenegalLandmarksV2.ts(274,6): error TS1128: Declaration or statement expected.
lib/visualLab/data/poiExtraSenegalLandmarksV2.ts(276,9): error TS1005: ';' expected.
lib/visualLab/data/poiExtraSenegalLandmarksV2.ts(277,9): error TS1005: ';' expected.
lib/visualLab/data/poiExtraSenegalLandmarksV2.ts(278,9): error TS1005: ';' expected.
lib/visualLab/data/poiExtraSenegalLandmarksV2.ts(279,6): error TS1128: Declaration or statement expected.
lib/visualLab/data/poiExtraSenegalLandmarksV2.ts(282,9): error TS1005: ';' expected.
lib/visualLab/data/poiExtraSenegalLandmarksV2.ts(283,9): error TS1005: ';' expected.
lib/visualLab/data/poiExtraSenegalLandmarksV2.ts(284,9): error TS1005: ';' expected.
lib/visualLab/data/poiExtraSenegalLandmarksV2.ts(285,24): error TS1005: ';' expected.
lib/visualLab/data/poiExtraSenegalLandmarksV2.ts(287,6): error TS1128: Declaration or statement expected.
lib/visualLab/data/poiExtraSenegalLandmarksV2.ts(294,9): error TS1005: ';' expected.
lib/visualLab/data/poiExtraSenegalLandmarksV2.ts(295,11): error TS1005: ';' expected.
lib/visualLab/data/poiExtraSenegalLandmarksV2.ts(296,11): error TS1005: ';' expected.
lib/visualLab/data/poiExtraSenegalLandmarksV2.ts(297,9): error TS1005: ';' expected.
lib/visualLab/data/poiExtraSenegalLandmarksV2.ts(299,9): error TS1005: ';' expected.
lib/visualLab/data/poiExtraSenegalLandmarksV2.ts(300,9): error TS1005: ';' expected.
lib/visualLab/data/poiExtraSenegalLandmarksV2.ts(301,9): error TS1005: ';' expected.
lib/visualLab/data/poiExtraSenegalLandmarksV2.ts(302,6): error TS1128: Declaration or statement expected.
lib/visualLab/data/poiExtraSenegalLandmarksV2.ts(305,9): error TS1005: ';' expected.
lib/visualLab/data/poiExtraSenegalLandmarksV2.ts(306,9): error TS1005: ';' expected.
lib/visualLab/data/poiExtraSenegalLandmarksV2.ts(307,9): error TS1005: ';' expected.
lib/visualLab/data/poiExtraSenegalLandmarksV2.ts(308,6): error TS1128: Declaration or statement expected.
lib/visualLab/data/poiExtraSenegalLandmarksV2.ts(311,9): error TS1005: ';' expected.
lib/visualLab/data/poiExtraSenegalLandmarksV2.ts(312,9): error TS1005: ';' expected.
lib/visualLab/data/poiExtraSenegalLandmarksV2.ts(313,9): error TS1005: ';' expected.
lib/visualLab/data/poiExtraSenegalLandmarksV2.ts(314,6): error TS1128: Declaration or statement expected.
lib/visualLab/data/poiExtraSenegalLandmarksV2.ts(315,24): error TS1005: ';' expected.
lib/visualLab/data/poiExtraSenegalLandmarksV2.ts(317,9): error TS1005: ';' expected.
lib/visualLab/data/poiExtraSenegalLandmarksV2.ts(318,9): error TS1005: ';' expected.
lib/visualLab/data/poiExtraSenegalLandmarksV2.ts(319,9): error TS1005: ';' expected.
lib/visualLab/data/poiExtraSenegalLandmarksV2.ts(320,6): error TS1128: Declaration or statement expected.
lib/visualLab/data/poiExtraSenegalLandmarksV2.ts(323,9): error TS1005: ';' expected.
lib/visualLab/data/poiExtraSenegalLandmarksV2.ts(324,9): error TS1005: ';' expected.
lib/visualLab/data/poiExtraSenegalLandmarksV2.ts(325,9): error TS1005: ';' expected.
lib/visualLab/data/poiExtraSenegalLandmarksV2.ts(326,6): error TS1128: Declaration or statement expected.
lib/visualLab/data/poiExtraSenegalLandmarksV2.ts(329,9): error TS1005: ';' expected.
lib/visualLab/data/poiExtraSenegalLandmarksV2.ts(330,11): error TS1005: ';' expected.
lib/visualLab/data/poiExtraSenegalLandmarksV2.ts(331,11): error TS1005: ';' expected.
lib/visualLab/data/poiExtraSenegalLandmarksV2.ts(332,9): error TS1005: ';' expected.
lib/visualLab/data/poiExtraSenegalLandmarksV2.ts(334,9): error TS1005: ';' expected.
lib/visualLab/data/poiExtraSenegalLandmarksV2.ts(335,9): error TS1005: ';' expected.
lib/visualLab/data/poiExtraSenegalLandmarksV2.ts(336,9): error TS1005: ';' expected.
lib/visualLab/data/poiExtraSenegalLandmarksV2.ts(337,6): error TS1128: Declaration or statement expected.
lib/visualLab/data/poiExtraSenegalLandmarksV2.ts(339,9): error TS1005: ';' expected.
lib/visualLab/data/poiExtraSenegalLandmarksV2.ts(340,9): error TS1005: ';' expected.
lib/visualLab/data/poiExtraSenegalLandmarksV2.ts(341,9): error TS1005: ';' expected.
lib/visualLab/data/poiExtraSenegalLandmarksV2.ts(342,6): error TS1128: Declaration or statement expected.
lib/visualLab/data/poiExtraSenegalLandmarksV2.ts(345,9): error TS1005: ';' expected.
lib/visualLab/data/poiExtraSenegalLandmarksV2.ts(346,9): error TS1005: ';' expected.
lib/visualLab/data/poiExtraSenegalLandmarksV2.ts(347,9): error TS1005: ';' expected.
lib/visualLab/data/poiExtraSenegalLandmarksV2.ts(348,6): error TS1128: Declaration or statement expected.
lib/visualLab/data/poiExtraSenegalLandmarksV2.ts(349,24): error TS1005: ';' expected.
lib/visualLab/data/poiExtraSenegalLandmarksV2.ts(351,9): error TS1005: ';' expected.
lib/visualLab/data/poiExtraSenegalLandmarksV2.ts(352,9): error TS1005: ';' expected.
lib/visualLab/data/poiExtraSenegalLandmarksV2.ts(353,9): error TS1005: ';' expected.
lib/visualLab/data/poiExtraSenegalLandmarksV2.ts(355,6): error TS1128: Declaration or statement expected.
lib/visualLab/data/poiExtraSenegalLandmarksV2.ts(358,9): error TS1005: ';' expected.
lib/visualLab/data/poiExtraSenegalLandmarksV2.ts(359,9): error TS1005: ';' expected.
lib/visualLab/data/poiExtraSenegalLandmarksV2.ts(360,9): error TS1005: ';' expected.
lib/visualLab/data/poiExtraSenegalLandmarksV2.ts(362,6): error TS1128: Declaration or statement expected.
lib/visualLab/data/poiExtraSenegalLandmarksV2.ts(365,9): error TS1005: ';' expected.
lib/visualLab/data/poiExtraSenegalLandmarksV2.ts(366,11): error TS1005: ';' expected.
lib/visualLab/data/poiExtraSenegalLandmarksV2.ts(367,11): error TS1005: ';' expected.
lib/visualLab/data/poiExtraSenegalLandmarksV2.ts(368,9): error TS1005: ';' expected.
lib/visualLab/data/poiExtraSenegalLandmarksV2.ts(370,9): error TS1005: ';' expected.
lib/visualLab/data/poiExtraSenegalLandmarksV2.ts(371,9): error TS1005: ';' expected.
lib/visualLab/data/poiExtraSenegalLandmarksV2.ts(372,9): error TS1005: ';' expected.
lib/visualLab/data/poiExtraSenegalLandmarksV2.ts(373,6): error TS1128: Declaration or statement expected.
lib/visualLab/data/poiExtraSenegalLandmarksV2.ts(375,9): error TS1005: ';' expected.
lib/visualLab/data/poiExtraSenegalLandmarksV2.ts(376,9): error TS1005: ';' expected.
lib/visualLab/data/poiExtraSenegalLandmarksV2.ts(377,9): error TS1005: ';' expected.
lib/visualLab/data/poiExtraSenegalLandmarksV2.ts(378,6): error TS1128: Declaration or statement expected.
lib/visualLab/data/poiExtraSenegalLandmarksV2.ts(381,9): error TS1005: ';' expected.
lib/visualLab/data/poiExtraSenegalLandmarksV2.ts(382,9): error TS1005: ';' expected.
lib/visualLab/data/poiExtraSenegalLandmarksV2.ts(383,9): error TS1005: ';' expected.
lib/visualLab/data/poiExtraSenegalLandmarksV2.ts(384,6): error TS1128: Declaration or statement expected.
lib/visualLab/data/poiExtraSenegalLandmarksV2.ts(385,24): error TS1005: ';' expected.
lib/visualLab/data/poiExtraSenegalLandmarksV2.ts(387,9): error TS1005: ';' expected.
lib/visualLab/data/poiExtraSenegalLandmarksV2.ts(388,9): error TS1005: ';' expected.
lib/visualLab/data/poiExtraSenegalLandmarksV2.ts(389,9): error TS1005: ';' expected.
lib/visualLab/data/poiExtraSenegalLandmarksV2.ts(391,6): error TS1128: Declaration or statement expected.
lib/visualLab/data/poiExtraSenegalLandmarksV2.ts(394,9): error TS1005: ';' expected.
lib/visualLab/data/poiExtraSenegalLandmarksV2.ts(395,9): error TS1005: ';' expected.
lib/visualLab/data/poiExtraSenegalLandmarksV2.ts(396,9): error TS1005: ';' expected.
lib/visualLab/data/poiExtraSenegalLandmarksV2.ts(398,6): error TS1128: Declaration or statement expected.
lib/visualLab/data/poiExtraSenegalLandmarksV2.ts(401,9): error TS1005: ';' expected.
lib/visualLab/data/poiExtraSenegalLandmarksV2.ts(402,11): error TS1005: ';' expected.
lib/visualLab/data/poiExtraSenegalLandmarksV2.ts(403,11): error TS1005: ';' expected.
lib/visualLab/data/poiExtraSenegalLandmarksV2.ts(404,9): error TS1005: ';' expected.
lib/visualLab/data/poiExtraSenegalLandmarksV2.ts(406,9): error TS1005: ';' expected.
lib/visualLab/data/poiExtraSenegalLandmarksV2.ts(407,9): error TS1005: ';' expected.
lib/visualLab/data/poiExtraSenegalLandmarksV2.ts(408,9): error TS1005: ';' expected.
lib/visualLab/data/poiExtraSenegalLandmarksV2.ts(409,6): error TS1128: Declaration or statement expected.
lib/visualLab/data/poiExtraSenegalLandmarksV2.ts(411,9): error TS1005: ';' expected.
lib/visualLab/data/poiExtraSenegalLandmarksV2.ts(412,9): error TS1005: ';' expected.
lib/visualLab/data/poiExtraSenegalLandmarksV2.ts(413,9): error TS1005: ';' expected.
lib/visualLab/data/poiExtraSenegalLandmarksV2.ts(414,6): error TS1128: Declaration or statement expected.
lib/visualLab/data/poiExtraSenegalLandmarksV2.ts(417,9): error TS1005: ';' expected.
lib/visualLab/data/poiExtraSenegalLandmarksV2.ts(418,9): error TS1005: ';' expected.
lib/visualLab/data/poiExtraSenegalLandmarksV2.ts(419,9): error TS1005: ';' expected.
lib/visualLab/data/poiExtraSenegalLandmarksV2.ts(420,6): error TS1128: Declaration or statement expected.
lib/visualLab/data/poiExtraSenegalLandmarksV2.ts(421,24): error TS1005: ';' expected.
lib/visualLab/data/poiExtraSenegalLandmarksV2.ts(423,9): error TS1005: ';' expected.
lib/visualLab/data/poiExtraSenegalLandmarksV2.ts(424,9): error TS1005: ';' expected.
lib/visualLab/data/poiExtraSenegalLandmarksV2.ts(425,9): error TS1005: ';' expected.
lib/visualLab/data/poiExtraSenegalLandmarksV2.ts(427,6): error TS1128: Declaration or statement expected.
lib/visualLab/data/poiExtraSenegalLandmarksV2.ts(430,9): error TS1005: ';' expected.
lib/visualLab/data/poiExtraSenegalLandmarksV2.ts(431,9): error TS1005: ';' expected.
lib/visualLab/data/poiExtraSenegalLandmarksV2.ts(432,9): error TS1005: ';' expected.
lib/visualLab/data/poiExtraSenegalLandmarksV2.ts(434,6): error TS1128: Declaration or statement expected.
lib/visualLab/data/poiExtraSenegalLandmarksV2.ts(437,9): error TS1005: ';' expected.
lib/visualLab/data/poiExtraSenegalLandmarksV2.ts(438,11): error TS1005: ';' expected.
lib/visualLab/data/poiExtraSenegalLandmarksV2.ts(439,11): error TS1005: ';' expected.
lib/visualLab/data/poiExtraSenegalLandmarksV2.ts(440,9): error TS1005: ';' expected.
lib/visualLab/data/poiExtraSenegalLandmarksV2.ts(442,9): error TS1005: ';' expected.
lib/visualLab/data/poiExtraSenegalLandmarksV2.ts(443,9): error TS1005: ';' expected.
lib/visualLab/data/poiExtraSenegalLandmarksV2.ts(444,9): error TS1005: ';' expected.
lib/visualLab/data/poiExtraSenegalLandmarksV2.ts(445,6): error TS1128: Declaration or statement expected.
lib/visualLab/data/poiExtraSenegalLandmarksV2.ts(447,9): error TS1005: ';' expected.
lib/visualLab/data/poiExtraSenegalLandmarksV2.ts(448,9): error TS1005: ';' expected.
lib/visualLab/data/poiExtraSenegalLandmarksV2.ts(449,9): error TS1005: ';' expected.
lib/visualLab/data/poiExtraSenegalLandmarksV2.ts(450,6): error TS1128: Declaration or statement expected.
lib/visualLab/data/poiExtraSenegalLandmarksV2.ts(453,9): error TS1005: ';' expected.
lib/visualLab/data/poiExtraSenegalLandmarksV2.ts(454,9): error TS1005: ';' expected.
lib/visualLab/data/poiExtraSenegalLandmarksV2.ts(455,9): error TS1005: ';' expected.
lib/visualLab/data/poiExtraSenegalLandmarksV2.ts(456,6): error TS1128: Declaration or statement expected.
lib/visualLab/data/poiExtraSenegalLandmarksV2.ts(457,24): error TS1005: ';' expected.
lib/visualLab/data/poiExtraSenegalLandmarksV2.ts(459,9): error TS1005: ';' expected.
lib/visualLab/data/poiExtraSenegalLandmarksV2.ts(460,9): error TS1005: ';' expected.
lib/visualLab/data/poiExtraSenegalLandmarksV2.ts(461,9): error TS1005: ';' expected.
lib/visualLab/data/poiExtraSenegalLandmarksV2.ts(463,6): error TS1128: Declaration or statement expected.
lib/visualLab/data/poiExtraSenegalLandmarksV2.ts(466,9): error TS1005: ';' expected.
lib/visualLab/data/poiExtraSenegalLandmarksV2.ts(467,9): error TS1005: ';' expected.
lib/visualLab/data/poiExtraSenegalLandmarksV2.ts(468,9): error TS1005: ';' expected.
lib/visualLab/data/poiExtraSenegalLandmarksV2.ts(470,6): error TS1128: Declaration or statement expected.
lib/visualLab/data/poiExtraSenegalLandmarksV2.ts(473,9): error TS1005: ';' expected.
lib/visualLab/data/poiExtraSenegalLandmarksV2.ts(474,11): error TS1005: ';' expected.
lib/visualLab/data/poiExtraSenegalLandmarksV2.ts(475,11): error TS1005: ';' expected.
lib/visualLab/data/poiExtraSenegalLandmarksV2.ts(476,9): error TS1005: ';' expected.
lib/visualLab/data/poiExtraSenegalLandmarksV2.ts(478,9): error TS1005: ';' expected.
lib/visualLab/data/poiExtraSenegalLandmarksV2.ts(479,9): error TS1005: ';' expected.
lib/visualLab/data/poiExtraSenegalLandmarksV2.ts(480,9): error TS1005: ';' expected.
lib/visualLab/data/poiExtraSenegalLandmarksV2.ts(481,6): error TS1128: Declaration or statement expected.
lib/visualLab/data/poiExtraSenegalLandmarksV2.ts(483,9): error TS1005: ';' expected.
lib/visualLab/data/poiExtraSenegalLandmarksV2.ts(484,9): error TS1005: ';' expected.
lib/visualLab/data/poiExtraSenegalLandmarksV2.ts(485,9): error TS1005: ';' expected.
lib/visualLab/data/poiExtraSenegalLandmarksV2.ts(486,6): error TS1128: Declaration or statement expected.
lib/visualLab/data/poiExtraSenegalLandmarksV2.ts(489,9): error TS1005: ';' expected.
lib/visualLab/data/poiExtraSenegalLandmarksV2.ts(490,9): error TS1005: ';' expected.
lib/visualLab/data/poiExtraSenegalLandmarksV2.ts(491,9): error TS1005: ';' expected.
lib/visualLab/data/poiExtraSenegalLandmarksV2.ts(492,6): error TS1128: Declaration or statement expected.
lib/visualLab/data/poiExtraSenegalLandmarksV2.ts(493,24): error TS1005: ';' expected.
lib/visualLab/data/poiExtraSenegalLandmarksV2.ts(495,9): error TS1005: ';' expected.
lib/visualLab/data/poiExtraSenegalLandmarksV2.ts(496,9): error TS1005: ';' expected.
lib/visualLab/data/poiExtraSenegalLandmarksV2.ts(497,9): error TS1005: ';' expected.
lib/visualLab/data/poiExtraSenegalLandmarksV2.ts(499,6): error TS1128: Declaration or statement expected.
lib/visualLab/data/poiExtraSenegalLandmarksV2.ts(502,9): error TS1005: ';' expected.
lib/visualLab/data/poiExtraSenegalLandmarksV2.ts(503,9): error TS1005: ';' expected.
lib/visualLab/data/poiExtraSenegalLandmarksV2.ts(504,9): error TS1005: ';' expected.
lib/visualLab/data/poiExtraSenegalLandmarksV2.ts(506,6): error TS1128: Declaration or statement expected.
lib/visualLab/data/poiExtraSenegalLandmarksV2.ts(509,9): error TS1005: ';' expected.
lib/visualLab/data/poiExtraSenegalLandmarksV2.ts(510,11): error TS1005: ';' expected.
lib/visualLab/data/poiExtraSenegalLandmarksV2.ts(511,11): error TS1005: ';' expected.
lib/visualLab/data/poiExtraSenegalLandmarksV2.ts(512,9): error TS1005: ';' expected.
lib/visualLab/data/poiExtraSenegalLandmarksV2.ts(514,9): error TS1005: ';' expected.
lib/visualLab/data/poiExtraSenegalLandmarksV2.ts(515,9): error TS1005: ';' expected.
lib/visualLab/data/poiExtraSenegalLandmarksV2.ts(516,9): error TS1005: ';' expected.
lib/visualLab/data/poiExtraSenegalLandmarksV2.ts(517,6): error TS1128: Declaration or statement expected.
lib/visualLab/data/poiExtraSenegalLandmarksV2.ts(519,9): error TS1005: ';' expected.
lib/visualLab/data/poiExtraSenegalLandmarksV2.ts(520,9): error TS1005: ';' expected.
lib/visualLab/data/poiExtraSenegalLandmarksV2.ts(521,9): error TS1005: ';' expected.
lib/visualLab/data/poiExtraSenegalLandmarksV2.ts(522,6): error TS1128: Declaration or statement expected.
lib/visualLab/data/poiExtraSenegalLandmarksV2.ts(525,9): error TS1005: ';' expected.
lib/visualLab/data/poiExtraSenegalLandmarksV2.ts(526,9): error TS1005: ';' expected.
lib/visualLab/data/poiExtraSenegalLandmarksV2.ts(527,9): error TS1005: ';' expected.
lib/visualLab/data/poiExtraSenegalLandmarksV2.ts(528,6): error TS1128: Declaration or statement expected.
lib/visualLab/data/poiExtraSenegalLandmarksV2.ts(529,24): error TS1005: ';' expected.
lib/visualLab/data/poiExtraSenegalLandmarksV2.ts(531,9): error TS1005: ';' expected.
lib/visualLab/data/poiExtraSenegalLandmarksV2.ts(532,9): error TS1005: ';' expected.
lib/visualLab/data/poiExtraSenegalLandmarksV2.ts(533,9): error TS1005: ';' expected.
lib/visualLab/data/poiExtraSenegalLandmarksV2.ts(535,6): error TS1128: Declaration or statement expected.
lib/visualLab/data/poiExtraSenegalLandmarksV2.ts(538,9): error TS1005: ';' expected.
lib/visualLab/data/poiExtraSenegalLandmarksV2.ts(539,9): error TS1005: ';' expected.
lib/visualLab/data/poiExtraSenegalLandmarksV2.ts(540,9): error TS1005: ';' expected.
lib/visualLab/data/poiExtraSenegalLandmarksV2.ts(542,6): error TS1128: Declaration or statement expected.
lib/visualLab/data/poiExtraSenegalLandmarksV2.ts(545,9): error TS1005: ';' expected.
lib/visualLab/data/poiExtraSenegalLandmarksV2.ts(546,11): error TS1005: ';' expected.
lib/visualLab/data/poiExtraSenegalLandmarksV2.ts(547,11): error TS1005: ';' expected.
lib/visualLab/data/poiExtraSenegalLandmarksV2.ts(548,9): error TS1005: ';' expected.
lib/visualLab/data/poiExtraSenegalLandmarksV2.ts(550,9): error TS1005: ';' expected.
lib/visualLab/data/poiExtraSenegalLandmarksV2.ts(551,9): error TS1005: ';' expected.
lib/visualLab/data/poiExtraSenegalLandmarksV2.ts(552,9): error TS1005: ';' expected.
lib/visualLab/data/poiExtraSenegalLandmarksV2.ts(553,6): error TS1128: Declaration or statement expected.
lib/visualLab/data/poiExtraSenegalLandmarksV2.ts(556,9): error TS1005: ';' expected.
lib/visualLab/data/poiExtraSenegalLandmarksV2.ts(557,9): error TS1005: ';' expected.
lib/visualLab/data/poiExtraSenegalLandmarksV2.ts(558,9): error TS1005: ';' expected.
lib/visualLab/data/poiExtraSenegalLandmarksV2.ts(559,6): error TS1128: Declaration or statement expected.
lib/visualLab/data/poiExtraSenegalLandmarksV2.ts(562,9): error TS1005: ';' expected.
lib/visualLab/data/poiExtraSenegalLandmarksV2.ts(563,9): error TS1005: ';' expected.
lib/visualLab/data/poiExtraSenegalLandmarksV2.ts(564,9): error TS1005: ';' expected.
lib/visualLab/data/poiExtraSenegalLandmarksV2.ts(565,6): error TS1128: Declaration or statement expected.
lib/visualLab/data/poiExtraSenegalLandmarksV2.ts(566,24): error TS1005: ';' expected.
lib/visualLab/data/poiExtraSenegalLandmarksV2.ts(568,9): error TS1005: ';' expected.
lib/visualLab/data/poiExtraSenegalLandmarksV2.ts(569,9): error TS1005: ';' expected.
lib/visualLab/data/poiExtraSenegalLandmarksV2.ts(570,9): error TS1005: ';' expected.
lib/visualLab/data/poiExtraSenegalLandmarksV2.ts(572,6): error TS1128: Declaration or statement expected.
lib/visualLab/data/poiExtraSenegalLandmarksV2.ts(575,9): error TS1005: ';' expected.
lib/visualLab/data/poiExtraSenegalLandmarksV2.ts(576,9): error TS1005: ';' expected.
lib/visualLab/data/poiExtraSenegalLandmarksV2.ts(577,9): error TS1005: ';' expected.
lib/visualLab/data/poiExtraSenegalLandmarksV2.ts(579,6): error TS1128: Declaration or statement expected.
lib/visualLab/data/poiExtraSenegalLandmarksV2.ts(582,9): error TS1005: ';' expected.
lib/visualLab/data/poiExtraSenegalLandmarksV2.ts(583,11): error TS1005: ';' expected.
lib/visualLab/data/poiExtraSenegalLandmarksV2.ts(584,11): error TS1005: ';' expected.
lib/visualLab/data/poiExtraSenegalLandmarksV2.ts(585,9): error TS1005: ';' expected.
lib/visualLab/data/poiExtraSenegalLandmarksV2.ts(587,9): error TS1005: ';' expected.
lib/visualLab/data/poiExtraSenegalLandmarksV2.ts(588,9): error TS1005: ';' expected.
lib/visualLab/data/poiExtraSenegalLandmarksV2.ts(589,9): error TS1005: ';' expected.
lib/visualLab/data/poiExtraSenegalLandmarksV2.ts(590,6): error TS1128: Declaration or statement expected.
lib/visualLab/data/poiExtraSenegalLandmarksV2.ts(593,9): error TS1005: ';' expected.
lib/visualLab/data/poiExtraSenegalLandmarksV2.ts(594,9): error TS1005: ';' expected.
lib/visualLab/data/poiExtraSenegalLandmarksV2.ts(595,9): error TS1005: ';' expected.
lib/visualLab/data/poiExtraSenegalLandmarksV2.ts(596,6): error TS1128: Declaration or statement expected.
lib/visualLab/data/poiExtraSenegalLandmarksV2.ts(599,9): error TS1005: ';' expected.
lib/visualLab/data/poiExtraSenegalLandmarksV2.ts(600,9): error TS1005: ';' expected.
lib/visualLab/data/poiExtraSenegalLandmarksV2.ts(601,9): error TS1005: ';' expected.
lib/visualLab/data/poiExtraSenegalLandmarksV2.ts(602,6): error TS1128: Declaration or statement expected.
lib/visualLab/data/poiExtraSenegalLandmarksV2.ts(603,24): error TS1005: ';' expected.
lib/visualLab/data/poiExtraSenegalLandmarksV2.ts(605,9): error TS1005: ';' expected.
lib/visualLab/data/poiExtraSenegalLandmarksV2.ts(606,9): error TS1005: ';' expected.
lib/visualLab/data/poiExtraSenegalLandmarksV2.ts(607,9): error TS1005: ';' expected.
lib/visualLab/data/poiExtraSenegalLandmarksV2.ts(609,6): error TS1128: Declaration or statement expected.
lib/visualLab/data/poiExtraSenegalLandmarksV2.ts(612,9): error TS1005: ';' expected.
lib/visualLab/data/poiExtraSenegalLandmarksV2.ts(613,9): error TS1005: ';' expected.
lib/visualLab/data/poiExtraSenegalLandmarksV2.ts(614,9): error TS1005: ';' expected.
lib/visualLab/data/poiExtraSenegalLandmarksV2.ts(616,6): error TS1128: Declaration or statement expected.
lib/visualLab/data/poiExtraSenegalLandmarksV2.ts(619,9): error TS1005: ';' expected.
lib/visualLab/data/poiExtraSenegalLandmarksV2.ts(620,11): error TS1005: ';' expected.
lib/visualLab/data/poiExtraSenegalLandmarksV2.ts(621,11): error TS1005: ';' expected.
lib/visualLab/data/poiExtraSenegalLandmarksV2.ts(622,9): error TS1005: ';' expected.
lib/visualLab/data/poiExtraSenegalLandmarksV2.ts(624,9): error TS1005: ';' expected.
lib/visualLab/data/poiExtraSenegalLandmarksV2.ts(625,9): error TS1005: ';' expected.
lib/visualLab/data/poiExtraSenegalLandmarksV2.ts(626,9): error TS1005: ';' expected.
lib/visualLab/data/poiExtraSenegalLandmarksV2.ts(627,6): error TS1128: Declaration or statement expected.
lib/visualLab/data/poiExtraSenegalLandmarksV2.ts(630,9): error TS1005: ';' expected.
lib/visualLab/data/poiExtraSenegalLandmarksV2.ts(631,9): error TS1005: ';' expected.
lib/visualLab/data/poiExtraSenegalLandmarksV2.ts(632,9): error TS1005: ';' expected.
lib/visualLab/data/poiExtraSenegalLandmarksV2.ts(633,6): error TS1128: Declaration or statement expected.
lib/visualLab/data/poiExtraSenegalLandmarksV2.ts(636,9): error TS1005: ';' expected.
lib/visualLab/data/poiExtraSenegalLandmarksV2.ts(637,9): error TS1005: ';' expected.
lib/visualLab/data/poiExtraSenegalLandmarksV2.ts(638,9): error TS1005: ';' expected.
lib/visualLab/data/poiExtraSenegalLandmarksV2.ts(639,6): error TS1128: Declaration or statement expected.
lib/visualLab/data/poiExtraSenegalLandmarksV2.ts(640,24): error TS1005: ';' expected.
lib/visualLab/data/poiExtraSenegalLandmarksV2.ts(642,9): error TS1005: ';' expected.
lib/visualLab/data/poiExtraSenegalLandmarksV2.ts(643,9): error TS1005: ';' expected.
lib/visualLab/data/poiExtraSenegalLandmarksV2.ts(644,9): error TS1005: ';' expected.
lib/visualLab/data/poiExtraSenegalLandmarksV2.ts(646,6): error TS1128: Declaration or statement expected.
lib/visualLab/data/poiExtraSenegalLandmarksV2.ts(649,9): error TS1005: ';' expected.
lib/visualLab/data/poiExtraSenegalLandmarksV2.ts(650,9): error TS1005: ';' expected.
lib/visualLab/data/poiExtraSenegalLandmarksV2.ts(651,9): error TS1005: ';' expected.
lib/visualLab/data/poiExtraSenegalLandmarksV2.ts(653,6): error TS1128: Declaration or statement expected.
lib/visualLab/data/poiExtraSenegalLandmarksV2.ts(656,9): error TS1005: ';' expected.
lib/visualLab/data/poiExtraSenegalLandmarksV2.ts(657,11): error TS1005: ';' expected.
lib/visualLab/data/poiExtraSenegalLandmarksV2.ts(658,11): error TS1005: ';' expected.
lib/visualLab/data/poiExtraSenegalLandmarksV2.ts(659,9): error TS1005: ';' expected.
lib/visualLab/data/poiExtraSenegalLandmarksV2.ts(661,9): error TS1005: ';' expected.
lib/visualLab/data/poiExtraSenegalLandmarksV2.ts(662,9): error TS1005: ';' expected.
lib/visualLab/data/poiExtraSenegalLandmarksV2.ts(663,9): error TS1005: ';' expected.
lib/visualLab/data/poiExtraSenegalLandmarksV2.ts(664,6): error TS1128: Declaration or statement expected.
lib/visualLab/data/poiExtraSenegalLandmarksV2.ts(667,9): error TS1005: ';' expected.
lib/visualLab/data/poiExtraSenegalLandmarksV2.ts(668,9): error TS1005: ';' expected.
lib/visualLab/data/poiExtraSenegalLandmarksV2.ts(669,9): error TS1005: ';' expected.
lib/visualLab/data/poiExtraSenegalLandmarksV2.ts(670,6): error TS1128: Declaration or statement expected.
lib/visualLab/data/poiExtraSenegalLandmarksV2.ts(673,9): error TS1005: ';' expected.
lib/visualLab/data/poiExtraSenegalLandmarksV2.ts(674,9): error TS1005: ';' expected.
lib/visualLab/data/poiExtraSenegalLandmarksV2.ts(675,9): error TS1005: ';' expected.
lib/visualLab/data/poiExtraSenegalLandmarksV2.ts(676,6): error TS1128: Declaration or statement expected.
lib/visualLab/data/poiExtraSenegalLandmarksV2.ts(677,24): error TS1005: ';' expected.
lib/visualLab/data/poiExtraSenegalLandmarksV2.ts(679,9): error TS1005: ';' expected.
lib/visualLab/data/poiExtraSenegalLandmarksV2.ts(680,9): error TS1005: ';' expected.
lib/visualLab/data/poiExtraSenegalLandmarksV2.ts(681,9): error TS1005: ';' expected.
lib/visualLab/data/poiExtraSenegalLandmarksV2.ts(683,6): error TS1128: Declaration or statement expected.
lib/visualLab/data/poiExtraSenegalLandmarksV2.ts(686,9): error TS1005: ';' expected.
lib/visualLab/data/poiExtraSenegalLandmarksV2.ts(687,9): error TS1005: ';' expected.
lib/visualLab/data/poiExtraSenegalLandmarksV2.ts(688,9): error TS1005: ';' expected.
lib/visualLab/data/poiExtraSenegalLandmarksV2.ts(690,6): error TS1128: Declaration or statement expected.
lib/visualLab/data/poiExtraSenegalLandmarksV2.ts(693,9): error TS1005: ';' expected.
lib/visualLab/data/poiExtraSenegalLandmarksV2.ts(694,11): error TS1005: ';' expected.
lib/visualLab/data/poiExtraSenegalLandmarksV2.ts(695,11): error TS1005: ';' expected.
lib/visualLab/data/poiExtraSenegalLandmarksV2.ts(696,9): error TS1005: ';' expected.
lib/visualLab/data/poiExtraSenegalLandmarksV2.ts(698,9): error TS1005: ';' expected.
lib/visualLab/data/poiExtraSenegalLandmarksV2.ts(699,9): error TS1005: ';' expected.
lib/visualLab/data/poiExtraSenegalLandmarksV2.ts(700,9): error TS1005: ';' expected.
lib/visualLab/data/poiExtraSenegalLandmarksV2.ts(701,6): error TS1128: Declaration or statement expected.
lib/visualLab/data/poiExtraSenegalLandmarksV2.ts(704,9): error TS1005: ';' expected.
lib/visualLab/data/poiExtraSenegalLandmarksV2.ts(705,9): error TS1005: ';' expected.
lib/visualLab/data/poiExtraSenegalLandmarksV2.ts(706,9): error TS1005: ';' expected.
lib/visualLab/data/poiExtraSenegalLandmarksV2.ts(707,6): error TS1128: Declaration or statement expected.
lib/visualLab/data/poiExtraSenegalLandmarksV2.ts(710,9): error TS1005: ';' expected.
lib/visualLab/data/poiExtraSenegalLandmarksV2.ts(711,9): error TS1005: ';' expected.
lib/visualLab/data/poiExtraSenegalLandmarksV2.ts(712,9): error TS1005: ';' expected.
lib/visualLab/data/poiExtraSenegalLandmarksV2.ts(713,6): error TS1128: Declaration or statement expected.
lib/visualLab/data/poiExtraSenegalLandmarksV2.ts(714,24): error TS1005: ';' expected.
lib/visualLab/data/poiExtraSenegalLandmarksV2.ts(716,9): error TS1005: ';' expected.
lib/visualLab/data/poiExtraSenegalLandmarksV2.ts(717,9): error TS1005: ';' expected.
lib/visualLab/data/poiExtraSenegalLandmarksV2.ts(718,9): error TS1005: ';' expected.
lib/visualLab/data/poiExtraSenegalLandmarksV2.ts(720,6): error TS1128: Declaration or statement expected.
lib/visualLab/data/poiExtraSenegalLandmarksV2.ts(723,9): error TS1005: ';' expected.
lib/visualLab/data/poiExtraSenegalLandmarksV2.ts(724,9): error TS1005: ';' expected.
lib/visualLab/data/poiExtraSenegalLandmarksV2.ts(725,9): error TS1005: ';' expected.
lib/visualLab/data/poiExtraSenegalLandmarksV2.ts(727,6): error TS1128: Declaration or statement expected.
lib/visualLab/data/poiExtraSenegalLandmarksV2.ts(730,9): error TS1005: ';' expected.
lib/visualLab/data/poiExtraSenegalLandmarksV2.ts(731,11): error TS1005: ';' expected.
lib/visualLab/data/poiExtraSenegalLandmarksV2.ts(732,11): error TS1005: ';' expected.
lib/visualLab/data/poiExtraSenegalLandmarksV2.ts(733,9): error TS1005: ';' expected.
lib/visualLab/data/poiExtraSenegalLandmarksV2.ts(735,9): error TS1005: ';' expected.
lib/visualLab/data/poiExtraSenegalLandmarksV2.ts(736,9): error TS1005: ';' expected.
lib/visualLab/data/poiExtraSenegalLandmarksV2.ts(737,9): error TS1005: ';' expected.
lib/visualLab/data/poiExtraSenegalLandmarksV2.ts(738,6): error TS1128: Declaration or statement expected.
lib/visualLab/data/poiExtraSenegalLandmarksV2.ts(741,9): error TS1005: ';' expected.
lib/visualLab/data/poiExtraSenegalLandmarksV2.ts(742,9): error TS1005: ';' expected.
lib/visualLab/data/poiExtraSenegalLandmarksV2.ts(743,9): error TS1005: ';' expected.
lib/visualLab/data/poiExtraSenegalLandmarksV2.ts(744,6): error TS1128: Declaration or statement expected.
lib/visualLab/data/poiExtraSenegalLandmarksV2.ts(747,9): error TS1005: ';' expected.
lib/visualLab/data/poiExtraSenegalLandmarksV2.ts(748,9): error TS1005: ';' expected.
lib/visualLab/data/poiExtraSenegalLandmarksV2.ts(749,9): error TS1005: ';' expected.
lib/visualLab/data/poiExtraSenegalLandmarksV2.ts(750,6): error TS1128: Declaration or statement expected.
lib/visualLab/data/poiExtraSenegalLandmarksV2.ts(751,24): error TS1005: ';' expected.
lib/visualLab/data/poiExtraSenegalLandmarksV2.ts(753,9): error TS1005: ';' expected.
lib/visualLab/data/poiExtraSenegalLandmarksV2.ts(754,9): error TS1005: ';' expected.
lib/visualLab/data/poiExtraSenegalLandmarksV2.ts(755,9): error TS1005: ';' expected.
lib/visualLab/data/poiExtraSenegalLandmarksV2.ts(757,6): error TS1128: Declaration or statement expected.
lib/visualLab/data/poiExtraSenegalLandmarksV2.ts(760,9): error TS1005: ';' expected.
lib/visualLab/data/poiExtraSenegalLandmarksV2.ts(761,9): error TS1005: ';' expected.
lib/visualLab/data/poiExtraSenegalLandmarksV2.ts(762,9): error TS1005: ';' expected.
lib/visualLab/data/poiExtraSenegalLandmarksV2.ts(764,6): error TS1128: Declaration or statement expected.
lib/visualLab/data/poiExtraSenegalLandmarksV2.ts(767,9): error TS1005: ';' expected.
lib/visualLab/data/poiExtraSenegalLandmarksV2.ts(768,11): error TS1005: ';' expected.
lib/visualLab/data/poiExtraSenegalLandmarksV2.ts(769,11): error TS1005: ';' expected.
lib/visualLab/data/poiExtraSenegalLandmarksV2.ts(770,9): error TS1005: ';' expected.
lib/visualLab/data/poiExtraSenegalLandmarksV2.ts(772,9): error TS1005: ';' expected.
lib/visualLab/data/poiExtraSenegalLandmarksV2.ts(773,9): error TS1005: ';' expected.
lib/visualLab/data/poiExtraSenegalLandmarksV2.ts(774,9): error TS1005: ';' expected.
lib/visualLab/data/poiExtraSenegalLandmarksV2.ts(775,6): error TS1128: Declaration or statement expected.
lib/visualLab/data/poiExtraSenegalLandmarksV2.ts(778,9): error TS1005: ';' expected.
lib/visualLab/data/poiExtraSenegalLandmarksV2.ts(779,9): error TS1005: ';' expected.
lib/visualLab/data/poiExtraSenegalLandmarksV2.ts(780,9): error TS1005: ';' expected.
lib/visualLab/data/poiExtraSenegalLandmarksV2.ts(781,6): error TS1128: Declaration or statement expected.
lib/visualLab/data/poiExtraSenegalLandmarksV2.ts(784,9): error TS1005: ';' expected.
lib/visualLab/data/poiExtraSenegalLandmarksV2.ts(785,9): error TS1005: ';' expected.
lib/visualLab/data/poiExtraSenegalLandmarksV2.ts(786,9): error TS1005: ';' expected.
lib/visualLab/data/poiExtraSenegalLandmarksV2.ts(787,6): error TS1128: Declaration or statement expected.
lib/visualLab/data/poiExtraSenegalLandmarksV2.ts(788,24): error TS1005: ';' expected.
lib/visualLab/data/poiExtraSenegalLandmarksV2.ts(790,9): error TS1005: ';' expected.
lib/visualLab/data/poiExtraSenegalLandmarksV2.ts(791,9): error TS1005: ';' expected.
lib/visualLab/data/poiExtraSenegalLandmarksV2.ts(792,9): error TS1005: ';' expected.
lib/visualLab/data/poiExtraSenegalLandmarksV2.ts(794,6): error TS1128: Declaration or statement expected.
lib/visualLab/data/poiExtraSenegalLandmarksV2.ts(797,9): error TS1005: ';' expected.
lib/visualLab/data/poiExtraSenegalLandmarksV2.ts(798,9): error TS1005: ';' expected.
lib/visualLab/data/poiExtraSenegalLandmarksV2.ts(799,9): error TS1005: ';' expected.
lib/visualLab/data/poiExtraSenegalLandmarksV2.ts(801,6): error TS1128: Declaration or statement expected.
lib/visualLab/data/poiExtraSenegalLandmarksV2.ts(804,9): error TS1005: ';' expected.
lib/visualLab/data/poiExtraSenegalLandmarksV2.ts(805,11): error TS1005: ';' expected.
lib/visualLab/data/poiExtraSenegalLandmarksV2.ts(806,11): error TS1005: ';' expected.
lib/visualLab/data/poiExtraSenegalLandmarksV2.ts(807,9): error TS1005: ';' expected.
lib/visualLab/data/poiExtraSenegalLandmarksV2.ts(809,9): error TS1005: ';' expected.
lib/visualLab/data/poiExtraSenegalLandmarksV2.ts(810,9): error TS1005: ';' expected.
lib/visualLab/data/poiExtraSenegalLandmarksV2.ts(811,9): error TS1005: ';' expected.
lib/visualLab/data/poiExtraSenegalLandmarksV2.ts(812,6): error TS1128: Declaration or statement expected.
lib/visualLab/data/poiExtraSenegalLandmarksV2.ts(815,9): error TS1005: ';' expected.
lib/visualLab/data/poiExtraSenegalLandmarksV2.ts(816,9): error TS1005: ';' expected.
lib/visualLab/data/poiExtraSenegalLandmarksV2.ts(817,9): error TS1005: ';' expected.
lib/visualLab/data/poiExtraSenegalLandmarksV2.ts(818,6): error TS1128: Declaration or statement expected.
lib/visualLab/data/poiExtraSenegalLandmarksV2.ts(821,9): error TS1005: ';' expected.
lib/visualLab/data/poiExtraSenegalLandmarksV2.ts(822,9): error TS1005: ';' expected.
lib/visualLab/data/poiExtraSenegalLandmarksV2.ts(823,9): error TS1005: ';' expected.
lib/visualLab/data/poiExtraSenegalLandmarksV2.ts(824,6): error TS1128: Declaration or statement expected.
lib/visualLab/data/poiExtraSenegalLandmarksV2.ts(825,24): error TS1005: ';' expected.
lib/visualLab/data/poiExtraSenegalLandmarksV2.ts(827,9): error TS1005: ';' expected.
lib/visualLab/data/poiExtraSenegalLandmarksV2.ts(828,9): error TS1005: ';' expected.
lib/visualLab/data/poiExtraSenegalLandmarksV2.ts(829,9): error TS1005: ';' expected.
lib/visualLab/data/poiExtraSenegalLandmarksV2.ts(831,6): error TS1128: Declaration or statement expected.
lib/visualLab/data/poiExtraSenegalLandmarksV2.ts(834,9): error TS1005: ';' expected.
lib/visualLab/data/poiExtraSenegalLandmarksV2.ts(835,9): error TS1005: ';' expected.
lib/visualLab/data/poiExtraSenegalLandmarksV2.ts(836,9): error TS1005: ';' expected.
lib/visualLab/data/poiExtraSenegalLandmarksV2.ts(838,6): error TS1128: Declaration or statement expected.
lib/visualLab/data/poiExtraSenegalLandmarksV2.ts(841,9): error TS1005: ';' expected.
lib/visualLab/data/poiExtraSenegalLandmarksV2.ts(842,11): error TS1005: ';' expected.
lib/visualLab/data/poiExtraSenegalLandmarksV2.ts(843,11): error TS1005: ';' expected.
lib/visualLab/data/poiExtraSenegalLandmarksV2.ts(844,9): error TS1005: ';' expected.
lib/visualLab/data/poiExtraSenegalLandmarksV2.ts(846,9): error TS1005: ';' expected.
lib/visualLab/data/poiExtraSenegalLandmarksV2.ts(847,9): error TS1005: ';' expected.
lib/visualLab/data/poiExtraSenegalLandmarksV2.ts(848,9): error TS1005: ';' expected.
lib/visualLab/data/poiExtraSenegalLandmarksV2.ts(849,6): error TS1128: Declaration or statement expected.
lib/visualLab/data/poiExtraSenegalLandmarksV2.ts(852,9): error TS1005: ';' expected.
lib/visualLab/data/poiExtraSenegalLandmarksV2.ts(853,9): error TS1005: ';' expected.
lib/visualLab/data/poiExtraSenegalLandmarksV2.ts(854,9): error TS1005: ';' expected.
lib/visualLab/data/poiExtraSenegalLandmarksV2.ts(855,6): error TS1128: Declaration or statement expected.
lib/visualLab/data/poiExtraSenegalLandmarksV2.ts(858,9): error TS1005: ';' expected.
lib/visualLab/data/poiExtraSenegalLandmarksV2.ts(859,9): error TS1005: ';' expected.
lib/visualLab/data/poiExtraSenegalLandmarksV2.ts(860,9): error TS1005: ';' expected.
lib/visualLab/data/poiExtraSenegalLandmarksV2.ts(861,6): error TS1128: Declaration or statement expected.
lib/visualLab/data/poiExtraSenegalLandmarksV2.ts(862,24): error TS1005: ';' expected.
lib/visualLab/data/poiExtraSenegalLandmarksV2.ts(864,9): error TS1005: ';' expected.
lib/visualLab/data/poiExtraSenegalLandmarksV2.ts(865,9): error TS1005: ';' expected.
lib/visualLab/data/poiExtraSenegalLandmarksV2.ts(866,9): error TS1005: ';' expected.
lib/visualLab/data/poiExtraSenegalLandmarksV2.ts(868,6): error TS1128: Declaration or statement expected.
lib/visualLab/data/poiExtraSenegalLandmarksV2.ts(871,9): error TS1005: ';' expected.
lib/visualLab/data/poiExtraSenegalLandmarksV2.ts(872,9): error TS1005: ';' expected.
lib/visualLab/data/poiExtraSenegalLandmarksV2.ts(873,9): error TS1005: ';' expected.
lib/visualLab/data/poiExtraSenegalLandmarksV2.ts(875,6): error TS1128: Declaration or statement expected.
lib/visualLab/data/poiExtraSenegalLandmarksV2.ts(878,9): error TS1005: ';' expected.
lib/visualLab/data/poiExtraSenegalLandmarksV2.ts(879,11): error TS1005: ';' expected.
lib/visualLab/data/poiExtraSenegalLandmarksV2.ts(880,11): error TS1005: ';' expected.
lib/visualLab/data/poiExtraSenegalLandmarksV2.ts(881,9): error TS1005: ';' expected.
lib/visualLab/data/poiExtraSenegalLandmarksV2.ts(883,9): error TS1005: ';' expected.
lib/visualLab/data/poiExtraSenegalLandmarksV2.ts(884,9): error TS1005: ';' expected.
lib/visualLab/data/poiExtraSenegalLandmarksV2.ts(885,9): error TS1005: ';' expected.
lib/visualLab/data/poiExtraSenegalLandmarksV2.ts(886,6): error TS1128: Declaration or statement expected.
lib/visualLab/data/poiExtraSenegalLandmarksV2.ts(889,9): error TS1005: ';' expected.
lib/visualLab/data/poiExtraSenegalLandmarksV2.ts(890,9): error TS1005: ';' expected.
lib/visualLab/data/poiExtraSenegalLandmarksV2.ts(891,9): error TS1005: ';' expected.
lib/visualLab/data/poiExtraSenegalLandmarksV2.ts(892,6): error TS1128: Declaration or statement expected.
lib/visualLab/data/poiExtraSenegalLandmarksV2.ts(895,9): error TS1005: ';' expected.
lib/visualLab/data/poiExtraSenegalLandmarksV2.ts(896,9): error TS1005: ';' expected.
lib/visualLab/data/poiExtraSenegalLandmarksV2.ts(897,9): error TS1005: ';' expected.
lib/visualLab/data/poiExtraSenegalLandmarksV2.ts(898,6): error TS1128: Declaration or statement expected.
lib/visualLab/data/poiExtraSenegalLandmarksV2.ts(899,24): error TS1005: ';' expected.
lib/visualLab/data/poiExtraSenegalLandmarksV2.ts(901,9): error TS1005: ';' expected.
lib/visualLab/data/poiExtraSenegalLandmarksV2.ts(902,9): error TS1005: ';' expected.
lib/visualLab/data/poiExtraSenegalLandmarksV2.ts(903,9): error TS1005: ';' expected.
lib/visualLab/data/poiExtraSenegalLandmarksV2.ts(905,6): error TS1128: Declaration or statement expected.
lib/visualLab/data/poiExtraSenegalLandmarksV2.ts(908,9): error TS1005: ';' expected.
lib/visualLab/data/poiExtraSenegalLandmarksV2.ts(909,9): error TS1005: ';' expected.
lib/visualLab/data/poiExtraSenegalLandmarksV2.ts(910,9): error TS1005: ';' expected.
lib/visualLab/data/poiExtraSenegalLandmarksV2.ts(912,6): error TS1128: Declaration or statement expected.
lib/visualLab/data/poiExtraSenegalLandmarksV2.ts(915,9): error TS1005: ';' expected.
lib/visualLab/data/poiExtraSenegalLandmarksV2.ts(916,11): error TS1005: ';' expected.
lib/visualLab/data/poiExtraSenegalLandmarksV2.ts(917,11): error TS1005: ';' expected.
lib/visualLab/data/poiExtraSenegalLandmarksV2.ts(918,9): error TS1005: ';' expected.
lib/visualLab/data/poiExtraSenegalLandmarksV2.ts(920,9): error TS1005: ';' expected.
lib/visualLab/data/poiExtraSenegalLandmarksV2.ts(921,9): error TS1005: ';' expected.
lib/visualLab/data/poiExtraSenegalLandmarksV2.ts(922,9): error TS1005: ';' expected.
lib/visualLab/data/poiExtraSenegalLandmarksV2.ts(923,6): error TS1128: Declaration or statement expected.
lib/visualLab/data/poiExtraSenegalLandmarksV2.ts(926,9): error TS1005: ';' expected.
lib/visualLab/data/poiExtraSenegalLandmarksV2.ts(927,9): error TS1005: ';' expected.
lib/visualLab/data/poiExtraSenegalLandmarksV2.ts(928,9): error TS1005: ';' expected.
lib/visualLab/data/poiExtraSenegalLandmarksV2.ts(929,6): error TS1128: Declaration or statement expected.
lib/visualLab/data/poiExtraSenegalLandmarksV2.ts(932,9): error TS1005: ';' expected.
lib/visualLab/data/poiExtraSenegalLandmarksV2.ts(933,9): error TS1005: ';' expected.
lib/visualLab/data/poiExtraSenegalLandmarksV2.ts(934,9): error TS1005: ';' expected.
lib/visualLab/data/poiExtraSenegalLandmarksV2.ts(935,6): error TS1128: Declaration or statement expected.
lib/visualLab/data/poiExtraSenegalLandmarksV2.ts(938,9): error TS1005: ';' expected.
lib/visualLab/data/poiExtraSenegalLandmarksV2.ts(939,9): error TS1005: ';' expected.
lib/visualLab/data/poiExtraSenegalLandmarksV2.ts(940,9): error TS1005: ';' expected.
lib/visualLab/data/poiExtraSenegalLandmarksV2.ts(942,6): error TS1128: Declaration or statement expected.
lib/visualLab/data/poiExtraSenegalLandmarksV2.ts(945,9): error TS1005: ';' expected.
lib/visualLab/data/poiExtraSenegalLandmarksV2.ts(946,9): error TS1005: ';' expected.
lib/visualLab/data/poiExtraSenegalLandmarksV2.ts(947,9): error TS1005: ';' expected.
lib/visualLab/data/poiExtraSenegalLandmarksV2.ts(949,6): error TS1128: Declaration or statement expected.
lib/visualLab/data/poiExtraSenegalLandmarksV2.ts(952,9): error TS1005: ';' expected.
lib/visualLab/data/poiExtraSenegalLandmarksV2.ts(953,11): error TS1005: ';' expected.
lib/visualLab/data/poiExtraSenegalLandmarksV2.ts(954,11): error TS1005: ';' expected.
lib/visualLab/data/poiExtraSenegalLandmarksV2.ts(955,9): error TS1005: ';' expected.
lib/visualLab/data/poiExtraSenegalLandmarksV2.ts(957,9): error TS1005: ';' expected.
lib/visualLab/data/poiExtraSenegalLandmarksV2.ts(958,9): error TS1005: ';' expected.
lib/visualLab/data/poiExtraSenegalLandmarksV2.ts(959,9): error TS1005: ';' expected.
lib/visualLab/data/poiExtraSenegalLandmarksV2.ts(960,6): error TS1128: Declaration or statement expected.
lib/visualLab/data/poiExtraSenegalLandmarksV2.ts(963,9): error TS1005: ';' expected.
lib/visualLab/data/poiExtraSenegalLandmarksV2.ts(964,9): error TS1005: ';' expected.
lib/visualLab/data/poiExtraSenegalLandmarksV2.ts(965,9): error TS1005: ';' expected.
lib/visualLab/data/poiExtraSenegalLandmarksV2.ts(966,6): error TS1128: Declaration or statement expected.
lib/visualLab/data/poiExtraSenegalLandmarksV2.ts(969,9): error TS1005: ';' expected.
lib/visualLab/data/poiExtraSenegalLandmarksV2.ts(970,9): error TS1005: ';' expected.
lib/visualLab/data/poiExtraSenegalLandmarksV2.ts(971,9): error TS1005: ';' expected.
lib/visualLab/data/poiExtraSenegalLandmarksV2.ts(972,6): error TS1128: Declaration or statement expected.
lib/visualLab/data/poiExtraSenegalLandmarksV2.ts(973,24): error TS1005: ';' expected.
lib/visualLab/data/poiExtraSenegalLandmarksV2.ts(975,9): error TS1005: ';' expected.
lib/visualLab/data/poiExtraSenegalLandmarksV2.ts(976,9): error TS1005: ';' expected.
lib/visualLab/data/poiExtraSenegalLandmarksV2.ts(977,9): error TS1005: ';' expected.
lib/visualLab/data/poiExtraSenegalLandmarksV2.ts(979,6): error TS1128: Declaration or statement expected.
lib/visualLab/data/poiExtraSenegalLandmarksV2.ts(982,9): error TS1005: ';' expected.
lib/visualLab/data/poiExtraSenegalLandmarksV2.ts(983,9): error TS1005: ';' expected.
lib/visualLab/data/poiExtraSenegalLandmarksV2.ts(984,9): error TS1005: ';' expected.
lib/visualLab/data/poiExtraSenegalLandmarksV2.ts(986,6): error TS1128: Declaration or statement expected.
lib/visualLab/data/poiExtraSenegalLandmarksV2.ts(989,9): error TS1005: ';' expected.
lib/visualLab/data/poiExtraSenegalLandmarksV2.ts(990,11): error TS1005: ';' expected.
lib/visualLab/data/poiExtraSenegalLandmarksV2.ts(991,11): error TS1005: ';' expected.
lib/visualLab/data/poiExtraSenegalLandmarksV2.ts(992,9): error TS1005: ';' expected.
lib/visualLab/data/poiExtraSenegalLandmarksV2.ts(994,9): error TS1005: ';' expected.
lib/visualLab/data/poiExtraSenegalLandmarksV2.ts(995,9): error TS1005: ';' expected.
lib/visualLab/data/poiExtraSenegalLandmarksV2.ts(996,9): error TS1005: ';' expected.
lib/visualLab/data/poiExtraSenegalLandmarksV2.ts(997,6): error TS1128: Declaration or statement expected.
lib/visualLab/data/poiExtraSenegalLandmarksV2.ts(1000,9): error TS1005: ';' expected.
lib/visualLab/data/poiExtraSenegalLandmarksV2.ts(1001,9): error TS1005: ';' expected.
lib/visualLab/data/poiExtraSenegalLandmarksV2.ts(1002,9): error TS1005: ';' expected.
lib/visualLab/data/poiExtraSenegalLandmarksV2.ts(1003,6): error TS1128: Declaration or statement expected.
lib/visualLab/data/poiExtraSenegalLandmarksV2.ts(1006,9): error TS1005: ';' expected.
lib/visualLab/data/poiExtraSenegalLandmarksV2.ts(1007,9): error TS1005: ';' expected.
lib/visualLab/data/poiExtraSenegalLandmarksV2.ts(1008,9): error TS1005: ';' expected.
lib/visualLab/data/poiExtraSenegalLandmarksV2.ts(1009,6): error TS1128: Declaration or statement expected.
lib/visualLab/data/poiExtraSenegalLandmarksV2.ts(1012,9): error TS1005: ';' expected.
lib/visualLab/data/poiExtraSenegalLandmarksV2.ts(1013,9): error TS1005: ';' expected.
lib/visualLab/data/poiExtraSenegalLandmarksV2.ts(1014,9): error TS1005: ';' expected.
lib/visualLab/data/poiExtraSenegalLandmarksV2.ts(1016,6): error TS1128: Declaration or statement expected.
lib/visualLab/data/poiExtraSenegalLandmarksV2.ts(1019,9): error TS1005: ';' expected.
lib/visualLab/data/poiExtraSenegalLandmarksV2.ts(1020,9): error TS1005: ';' expected.
lib/visualLab/data/poiExtraSenegalLandmarksV2.ts(1021,9): error TS1005: ';' expected.
lib/visualLab/data/poiExtraSenegalLandmarksV2.ts(1025,1): error TS1128: Declaration or statement expected.
lib/visualLab/data/poiExtraSenegalLandmarksV2.ts(1028,1): error TS1005: '}' expected.
lib/visualLab/data/poiExtraSenegalLifeV2.ts(34,3): error TS1136: Property assignment expected.
lib/visualLab/data/poiExtraSenegalLifeV2.ts(63,3): error TS1136: Property assignment expected.
lib/visualLab/data/poiExtraSenegalLifeV2.ts(92,3): error TS1136: Property assignment expected.
lib/visualLab/data/poiExtraSenegalLifeV2.ts(121,3): error TS1136: Property assignment expected.
lib/visualLab/data/poiExtraSenegalLifeV2.ts(150,3): error TS1136: Property assignment expected.
lib/visualLab/data/poiExtraSenegalLifeV2.ts(179,3): error TS1136: Property assignment expected.
lib/visualLab/data/poiExtraSenegalLifeV2.ts(208,3): error TS1136: Property assignment expected.
lib/visualLab/data/poiExtraSenegalLifeV2.ts(237,3): error TS1136: Property assignment expected.
lib/visualLab/data/poiExtraSenegalLifeV2.ts(266,3): error TS1136: Property assignment expected.
lib/visualLab/data/poiExtraSenegalLifeV2.ts(295,3): error TS1136: Property assignment expected.
lib/visualLab/data/poiExtraSenegalLifeV2.ts(322,3): error TS1136: Property assignment expected.
lib/visualLab/data/poiExtraSenegalLifeV2.ts(349,3): error TS1136: Property assignment expected.
lib/visualLab/data/poiExtraSenegalLifeV2.ts(376,3): error TS1136: Property assignment expected.
lib/visualLab/data/poiExtraSenegalLifeV2.ts(403,3): error TS1136: Property assignment expected.
lib/visualLab/data/poiExtraSenegalLifeV2.ts(430,3): error TS1136: Property assignment expected.
lib/visualLab/data/poiExtraSenegalLifeV2.ts(457,3): error TS1136: Property assignment expected.
lib/visualLab/data/poiExtraSenegalLifeV2.ts(484,3): error TS1136: Property assignment expected.
lib/visualLab/data/poiExtraSenegalLifeV2.ts(511,3): error TS1136: Property assignment expected.
lib/visualLab/data/poiExtraSenegalLifeV2.ts(538,3): error TS1136: Property assignment expected.
lib/visualLab/data/poiExtraSenegalLifeV2.ts(565,3): error TS1136: Property assignment expected.
lib/visualLab/data/poiExtraSenegalLifeV2.ts(592,3): error TS1136: Property assignment expected.
lib/visualLab/data/poiExtraSenegalLifeV2.ts(619,3): error TS1136: Property assignment expected.
lib/visualLab/data/poiExtraSenegalLifeV2.ts(646,3): error TS1136: Property assignment expected.
lib/visualLab/data/poiExtraSenegalLifeV2.ts(673,3): error TS1136: Property assignment expected.
lib/visualLab/data/poiExtraSenegalLifeV2.ts(700,3): error TS1136: Property assignment expected.
lib/visualLab/data/poiExtraSenegalLifeV2.ts(727,3): error TS1136: Property assignment expected.
lib/visualLab/data/poiExtraSenegalLifeV2.ts(754,3): error TS1136: Property assignment expected.
lib/visualLab/data/poiExtraSenegalLifeV2.ts(781,3): error TS1136: Property assignment expected.
lib/visualLab/data/poiExtraSenegalLifeV2.ts(808,3): error TS1136: Property assignment expected.
lib/visualLab/data/poiExtraSenegalNatureV2.ts(34,3): error TS1136: Property assignment expected.
lib/visualLab/data/poiExtraSenegalNatureV2.ts(63,3): error TS1136: Property assignment expected.
lib/visualLab/data/poiExtraSenegalNatureV2.ts(92,3): error TS1136: Property assignment expected.
lib/visualLab/data/poiExtraSenegalNatureV2.ts(121,3): error TS1136: Property assignment expected.
lib/visualLab/data/poiExtraSenegalNatureV2.ts(150,3): error TS1136: Property assignment expected.
lib/visualLab/data/poiExtraSenegalNatureV2.ts(179,3): error TS1136: Property assignment expected.
lib/visualLab/data/poiExtraSenegalNatureV2.ts(208,3): error TS1136: Property assignment expected.
lib/visualLab/data/poiExtraSenegalNatureV2.ts(239,3): error TS1136: Property assignment expected.
lib/visualLab/data/poiExtraSenegalNatureV2.ts(268,3): error TS1136: Property assignment expected.
lib/visualLab/data/poiExtraSenegalNatureV2.ts(297,3): error TS1136: Property assignment expected.
lib/visualLab/data/poiExtraSenegalNatureV2.ts(328,3): error TS1136: Property assignment expected.
lib/visualLab/data/poiExtraSenegalNatureV2.ts(357,3): error TS1136: Property assignment expected.
lib/visualLab/data/poiExtraSenegalNatureV2.ts(386,3): error TS1136: Property assignment expected.
lib/visualLab/data/poiExtraSenegalNatureV2.ts(417,3): error TS1136: Property assignment expected.
lib/visualLab/data/poiExtraSenegalNatureV2.ts(446,3): error TS1136: Property assignment expected.
lib/visualLab/data/poiExtraSenegalNatureV2.ts(475,3): error TS1136: Property assignment expected.
lib/visualLab/data/poiExtraSenegalNatureV2.ts(504,3): error TS1136: Property assignment expected.
lib/visualLab/data/poiExtraSenegalNatureV2.ts(533,3): error TS1136: Property assignment expected.
lib/visualLab/data/poiExtraSenegalNatureV2.ts(562,3): error TS1136: Property assignment expected.
lib/visualLab/data/poiExtraSenegalNatureV2.ts(591,3): error TS1136: Property assignment expected.
lib/visualLab/data/poiExtraSenegalNatureV2.ts(620,3): error TS1136: Property assignment expected.
lib/visualLab/data/poiExtraSenegalNatureV2.ts(651,3): error TS1136: Property assignment expected.
lib/visualLab/data/poiExtraSenegalNatureV2.ts(680,3): error TS1136: Property assignment expected.
lib/visualLab/data/poiExtraSenegalNatureV2.ts(709,3): error TS1136: Property assignment expected.
lib/visualLab/data/poiExtraSenegalNatureV2.ts(738,3): error TS1136: Property assignment expected.
lib/visualLab/data/poiExtraSenegalNatureV2.ts(767,3): error TS1136: Property assignment expected.
lib/visualLab/data/poiExtraSenegalNatureV2.ts(796,3): error TS1136: Property assignment expected.
lib/visualLab/data/poiExtraSenegalNatureV2.ts(827,3): error TS1136: Property assignment expected.
lib/visualLab/data/poiExtraSenegalNatureV2.ts(858,3): error TS1136: Property assignment expected.
lib/visualLab/data/poiExtraSenegalReliefV2.ts(33,11): error TS1005: ',' expected.
lib/visualLab/data/poiExtraSenegalReliefV2.ts(33,55): error TS1005: ',' expected.
lib/visualLab/data/poiExtraSenegalReliefV2.ts(33,56): error TS1128: Declaration or statement expected.
lib/visualLab/data/poiExtraSenegalReliefV2.ts(36,9): error TS1005: ';' expected.
lib/visualLab/data/poiExtraSenegalReliefV2.ts(37,11): error TS1005: ';' expected.
lib/visualLab/data/poiExtraSenegalReliefV2.ts(38,11): error TS1005: ';' expected.
lib/visualLab/data/poiExtraSenegalReliefV2.ts(39,9): error TS1005: ';' expected.
lib/visualLab/data/poiExtraSenegalReliefV2.ts(41,9): error TS1005: ';' expected.
lib/visualLab/data/poiExtraSenegalReliefV2.ts(42,9): error TS1005: ';' expected.
lib/visualLab/data/poiExtraSenegalReliefV2.ts(43,9): error TS1005: ';' expected.
lib/visualLab/data/poiExtraSenegalReliefV2.ts(44,6): error TS1128: Declaration or statement expected.
lib/visualLab/data/poiExtraSenegalReliefV2.ts(46,9): error TS1005: ';' expected.
lib/visualLab/data/poiExtraSenegalReliefV2.ts(47,9): error TS1005: ';' expected.
lib/visualLab/data/poiExtraSenegalReliefV2.ts(48,9): error TS1005: ';' expected.
lib/visualLab/data/poiExtraSenegalReliefV2.ts(49,6): error TS1128: Declaration or statement expected.
lib/visualLab/data/poiExtraSenegalReliefV2.ts(52,9): error TS1005: ';' expected.
lib/visualLab/data/poiExtraSenegalReliefV2.ts(53,9): error TS1005: ';' expected.
lib/visualLab/data/poiExtraSenegalReliefV2.ts(54,9): error TS1005: ';' expected.
lib/visualLab/data/poiExtraSenegalReliefV2.ts(55,24): error TS1005: ';' expected.
lib/visualLab/data/poiExtraSenegalReliefV2.ts(57,6): error TS1128: Declaration or statement expected.
lib/visualLab/data/poiExtraSenegalReliefV2.ts(62,4): error TS1128: Declaration or statement expected.
lib/visualLab/data/poiExtraSenegalReliefV2.ts(62,48): error TS1128: Declaration or statement expected.
lib/visualLab/data/poiExtraSenegalReliefV2.ts(62,49): error TS1128: Declaration or statement expected.
lib/visualLab/data/poiExtraSenegalReliefV2.ts(65,9): error TS1005: ';' expected.
lib/visualLab/data/poiExtraSenegalReliefV2.ts(66,11): error TS1005: ';' expected.
lib/visualLab/data/poiExtraSenegalReliefV2.ts(67,11): error TS1005: ';' expected.
lib/visualLab/data/poiExtraSenegalReliefV2.ts(68,9): error TS1005: ';' expected.
lib/visualLab/data/poiExtraSenegalReliefV2.ts(70,9): error TS1005: ';' expected.
lib/visualLab/data/poiExtraSenegalReliefV2.ts(71,9): error TS1005: ';' expected.
lib/visualLab/data/poiExtraSenegalReliefV2.ts(72,9): error TS1005: ';' expected.
lib/visualLab/data/poiExtraSenegalReliefV2.ts(73,6): error TS1128: Declaration or statement expected.
lib/visualLab/data/poiExtraSenegalReliefV2.ts(75,9): error TS1005: ';' expected.
lib/visualLab/data/poiExtraSenegalReliefV2.ts(76,9): error TS1005: ';' expected.
lib/visualLab/data/poiExtraSenegalReliefV2.ts(77,9): error TS1005: ';' expected.
lib/visualLab/data/poiExtraSenegalReliefV2.ts(78,6): error TS1128: Declaration or statement expected.
lib/visualLab/data/poiExtraSenegalReliefV2.ts(81,9): error TS1005: ';' expected.
lib/visualLab/data/poiExtraSenegalReliefV2.ts(82,9): error TS1005: ';' expected.
lib/visualLab/data/poiExtraSenegalReliefV2.ts(83,9): error TS1005: ';' expected.
lib/visualLab/data/poiExtraSenegalReliefV2.ts(84,24): error TS1005: ';' expected.
lib/visualLab/data/poiExtraSenegalReliefV2.ts(86,6): error TS1128: Declaration or statement expected.
lib/visualLab/data/poiExtraSenegalReliefV2.ts(91,4): error TS1128: Declaration or statement expected.
lib/visualLab/data/poiExtraSenegalReliefV2.ts(91,48): error TS1128: Declaration or statement expected.
lib/visualLab/data/poiExtraSenegalReliefV2.ts(91,49): error TS1128: Declaration or statement expected.
lib/visualLab/data/poiExtraSenegalReliefV2.ts(94,9): error TS1005: ';' expected.
lib/visualLab/data/poiExtraSenegalReliefV2.ts(95,11): error TS1005: ';' expected.
lib/visualLab/data/poiExtraSenegalReliefV2.ts(96,11): error TS1005: ';' expected.
lib/visualLab/data/poiExtraSenegalReliefV2.ts(97,9): error TS1005: ';' expected.
lib/visualLab/data/poiExtraSenegalReliefV2.ts(99,9): error TS1005: ';' expected.
lib/visualLab/data/poiExtraSenegalReliefV2.ts(100,9): error TS1005: ';' expected.
lib/visualLab/data/poiExtraSenegalReliefV2.ts(101,9): error TS1005: ';' expected.
lib/visualLab/data/poiExtraSenegalReliefV2.ts(102,6): error TS1128: Declaration or statement expected.
lib/visualLab/data/poiExtraSenegalReliefV2.ts(104,9): error TS1005: ';' expected.
lib/visualLab/data/poiExtraSenegalReliefV2.ts(105,9): error TS1005: ';' expected.
lib/visualLab/data/poiExtraSenegalReliefV2.ts(106,9): error TS1005: ';' expected.
lib/visualLab/data/poiExtraSenegalReliefV2.ts(107,6): error TS1128: Declaration or statement expected.
lib/visualLab/data/poiExtraSenegalReliefV2.ts(110,9): error TS1005: ';' expected.
lib/visualLab/data/poiExtraSenegalReliefV2.ts(111,9): error TS1005: ';' expected.
lib/visualLab/data/poiExtraSenegalReliefV2.ts(112,9): error TS1005: ';' expected.
lib/visualLab/data/poiExtraSenegalReliefV2.ts(113,24): error TS1005: ';' expected.
lib/visualLab/data/poiExtraSenegalReliefV2.ts(115,6): error TS1128: Declaration or statement expected.
lib/visualLab/data/poiExtraSenegalReliefV2.ts(120,4): error TS1128: Declaration or statement expected.
lib/visualLab/data/poiExtraSenegalReliefV2.ts(120,48): error TS1128: Declaration or statement expected.
lib/visualLab/data/poiExtraSenegalReliefV2.ts(120,49): error TS1128: Declaration or statement expected.
lib/visualLab/data/poiExtraSenegalReliefV2.ts(123,9): error TS1005: ';' expected.
lib/visualLab/data/poiExtraSenegalReliefV2.ts(124,11): error TS1005: ';' expected.
lib/visualLab/data/poiExtraSenegalReliefV2.ts(125,11): error TS1005: ';' expected.
lib/visualLab/data/poiExtraSenegalReliefV2.ts(126,9): error TS1005: ';' expected.
lib/visualLab/data/poiExtraSenegalReliefV2.ts(128,9): error TS1005: ';' expected.
lib/visualLab/data/poiExtraSenegalReliefV2.ts(129,9): error TS1005: ';' expected.
lib/visualLab/data/poiExtraSenegalReliefV2.ts(130,9): error TS1005: ';' expected.
lib/visualLab/data/poiExtraSenegalReliefV2.ts(131,6): error TS1128: Declaration or statement expected.
lib/visualLab/data/poiExtraSenegalReliefV2.ts(133,9): error TS1005: ';' expected.
lib/visualLab/data/poiExtraSenegalReliefV2.ts(134,9): error TS1005: ';' expected.
lib/visualLab/data/poiExtraSenegalReliefV2.ts(135,9): error TS1005: ';' expected.
lib/visualLab/data/poiExtraSenegalReliefV2.ts(136,6): error TS1128: Declaration or statement expected.
lib/visualLab/data/poiExtraSenegalReliefV2.ts(139,9): error TS1005: ';' expected.
lib/visualLab/data/poiExtraSenegalReliefV2.ts(140,9): error TS1005: ';' expected.
lib/visualLab/data/poiExtraSenegalReliefV2.ts(141,9): error TS1005: ';' expected.
lib/visualLab/data/poiExtraSenegalReliefV2.ts(142,24): error TS1005: ';' expected.
lib/visualLab/data/poiExtraSenegalReliefV2.ts(144,6): error TS1128: Declaration or statement expected.
lib/visualLab/data/poiExtraSenegalReliefV2.ts(149,4): error TS1128: Declaration or statement expected.
lib/visualLab/data/poiExtraSenegalReliefV2.ts(149,48): error TS1128: Declaration or statement expected.
lib/visualLab/data/poiExtraSenegalReliefV2.ts(149,49): error TS1128: Declaration or statement expected.
lib/visualLab/data/poiExtraSenegalReliefV2.ts(152,9): error TS1005: ';' expected.
lib/visualLab/data/poiExtraSenegalReliefV2.ts(153,11): error TS1005: ';' expected.
lib/visualLab/data/poiExtraSenegalReliefV2.ts(154,11): error TS1005: ';' expected.
lib/visualLab/data/poiExtraSenegalReliefV2.ts(155,9): error TS1005: ';' expected.
lib/visualLab/data/poiExtraSenegalReliefV2.ts(157,9): error TS1005: ';' expected.
lib/visualLab/data/poiExtraSenegalReliefV2.ts(158,9): error TS1005: ';' expected.
lib/visualLab/data/poiExtraSenegalReliefV2.ts(159,9): error TS1005: ';' expected.
lib/visualLab/data/poiExtraSenegalReliefV2.ts(160,6): error TS1128: Declaration or statement expected.
lib/visualLab/data/poiExtraSenegalReliefV2.ts(162,9): error TS1005: ';' expected.
lib/visualLab/data/poiExtraSenegalReliefV2.ts(163,9): error TS1005: ';' expected.
lib/visualLab/data/poiExtraSenegalReliefV2.ts(164,9): error TS1005: ';' expected.
lib/visualLab/data/poiExtraSenegalReliefV2.ts(165,6): error TS1128: Declaration or statement expected.
lib/visualLab/data/poiExtraSenegalReliefV2.ts(168,9): error TS1005: ';' expected.
lib/visualLab/data/poiExtraSenegalReliefV2.ts(169,9): error TS1005: ';' expected.
lib/visualLab/data/poiExtraSenegalReliefV2.ts(170,9): error TS1005: ';' expected.
lib/visualLab/data/poiExtraSenegalReliefV2.ts(171,24): error TS1005: ';' expected.
lib/visualLab/data/poiExtraSenegalReliefV2.ts(173,6): error TS1128: Declaration or statement expected.
lib/visualLab/data/poiExtraSenegalReliefV2.ts(180,9): error TS1005: ';' expected.
lib/visualLab/data/poiExtraSenegalReliefV2.ts(181,11): error TS1005: ';' expected.
lib/visualLab/data/poiExtraSenegalReliefV2.ts(182,11): error TS1005: ';' expected.
lib/visualLab/data/poiExtraSenegalReliefV2.ts(183,9): error TS1005: ';' expected.
lib/visualLab/data/poiExtraSenegalReliefV2.ts(185,9): error TS1005: ';' expected.
lib/visualLab/data/poiExtraSenegalReliefV2.ts(186,9): error TS1005: ';' expected.
lib/visualLab/data/poiExtraSenegalReliefV2.ts(187,9): error TS1005: ';' expected.
lib/visualLab/data/poiExtraSenegalReliefV2.ts(188,6): error TS1128: Declaration or statement expected.
lib/visualLab/data/poiExtraSenegalReliefV2.ts(190,9): error TS1005: ';' expected.
lib/visualLab/data/poiExtraSenegalReliefV2.ts(191,9): error TS1005: ';' expected.
lib/visualLab/data/poiExtraSenegalReliefV2.ts(192,9): error TS1005: ';' expected.
lib/visualLab/data/poiExtraSenegalReliefV2.ts(193,6): error TS1128: Declaration or statement expected.
lib/visualLab/data/poiExtraSenegalReliefV2.ts(196,9): error TS1005: ';' expected.
lib/visualLab/data/poiExtraSenegalReliefV2.ts(197,9): error TS1005: ';' expected.
lib/visualLab/data/poiExtraSenegalReliefV2.ts(198,9): error TS1005: ';' expected.
lib/visualLab/data/poiExtraSenegalReliefV2.ts(199,24): error TS1005: ';' expected.
lib/visualLab/data/poiExtraSenegalReliefV2.ts(201,6): error TS1128: Declaration or statement expected.
lib/visualLab/data/poiExtraSenegalReliefV2.ts(208,9): error TS1005: ';' expected.
lib/visualLab/data/poiExtraSenegalReliefV2.ts(209,11): error TS1005: ';' expected.
lib/visualLab/data/poiExtraSenegalReliefV2.ts(210,11): error TS1005: ';' expected.
lib/visualLab/data/poiExtraSenegalReliefV2.ts(211,9): error TS1005: ';' expected.
lib/visualLab/data/poiExtraSenegalReliefV2.ts(213,9): error TS1005: ';' expected.
lib/visualLab/data/poiExtraSenegalReliefV2.ts(214,9): error TS1005: ';' expected.
lib/visualLab/data/poiExtraSenegalReliefV2.ts(215,9): error TS1005: ';' expected.
lib/visualLab/data/poiExtraSenegalReliefV2.ts(216,6): error TS1128: Declaration or statement expected.
lib/visualLab/data/poiExtraSenegalReliefV2.ts(218,9): error TS1005: ';' expected.
lib/visualLab/data/poiExtraSenegalReliefV2.ts(219,9): error TS1005: ';' expected.
lib/visualLab/data/poiExtraSenegalReliefV2.ts(220,9): error TS1005: ';' expected.
lib/visualLab/data/poiExtraSenegalReliefV2.ts(221,6): error TS1128: Declaration or statement expected.
lib/visualLab/data/poiExtraSenegalReliefV2.ts(224,9): error TS1005: ';' expected.
lib/visualLab/data/poiExtraSenegalReliefV2.ts(225,9): error TS1005: ';' expected.
lib/visualLab/data/poiExtraSenegalReliefV2.ts(226,9): error TS1005: ';' expected.
lib/visualLab/data/poiExtraSenegalReliefV2.ts(227,24): error TS1005: ';' expected.
lib/visualLab/data/poiExtraSenegalReliefV2.ts(229,6): error TS1128: Declaration or statement expected.
lib/visualLab/data/poiExtraSenegalReliefV2.ts(234,4): error TS1128: Declaration or statement expected.
lib/visualLab/data/poiExtraSenegalReliefV2.ts(234,48): error TS1128: Declaration or statement expected.
lib/visualLab/data/poiExtraSenegalReliefV2.ts(234,49): error TS1128: Declaration or statement expected.
lib/visualLab/data/poiExtraSenegalReliefV2.ts(237,9): error TS1005: ';' expected.
lib/visualLab/data/poiExtraSenegalReliefV2.ts(238,11): error TS1005: ';' expected.
lib/visualLab/data/poiExtraSenegalReliefV2.ts(239,11): error TS1005: ';' expected.
lib/visualLab/data/poiExtraSenegalReliefV2.ts(240,9): error TS1005: ';' expected.
lib/visualLab/data/poiExtraSenegalReliefV2.ts(242,9): error TS1005: ';' expected.
lib/visualLab/data/poiExtraSenegalReliefV2.ts(243,9): error TS1005: ';' expected.
lib/visualLab/data/poiExtraSenegalReliefV2.ts(244,9): error TS1005: ';' expected.
lib/visualLab/data/poiExtraSenegalReliefV2.ts(245,6): error TS1128: Declaration or statement expected.
lib/visualLab/data/poiExtraSenegalReliefV2.ts(247,9): error TS1005: ';' expected.
lib/visualLab/data/poiExtraSenegalReliefV2.ts(248,9): error TS1005: ';' expected.
lib/visualLab/data/poiExtraSenegalReliefV2.ts(249,9): error TS1005: ';' expected.
lib/visualLab/data/poiExtraSenegalReliefV2.ts(250,6): error TS1128: Declaration or statement expected.
lib/visualLab/data/poiExtraSenegalReliefV2.ts(253,9): error TS1005: ';' expected.
lib/visualLab/data/poiExtraSenegalReliefV2.ts(254,9): error TS1005: ';' expected.
lib/visualLab/data/poiExtraSenegalReliefV2.ts(255,9): error TS1005: ';' expected.
lib/visualLab/data/poiExtraSenegalReliefV2.ts(256,24): error TS1005: ';' expected.
lib/visualLab/data/poiExtraSenegalReliefV2.ts(258,6): error TS1128: Declaration or statement expected.
lib/visualLab/data/poiExtraSenegalReliefV2.ts(263,4): error TS1128: Declaration or statement expected.
lib/visualLab/data/poiExtraSenegalReliefV2.ts(263,45): error TS1128: Declaration or statement expected.
lib/visualLab/data/poiExtraSenegalReliefV2.ts(263,46): error TS1128: Declaration or statement expected.
lib/visualLab/data/poiExtraSenegalReliefV2.ts(266,9): error TS1005: ';' expected.
lib/visualLab/data/poiExtraSenegalReliefV2.ts(267,11): error TS1005: ';' expected.
lib/visualLab/data/poiExtraSenegalReliefV2.ts(268,11): error TS1005: ';' expected.
lib/visualLab/data/poiExtraSenegalReliefV2.ts(269,9): error TS1005: ';' expected.
lib/visualLab/data/poiExtraSenegalReliefV2.ts(271,9): error TS1005: ';' expected.
lib/visualLab/data/poiExtraSenegalReliefV2.ts(272,9): error TS1005: ';' expected.
lib/visualLab/data/poiExtraSenegalReliefV2.ts(273,9): error TS1005: ';' expected.
lib/visualLab/data/poiExtraSenegalReliefV2.ts(274,6): error TS1128: Declaration or statement expected.
lib/visualLab/data/poiExtraSenegalReliefV2.ts(276,9): error TS1005: ';' expected.
lib/visualLab/data/poiExtraSenegalReliefV2.ts(277,9): error TS1005: ';' expected.
lib/visualLab/data/poiExtraSenegalReliefV2.ts(278,9): error TS1005: ';' expected.
lib/visualLab/data/poiExtraSenegalReliefV2.ts(279,6): error TS1128: Declaration or statement expected.
lib/visualLab/data/poiExtraSenegalReliefV2.ts(282,9): error TS1005: ';' expected.
lib/visualLab/data/poiExtraSenegalReliefV2.ts(283,9): error TS1005: ';' expected.
lib/visualLab/data/poiExtraSenegalReliefV2.ts(284,9): error TS1005: ';' expected.
lib/visualLab/data/poiExtraSenegalReliefV2.ts(285,24): error TS1005: ';' expected.
lib/visualLab/data/poiExtraSenegalReliefV2.ts(287,6): error TS1128: Declaration or statement expected.
lib/visualLab/data/poiExtraSenegalReliefV2.ts(292,4): error TS1128: Declaration or statement expected.
lib/visualLab/data/poiExtraSenegalReliefV2.ts(292,51): error TS1128: Declaration or statement expected.
lib/visualLab/data/poiExtraSenegalReliefV2.ts(292,52): error TS1128: Declaration or statement expected.
lib/visualLab/data/poiExtraSenegalReliefV2.ts(295,9): error TS1005: ';' expected.
lib/visualLab/data/poiExtraSenegalReliefV2.ts(296,11): error TS1005: ';' expected.
lib/visualLab/data/poiExtraSenegalReliefV2.ts(297,11): error TS1005: ';' expected.
lib/visualLab/data/poiExtraSenegalReliefV2.ts(298,9): error TS1005: ';' expected.
lib/visualLab/data/poiExtraSenegalReliefV2.ts(300,9): error TS1005: ';' expected.
lib/visualLab/data/poiExtraSenegalReliefV2.ts(301,9): error TS1005: ';' expected.
lib/visualLab/data/poiExtraSenegalReliefV2.ts(302,9): error TS1005: ';' expected.
lib/visualLab/data/poiExtraSenegalReliefV2.ts(303,6): error TS1128: Declaration or statement expected.
lib/visualLab/data/poiExtraSenegalReliefV2.ts(305,9): error TS1005: ';' expected.
lib/visualLab/data/poiExtraSenegalReliefV2.ts(306,9): error TS1005: ';' expected.
lib/visualLab/data/poiExtraSenegalReliefV2.ts(307,9): error TS1005: ';' expected.
lib/visualLab/data/poiExtraSenegalReliefV2.ts(308,6): error TS1128: Declaration or statement expected.
lib/visualLab/data/poiExtraSenegalReliefV2.ts(311,9): error TS1005: ';' expected.
lib/visualLab/data/poiExtraSenegalReliefV2.ts(312,9): error TS1005: ';' expected.
lib/visualLab/data/poiExtraSenegalReliefV2.ts(313,9): error TS1005: ';' expected.
lib/visualLab/data/poiExtraSenegalReliefV2.ts(314,24): error TS1005: ';' expected.
lib/visualLab/data/poiExtraSenegalReliefV2.ts(316,6): error TS1128: Declaration or statement expected.
lib/visualLab/data/poiExtraSenegalReliefV2.ts(323,9): error TS1005: ';' expected.
lib/visualLab/data/poiExtraSenegalReliefV2.ts(324,11): error TS1005: ';' expected.
lib/visualLab/data/poiExtraSenegalReliefV2.ts(325,11): error TS1005: ';' expected.
lib/visualLab/data/poiExtraSenegalReliefV2.ts(326,9): error TS1005: ';' expected.
lib/visualLab/data/poiExtraSenegalReliefV2.ts(328,9): error TS1005: ';' expected.
lib/visualLab/data/poiExtraSenegalReliefV2.ts(329,9): error TS1005: ';' expected.
lib/visualLab/data/poiExtraSenegalReliefV2.ts(330,9): error TS1005: ';' expected.
lib/visualLab/data/poiExtraSenegalReliefV2.ts(331,6): error TS1128: Declaration or statement expected.
lib/visualLab/data/poiExtraSenegalReliefV2.ts(333,9): error TS1005: ';' expected.
lib/visualLab/data/poiExtraSenegalReliefV2.ts(334,9): error TS1005: ';' expected.
lib/visualLab/data/poiExtraSenegalReliefV2.ts(335,9): error TS1005: ';' expected.
lib/visualLab/data/poiExtraSenegalReliefV2.ts(336,6): error TS1128: Declaration or statement expected.
lib/visualLab/data/poiExtraSenegalReliefV2.ts(339,9): error TS1005: ';' expected.
lib/visualLab/data/poiExtraSenegalReliefV2.ts(340,9): error TS1005: ';' expected.
lib/visualLab/data/poiExtraSenegalReliefV2.ts(341,9): error TS1005: ';' expected.
lib/visualLab/data/poiExtraSenegalReliefV2.ts(342,24): error TS1005: ';' expected.
lib/visualLab/data/poiExtraSenegalReliefV2.ts(344,6): error TS1128: Declaration or statement expected.
lib/visualLab/data/poiExtraSenegalReliefV2.ts(349,4): error TS1128: Declaration or statement expected.
lib/visualLab/data/poiExtraSenegalReliefV2.ts(349,49): error TS1128: Declaration or statement expected.
lib/visualLab/data/poiExtraSenegalReliefV2.ts(349,50): error TS1128: Declaration or statement expected.
lib/visualLab/data/poiExtraSenegalReliefV2.ts(352,9): error TS1005: ';' expected.
lib/visualLab/data/poiExtraSenegalReliefV2.ts(353,11): error TS1005: ';' expected.
lib/visualLab/data/poiExtraSenegalReliefV2.ts(354,11): error TS1005: ';' expected.
lib/visualLab/data/poiExtraSenegalReliefV2.ts(355,9): error TS1005: ';' expected.
lib/visualLab/data/poiExtraSenegalReliefV2.ts(357,9): error TS1005: ';' expected.
lib/visualLab/data/poiExtraSenegalReliefV2.ts(358,9): error TS1005: ';' expected.
lib/visualLab/data/poiExtraSenegalReliefV2.ts(359,9): error TS1005: ';' expected.
lib/visualLab/data/poiExtraSenegalReliefV2.ts(360,6): error TS1128: Declaration or statement expected.
lib/visualLab/data/poiExtraSenegalReliefV2.ts(363,9): error TS1005: ';' expected.
lib/visualLab/data/poiExtraSenegalReliefV2.ts(364,9): error TS1005: ';' expected.
lib/visualLab/data/poiExtraSenegalReliefV2.ts(365,9): error TS1005: ';' expected.
lib/visualLab/data/poiExtraSenegalReliefV2.ts(366,6): error TS1128: Declaration or statement expected.
lib/visualLab/data/poiExtraSenegalReliefV2.ts(369,9): error TS1005: ';' expected.
lib/visualLab/data/poiExtraSenegalReliefV2.ts(370,9): error TS1005: ';' expected.
lib/visualLab/data/poiExtraSenegalReliefV2.ts(371,9): error TS1005: ';' expected.
lib/visualLab/data/poiExtraSenegalReliefV2.ts(372,6): error TS1128: Declaration or statement expected.
lib/visualLab/data/poiExtraSenegalReliefV2.ts(373,24): error TS1005: ';' expected.
lib/visualLab/data/poiExtraSenegalReliefV2.ts(375,9): error TS1005: ';' expected.
lib/visualLab/data/poiExtraSenegalReliefV2.ts(376,9): error TS1005: ';' expected.
lib/visualLab/data/poiExtraSenegalReliefV2.ts(377,9): error TS1005: ';' expected.
lib/visualLab/data/poiExtraSenegalReliefV2.ts(378,6): error TS1128: Declaration or statement expected.
lib/visualLab/data/poiExtraSenegalReliefV2.ts(381,9): error TS1005: ';' expected.
lib/visualLab/data/poiExtraSenegalReliefV2.ts(382,9): error TS1005: ';' expected.
lib/visualLab/data/poiExtraSenegalReliefV2.ts(383,9): error TS1005: ';' expected.
lib/visualLab/data/poiExtraSenegalReliefV2.ts(384,6): error TS1128: Declaration or statement expected.
lib/visualLab/data/poiExtraSenegalReliefV2.ts(387,9): error TS1005: ';' expected.
lib/visualLab/data/poiExtraSenegalReliefV2.ts(388,11): error TS1005: ';' expected.
lib/visualLab/data/poiExtraSenegalReliefV2.ts(389,11): error TS1005: ';' expected.
lib/visualLab/data/poiExtraSenegalReliefV2.ts(390,9): error TS1005: ';' expected.
lib/visualLab/data/poiExtraSenegalReliefV2.ts(392,9): error TS1005: ';' expected.
lib/visualLab/data/poiExtraSenegalReliefV2.ts(393,9): error TS1005: ';' expected.
lib/visualLab/data/poiExtraSenegalReliefV2.ts(394,9): error TS1005: ';' expected.
lib/visualLab/data/poiExtraSenegalReliefV2.ts(395,6): error TS1128: Declaration or statement expected.
lib/visualLab/data/poiExtraSenegalReliefV2.ts(398,9): error TS1005: ';' expected.
lib/visualLab/data/poiExtraSenegalReliefV2.ts(399,9): error TS1005: ';' expected.
lib/visualLab/data/poiExtraSenegalReliefV2.ts(400,9): error TS1005: ';' expected.
lib/visualLab/data/poiExtraSenegalReliefV2.ts(401,6): error TS1128: Declaration or statement expected.
lib/visualLab/data/poiExtraSenegalReliefV2.ts(404,9): error TS1005: ';' expected.
lib/visualLab/data/poiExtraSenegalReliefV2.ts(405,9): error TS1005: ';' expected.
lib/visualLab/data/poiExtraSenegalReliefV2.ts(406,9): error TS1005: ';' expected.
lib/visualLab/data/poiExtraSenegalReliefV2.ts(407,6): error TS1128: Declaration or statement expected.
lib/visualLab/data/poiExtraSenegalReliefV2.ts(410,9): error TS1005: ';' expected.
lib/visualLab/data/poiExtraSenegalReliefV2.ts(411,9): error TS1005: ';' expected.
lib/visualLab/data/poiExtraSenegalReliefV2.ts(412,9): error TS1005: ';' expected.
lib/visualLab/data/poiExtraSenegalReliefV2.ts(414,6): error TS1128: Declaration or statement expected.
lib/visualLab/data/poiExtraSenegalReliefV2.ts(417,9): error TS1005: ';' expected.
lib/visualLab/data/poiExtraSenegalReliefV2.ts(418,9): error TS1005: ';' expected.
lib/visualLab/data/poiExtraSenegalReliefV2.ts(419,9): error TS1005: ';' expected.
lib/visualLab/data/poiExtraSenegalReliefV2.ts(421,6): error TS1128: Declaration or statement expected.
lib/visualLab/data/poiExtraSenegalReliefV2.ts(424,9): error TS1005: ';' expected.
lib/visualLab/data/poiExtraSenegalReliefV2.ts(425,11): error TS1005: ';' expected.
lib/visualLab/data/poiExtraSenegalReliefV2.ts(426,11): error TS1005: ';' expected.
lib/visualLab/data/poiExtraSenegalReliefV2.ts(427,9): error TS1005: ';' expected.
lib/visualLab/data/poiExtraSenegalReliefV2.ts(429,9): error TS1005: ';' expected.
lib/visualLab/data/poiExtraSenegalReliefV2.ts(430,9): error TS1005: ';' expected.
lib/visualLab/data/poiExtraSenegalReliefV2.ts(431,9): error TS1005: ';' expected.
lib/visualLab/data/poiExtraSenegalReliefV2.ts(432,6): error TS1128: Declaration or statement expected.
lib/visualLab/data/poiExtraSenegalReliefV2.ts(435,9): error TS1005: ';' expected.
lib/visualLab/data/poiExtraSenegalReliefV2.ts(436,9): error TS1005: ';' expected.
lib/visualLab/data/poiExtraSenegalReliefV2.ts(437,9): error TS1005: ';' expected.
lib/visualLab/data/poiExtraSenegalReliefV2.ts(438,6): error TS1128: Declaration or statement expected.
lib/visualLab/data/poiExtraSenegalReliefV2.ts(441,9): error TS1005: ';' expected.
lib/visualLab/data/poiExtraSenegalReliefV2.ts(442,9): error TS1005: ';' expected.
lib/visualLab/data/poiExtraSenegalReliefV2.ts(443,9): error TS1005: ';' expected.
lib/visualLab/data/poiExtraSenegalReliefV2.ts(444,6): error TS1128: Declaration or statement expected.
lib/visualLab/data/poiExtraSenegalReliefV2.ts(445,24): error TS1005: ';' expected.
lib/visualLab/data/poiExtraSenegalReliefV2.ts(447,9): error TS1005: ';' expected.
lib/visualLab/data/poiExtraSenegalReliefV2.ts(448,9): error TS1005: ';' expected.
lib/visualLab/data/poiExtraSenegalReliefV2.ts(449,9): error TS1005: ';' expected.
lib/visualLab/data/poiExtraSenegalReliefV2.ts(450,6): error TS1128: Declaration or statement expected.
lib/visualLab/data/poiExtraSenegalReliefV2.ts(453,9): error TS1005: ';' expected.
lib/visualLab/data/poiExtraSenegalReliefV2.ts(454,9): error TS1005: ';' expected.
lib/visualLab/data/poiExtraSenegalReliefV2.ts(455,9): error TS1005: ';' expected.
lib/visualLab/data/poiExtraSenegalReliefV2.ts(456,6): error TS1128: Declaration or statement expected.
lib/visualLab/data/poiExtraSenegalReliefV2.ts(459,9): error TS1005: ';' expected.
lib/visualLab/data/poiExtraSenegalReliefV2.ts(460,11): error TS1005: ';' expected.
lib/visualLab/data/poiExtraSenegalReliefV2.ts(461,11): error TS1005: ';' expected.
lib/visualLab/data/poiExtraSenegalReliefV2.ts(462,9): error TS1005: ';' expected.
lib/visualLab/data/poiExtraSenegalReliefV2.ts(464,9): error TS1005: ';' expected.
lib/visualLab/data/poiExtraSenegalReliefV2.ts(465,9): error TS1005: ';' expected.
lib/visualLab/data/poiExtraSenegalReliefV2.ts(466,9): error TS1005: ';' expected.
lib/visualLab/data/poiExtraSenegalReliefV2.ts(467,6): error TS1128: Declaration or statement expected.
lib/visualLab/data/poiExtraSenegalReliefV2.ts(470,9): error TS1005: ';' expected.
lib/visualLab/data/poiExtraSenegalReliefV2.ts(471,9): error TS1005: ';' expected.
lib/visualLab/data/poiExtraSenegalReliefV2.ts(472,9): error TS1005: ';' expected.
lib/visualLab/data/poiExtraSenegalReliefV2.ts(473,6): error TS1128: Declaration or statement expected.
lib/visualLab/data/poiExtraSenegalReliefV2.ts(476,9): error TS1005: ';' expected.
lib/visualLab/data/poiExtraSenegalReliefV2.ts(477,9): error TS1005: ';' expected.
lib/visualLab/data/poiExtraSenegalReliefV2.ts(478,9): error TS1005: ';' expected.
lib/visualLab/data/poiExtraSenegalReliefV2.ts(479,6): error TS1128: Declaration or statement expected.
lib/visualLab/data/poiExtraSenegalReliefV2.ts(480,24): error TS1005: ';' expected.
lib/visualLab/data/poiExtraSenegalReliefV2.ts(482,9): error TS1005: ';' expected.
lib/visualLab/data/poiExtraSenegalReliefV2.ts(483,9): error TS1005: ';' expected.
lib/visualLab/data/poiExtraSenegalReliefV2.ts(484,9): error TS1005: ';' expected.
lib/visualLab/data/poiExtraSenegalReliefV2.ts(486,6): error TS1128: Declaration or statement expected.
lib/visualLab/data/poiExtraSenegalReliefV2.ts(489,9): error TS1005: ';' expected.
lib/visualLab/data/poiExtraSenegalReliefV2.ts(490,9): error TS1005: ';' expected.
lib/visualLab/data/poiExtraSenegalReliefV2.ts(491,9): error TS1005: ';' expected.
lib/visualLab/data/poiExtraSenegalReliefV2.ts(493,6): error TS1128: Declaration or statement expected.
lib/visualLab/data/poiExtraSenegalReliefV2.ts(496,9): error TS1005: ';' expected.
lib/visualLab/data/poiExtraSenegalReliefV2.ts(497,11): error TS1005: ';' expected.
lib/visualLab/data/poiExtraSenegalReliefV2.ts(498,11): error TS1005: ';' expected.
lib/visualLab/data/poiExtraSenegalReliefV2.ts(499,9): error TS1005: ';' expected.
lib/visualLab/data/poiExtraSenegalReliefV2.ts(501,9): error TS1005: ';' expected.
lib/visualLab/data/poiExtraSenegalReliefV2.ts(502,9): error TS1005: ';' expected.
lib/visualLab/data/poiExtraSenegalReliefV2.ts(503,9): error TS1005: ';' expected.
lib/visualLab/data/poiExtraSenegalReliefV2.ts(504,6): error TS1128: Declaration or statement expected.
lib/visualLab/data/poiExtraSenegalReliefV2.ts(507,9): error TS1005: ';' expected.
lib/visualLab/data/poiExtraSenegalReliefV2.ts(508,9): error TS1005: ';' expected.
lib/visualLab/data/poiExtraSenegalReliefV2.ts(509,9): error TS1005: ';' expected.
lib/visualLab/data/poiExtraSenegalReliefV2.ts(510,6): error TS1128: Declaration or statement expected.
lib/visualLab/data/poiExtraSenegalReliefV2.ts(513,9): error TS1005: ';' expected.
lib/visualLab/data/poiExtraSenegalReliefV2.ts(514,9): error TS1005: ';' expected.
lib/visualLab/data/poiExtraSenegalReliefV2.ts(515,9): error TS1005: ';' expected.
lib/visualLab/data/poiExtraSenegalReliefV2.ts(516,6): error TS1128: Declaration or statement expected.
lib/visualLab/data/poiExtraSenegalReliefV2.ts(517,24): error TS1005: ';' expected.
lib/visualLab/data/poiExtraSenegalReliefV2.ts(519,9): error TS1005: ';' expected.
lib/visualLab/data/poiExtraSenegalReliefV2.ts(520,9): error TS1005: ';' expected.
lib/visualLab/data/poiExtraSenegalReliefV2.ts(521,9): error TS1005: ';' expected.
lib/visualLab/data/poiExtraSenegalReliefV2.ts(523,6): error TS1128: Declaration or statement expected.
lib/visualLab/data/poiExtraSenegalReliefV2.ts(526,9): error TS1005: ';' expected.
lib/visualLab/data/poiExtraSenegalReliefV2.ts(527,9): error TS1005: ';' expected.
lib/visualLab/data/poiExtraSenegalReliefV2.ts(528,9): error TS1005: ';' expected.
lib/visualLab/data/poiExtraSenegalReliefV2.ts(530,6): error TS1128: Declaration or statement expected.
lib/visualLab/data/poiExtraSenegalReliefV2.ts(533,9): error TS1005: ';' expected.
lib/visualLab/data/poiExtraSenegalReliefV2.ts(534,11): error TS1005: ';' expected.
lib/visualLab/data/poiExtraSenegalReliefV2.ts(535,11): error TS1005: ';' expected.
lib/visualLab/data/poiExtraSenegalReliefV2.ts(536,9): error TS1005: ';' expected.
lib/visualLab/data/poiExtraSenegalReliefV2.ts(538,9): error TS1005: ';' expected.
lib/visualLab/data/poiExtraSenegalReliefV2.ts(539,9): error TS1005: ';' expected.
lib/visualLab/data/poiExtraSenegalReliefV2.ts(540,9): error TS1005: ';' expected.
lib/visualLab/data/poiExtraSenegalReliefV2.ts(541,6): error TS1128: Declaration or statement expected.
lib/visualLab/data/poiExtraSenegalReliefV2.ts(544,9): error TS1005: ';' expected.
lib/visualLab/data/poiExtraSenegalReliefV2.ts(545,9): error TS1005: ';' expected.
lib/visualLab/data/poiExtraSenegalReliefV2.ts(546,9): error TS1005: ';' expected.
lib/visualLab/data/poiExtraSenegalReliefV2.ts(547,6): error TS1128: Declaration or statement expected.
lib/visualLab/data/poiExtraSenegalReliefV2.ts(550,9): error TS1005: ';' expected.
lib/visualLab/data/poiExtraSenegalReliefV2.ts(551,9): error TS1005: ';' expected.
lib/visualLab/data/poiExtraSenegalReliefV2.ts(552,9): error TS1005: ';' expected.
lib/visualLab/data/poiExtraSenegalReliefV2.ts(553,6): error TS1128: Declaration or statement expected.
lib/visualLab/data/poiExtraSenegalReliefV2.ts(554,24): error TS1005: ';' expected.
lib/visualLab/data/poiExtraSenegalReliefV2.ts(556,9): error TS1005: ';' expected.
lib/visualLab/data/poiExtraSenegalReliefV2.ts(557,9): error TS1005: ';' expected.
lib/visualLab/data/poiExtraSenegalReliefV2.ts(558,9): error TS1005: ';' expected.
lib/visualLab/data/poiExtraSenegalReliefV2.ts(560,6): error TS1128: Declaration or statement expected.
lib/visualLab/data/poiExtraSenegalReliefV2.ts(563,9): error TS1005: ';' expected.
lib/visualLab/data/poiExtraSenegalReliefV2.ts(564,9): error TS1005: ';' expected.
lib/visualLab/data/poiExtraSenegalReliefV2.ts(565,9): error TS1005: ';' expected.
lib/visualLab/data/poiExtraSenegalReliefV2.ts(567,6): error TS1128: Declaration or statement expected.
lib/visualLab/data/poiExtraSenegalReliefV2.ts(570,9): error TS1005: ';' expected.
lib/visualLab/data/poiExtraSenegalReliefV2.ts(571,11): error TS1005: ';' expected.
lib/visualLab/data/poiExtraSenegalReliefV2.ts(572,11): error TS1005: ';' expected.
lib/visualLab/data/poiExtraSenegalReliefV2.ts(573,9): error TS1005: ';' expected.
lib/visualLab/data/poiExtraSenegalReliefV2.ts(575,9): error TS1005: ';' expected.
lib/visualLab/data/poiExtraSenegalReliefV2.ts(576,9): error TS1005: ';' expected.
lib/visualLab/data/poiExtraSenegalReliefV2.ts(577,9): error TS1005: ';' expected.
lib/visualLab/data/poiExtraSenegalReliefV2.ts(578,6): error TS1128: Declaration or statement expected.
lib/visualLab/data/poiExtraSenegalReliefV2.ts(581,9): error TS1005: ';' expected.
lib/visualLab/data/poiExtraSenegalReliefV2.ts(582,9): error TS1005: ';' expected.
lib/visualLab/data/poiExtraSenegalReliefV2.ts(583,9): error TS1005: ';' expected.
lib/visualLab/data/poiExtraSenegalReliefV2.ts(584,6): error TS1128: Declaration or statement expected.
lib/visualLab/data/poiExtraSenegalReliefV2.ts(587,9): error TS1005: ';' expected.
lib/visualLab/data/poiExtraSenegalReliefV2.ts(588,9): error TS1005: ';' expected.
lib/visualLab/data/poiExtraSenegalReliefV2.ts(589,9): error TS1005: ';' expected.
lib/visualLab/data/poiExtraSenegalReliefV2.ts(590,6): error TS1128: Declaration or statement expected.
lib/visualLab/data/poiExtraSenegalReliefV2.ts(591,24): error TS1005: ';' expected.
lib/visualLab/data/poiExtraSenegalReliefV2.ts(593,9): error TS1005: ';' expected.
lib/visualLab/data/poiExtraSenegalReliefV2.ts(594,9): error TS1005: ';' expected.
lib/visualLab/data/poiExtraSenegalReliefV2.ts(595,9): error TS1005: ';' expected.
lib/visualLab/data/poiExtraSenegalReliefV2.ts(597,6): error TS1128: Declaration or statement expected.
lib/visualLab/data/poiExtraSenegalReliefV2.ts(600,9): error TS1005: ';' expected.
lib/visualLab/data/poiExtraSenegalReliefV2.ts(601,9): error TS1005: ';' expected.
lib/visualLab/data/poiExtraSenegalReliefV2.ts(602,9): error TS1005: ';' expected.
lib/visualLab/data/poiExtraSenegalReliefV2.ts(604,6): error TS1128: Declaration or statement expected.
lib/visualLab/data/poiExtraSenegalReliefV2.ts(607,9): error TS1005: ';' expected.
lib/visualLab/data/poiExtraSenegalReliefV2.ts(608,11): error TS1005: ';' expected.
lib/visualLab/data/poiExtraSenegalReliefV2.ts(609,11): error TS1005: ';' expected.
lib/visualLab/data/poiExtraSenegalReliefV2.ts(610,9): error TS1005: ';' expected.
lib/visualLab/data/poiExtraSenegalReliefV2.ts(612,9): error TS1005: ';' expected.
lib/visualLab/data/poiExtraSenegalReliefV2.ts(613,9): error TS1005: ';' expected.
lib/visualLab/data/poiExtraSenegalReliefV2.ts(614,9): error TS1005: ';' expected.
lib/visualLab/data/poiExtraSenegalReliefV2.ts(615,6): error TS1128: Declaration or statement expected.
lib/visualLab/data/poiExtraSenegalReliefV2.ts(618,9): error TS1005: ';' expected.
lib/visualLab/data/poiExtraSenegalReliefV2.ts(619,9): error TS1005: ';' expected.
lib/visualLab/data/poiExtraSenegalReliefV2.ts(620,9): error TS1005: ';' expected.
lib/visualLab/data/poiExtraSenegalReliefV2.ts(621,6): error TS1128: Declaration or statement expected.
lib/visualLab/data/poiExtraSenegalReliefV2.ts(624,9): error TS1005: ';' expected.
lib/visualLab/data/poiExtraSenegalReliefV2.ts(625,9): error TS1005: ';' expected.
lib/visualLab/data/poiExtraSenegalReliefV2.ts(626,9): error TS1005: ';' expected.
lib/visualLab/data/poiExtraSenegalReliefV2.ts(627,6): error TS1128: Declaration or statement expected.
lib/visualLab/data/poiExtraSenegalReliefV2.ts(628,24): error TS1005: ';' expected.
lib/visualLab/data/poiExtraSenegalReliefV2.ts(630,9): error TS1005: ';' expected.
lib/visualLab/data/poiExtraSenegalReliefV2.ts(631,9): error TS1005: ';' expected.
lib/visualLab/data/poiExtraSenegalReliefV2.ts(632,9): error TS1005: ';' expected.
lib/visualLab/data/poiExtraSenegalReliefV2.ts(634,6): error TS1128: Declaration or statement expected.
lib/visualLab/data/poiExtraSenegalReliefV2.ts(637,9): error TS1005: ';' expected.
lib/visualLab/data/poiExtraSenegalReliefV2.ts(638,9): error TS1005: ';' expected.
lib/visualLab/data/poiExtraSenegalReliefV2.ts(639,9): error TS1005: ';' expected.
lib/visualLab/data/poiExtraSenegalReliefV2.ts(641,6): error TS1128: Declaration or statement expected.
lib/visualLab/data/poiExtraSenegalReliefV2.ts(644,9): error TS1005: ';' expected.
lib/visualLab/data/poiExtraSenegalReliefV2.ts(645,11): error TS1005: ';' expected.
lib/visualLab/data/poiExtraSenegalReliefV2.ts(646,11): error TS1005: ';' expected.
lib/visualLab/data/poiExtraSenegalReliefV2.ts(647,9): error TS1005: ';' expected.
lib/visualLab/data/poiExtraSenegalReliefV2.ts(649,9): error TS1005: ';' expected.
lib/visualLab/data/poiExtraSenegalReliefV2.ts(650,9): error TS1005: ';' expected.
lib/visualLab/data/poiExtraSenegalReliefV2.ts(651,9): error TS1005: ';' expected.
lib/visualLab/data/poiExtraSenegalReliefV2.ts(652,6): error TS1128: Declaration or statement expected.
lib/visualLab/data/poiExtraSenegalReliefV2.ts(655,9): error TS1005: ';' expected.
lib/visualLab/data/poiExtraSenegalReliefV2.ts(656,9): error TS1005: ';' expected.
lib/visualLab/data/poiExtraSenegalReliefV2.ts(657,9): error TS1005: ';' expected.
lib/visualLab/data/poiExtraSenegalReliefV2.ts(658,6): error TS1128: Declaration or statement expected.
lib/visualLab/data/poiExtraSenegalReliefV2.ts(661,9): error TS1005: ';' expected.
lib/visualLab/data/poiExtraSenegalReliefV2.ts(662,9): error TS1005: ';' expected.
lib/visualLab/data/poiExtraSenegalReliefV2.ts(663,9): error TS1005: ';' expected.
lib/visualLab/data/poiExtraSenegalReliefV2.ts(664,6): error TS1128: Declaration or statement expected.
lib/visualLab/data/poiExtraSenegalReliefV2.ts(665,24): error TS1005: ';' expected.
lib/visualLab/data/poiExtraSenegalReliefV2.ts(667,9): error TS1005: ';' expected.
lib/visualLab/data/poiExtraSenegalReliefV2.ts(668,9): error TS1005: ';' expected.
lib/visualLab/data/poiExtraSenegalReliefV2.ts(669,9): error TS1005: ';' expected.
lib/visualLab/data/poiExtraSenegalReliefV2.ts(671,6): error TS1128: Declaration or statement expected.
lib/visualLab/data/poiExtraSenegalReliefV2.ts(674,9): error TS1005: ';' expected.
lib/visualLab/data/poiExtraSenegalReliefV2.ts(675,9): error TS1005: ';' expected.
lib/visualLab/data/poiExtraSenegalReliefV2.ts(676,9): error TS1005: ';' expected.
lib/visualLab/data/poiExtraSenegalReliefV2.ts(678,6): error TS1128: Declaration or statement expected.
lib/visualLab/data/poiExtraSenegalReliefV2.ts(681,9): error TS1005: ';' expected.
lib/visualLab/data/poiExtraSenegalReliefV2.ts(682,11): error TS1005: ';' expected.
lib/visualLab/data/poiExtraSenegalReliefV2.ts(683,11): error TS1005: ';' expected.
lib/visualLab/data/poiExtraSenegalReliefV2.ts(684,9): error TS1005: ';' expected.
lib/visualLab/data/poiExtraSenegalReliefV2.ts(686,9): error TS1005: ';' expected.
lib/visualLab/data/poiExtraSenegalReliefV2.ts(687,9): error TS1005: ';' expected.
lib/visualLab/data/poiExtraSenegalReliefV2.ts(688,9): error TS1005: ';' expected.
lib/visualLab/data/poiExtraSenegalReliefV2.ts(689,6): error TS1128: Declaration or statement expected.
lib/visualLab/data/poiExtraSenegalReliefV2.ts(692,9): error TS1005: ';' expected.
lib/visualLab/data/poiExtraSenegalReliefV2.ts(693,9): error TS1005: ';' expected.
lib/visualLab/data/poiExtraSenegalReliefV2.ts(694,9): error TS1005: ';' expected.
lib/visualLab/data/poiExtraSenegalReliefV2.ts(695,6): error TS1128: Declaration or statement expected.
lib/visualLab/data/poiExtraSenegalReliefV2.ts(698,9): error TS1005: ';' expected.
lib/visualLab/data/poiExtraSenegalReliefV2.ts(699,9): error TS1005: ';' expected.
lib/visualLab/data/poiExtraSenegalReliefV2.ts(700,9): error TS1005: ';' expected.
lib/visualLab/data/poiExtraSenegalReliefV2.ts(701,6): error TS1128: Declaration or statement expected.
lib/visualLab/data/poiExtraSenegalReliefV2.ts(702,24): error TS1005: ';' expected.
lib/visualLab/data/poiExtraSenegalReliefV2.ts(704,9): error TS1005: ';' expected.
lib/visualLab/data/poiExtraSenegalReliefV2.ts(705,9): error TS1005: ';' expected.
lib/visualLab/data/poiExtraSenegalReliefV2.ts(706,9): error TS1005: ';' expected.
lib/visualLab/data/poiExtraSenegalReliefV2.ts(707,6): error TS1128: Declaration or statement expected.
lib/visualLab/data/poiExtraSenegalReliefV2.ts(710,9): error TS1005: ';' expected.
lib/visualLab/data/poiExtraSenegalReliefV2.ts(711,9): error TS1005: ';' expected.
lib/visualLab/data/poiExtraSenegalReliefV2.ts(712,9): error TS1005: ';' expected.
lib/visualLab/data/poiExtraSenegalReliefV2.ts(713,6): error TS1128: Declaration or statement expected.
lib/visualLab/data/poiExtraSenegalReliefV2.ts(716,9): error TS1005: ';' expected.
lib/visualLab/data/poiExtraSenegalReliefV2.ts(717,11): error TS1005: ';' expected.
lib/visualLab/data/poiExtraSenegalReliefV2.ts(718,11): error TS1005: ';' expected.
lib/visualLab/data/poiExtraSenegalReliefV2.ts(719,9): error TS1005: ';' expected.
lib/visualLab/data/poiExtraSenegalReliefV2.ts(721,9): error TS1005: ';' expected.
lib/visualLab/data/poiExtraSenegalReliefV2.ts(722,9): error TS1005: ';' expected.
lib/visualLab/data/poiExtraSenegalReliefV2.ts(723,9): error TS1005: ';' expected.
lib/visualLab/data/poiExtraSenegalReliefV2.ts(724,6): error TS1128: Declaration or statement expected.
lib/visualLab/data/poiExtraSenegalReliefV2.ts(727,9): error TS1005: ';' expected.
lib/visualLab/data/poiExtraSenegalReliefV2.ts(728,9): error TS1005: ';' expected.
lib/visualLab/data/poiExtraSenegalReliefV2.ts(729,9): error TS1005: ';' expected.
lib/visualLab/data/poiExtraSenegalReliefV2.ts(730,6): error TS1128: Declaration or statement expected.
lib/visualLab/data/poiExtraSenegalReliefV2.ts(733,9): error TS1005: ';' expected.
lib/visualLab/data/poiExtraSenegalReliefV2.ts(734,9): error TS1005: ';' expected.
lib/visualLab/data/poiExtraSenegalReliefV2.ts(735,9): error TS1005: ';' expected.
lib/visualLab/data/poiExtraSenegalReliefV2.ts(736,6): error TS1128: Declaration or statement expected.
lib/visualLab/data/poiExtraSenegalReliefV2.ts(737,24): error TS1005: ';' expected.
lib/visualLab/data/poiExtraSenegalReliefV2.ts(739,9): error TS1005: ';' expected.
lib/visualLab/data/poiExtraSenegalReliefV2.ts(740,9): error TS1005: ';' expected.
lib/visualLab/data/poiExtraSenegalReliefV2.ts(741,9): error TS1005: ';' expected.
lib/visualLab/data/poiExtraSenegalReliefV2.ts(743,6): error TS1128: Declaration or statement expected.
lib/visualLab/data/poiExtraSenegalReliefV2.ts(746,9): error TS1005: ';' expected.
lib/visualLab/data/poiExtraSenegalReliefV2.ts(747,9): error TS1005: ';' expected.
lib/visualLab/data/poiExtraSenegalReliefV2.ts(748,9): error TS1005: ';' expected.
lib/visualLab/data/poiExtraSenegalReliefV2.ts(750,6): error TS1128: Declaration or statement expected.
lib/visualLab/data/poiExtraSenegalReliefV2.ts(753,9): error TS1005: ';' expected.
lib/visualLab/data/poiExtraSenegalReliefV2.ts(754,11): error TS1005: ';' expected.
lib/visualLab/data/poiExtraSenegalReliefV2.ts(755,11): error TS1005: ';' expected.
lib/visualLab/data/poiExtraSenegalReliefV2.ts(756,9): error TS1005: ';' expected.
lib/visualLab/data/poiExtraSenegalReliefV2.ts(758,9): error TS1005: ';' expected.
lib/visualLab/data/poiExtraSenegalReliefV2.ts(759,9): error TS1005: ';' expected.
lib/visualLab/data/poiExtraSenegalReliefV2.ts(760,9): error TS1005: ';' expected.
lib/visualLab/data/poiExtraSenegalReliefV2.ts(761,6): error TS1128: Declaration or statement expected.
lib/visualLab/data/poiExtraSenegalReliefV2.ts(764,9): error TS1005: ';' expected.
lib/visualLab/data/poiExtraSenegalReliefV2.ts(765,9): error TS1005: ';' expected.
lib/visualLab/data/poiExtraSenegalReliefV2.ts(766,9): error TS1005: ';' expected.
lib/visualLab/data/poiExtraSenegalReliefV2.ts(767,6): error TS1128: Declaration or statement expected.
lib/visualLab/data/poiExtraSenegalReliefV2.ts(770,9): error TS1005: ';' expected.
lib/visualLab/data/poiExtraSenegalReliefV2.ts(771,9): error TS1005: ';' expected.
lib/visualLab/data/poiExtraSenegalReliefV2.ts(772,9): error TS1005: ';' expected.
lib/visualLab/data/poiExtraSenegalReliefV2.ts(773,6): error TS1128: Declaration or statement expected.
lib/visualLab/data/poiExtraSenegalReliefV2.ts(774,24): error TS1005: ';' expected.
lib/visualLab/data/poiExtraSenegalReliefV2.ts(776,9): error TS1005: ';' expected.
lib/visualLab/data/poiExtraSenegalReliefV2.ts(777,9): error TS1005: ';' expected.
lib/visualLab/data/poiExtraSenegalReliefV2.ts(778,9): error TS1005: ';' expected.
lib/visualLab/data/poiExtraSenegalReliefV2.ts(780,6): error TS1128: Declaration or statement expected.
lib/visualLab/data/poiExtraSenegalReliefV2.ts(783,9): error TS1005: ';' expected.
lib/visualLab/data/poiExtraSenegalReliefV2.ts(784,9): error TS1005: ';' expected.
lib/visualLab/data/poiExtraSenegalReliefV2.ts(785,9): error TS1005: ';' expected.
lib/visualLab/data/poiExtraSenegalReliefV2.ts(787,6): error TS1128: Declaration or statement expected.
lib/visualLab/data/poiExtraSenegalReliefV2.ts(790,9): error TS1005: ';' expected.
lib/visualLab/data/poiExtraSenegalReliefV2.ts(791,11): error TS1005: ';' expected.
lib/visualLab/data/poiExtraSenegalReliefV2.ts(792,11): error TS1005: ';' expected.
lib/visualLab/data/poiExtraSenegalReliefV2.ts(793,9): error TS1005: ';' expected.
lib/visualLab/data/poiExtraSenegalReliefV2.ts(795,9): error TS1005: ';' expected.
lib/visualLab/data/poiExtraSenegalReliefV2.ts(796,9): error TS1005: ';' expected.
lib/visualLab/data/poiExtraSenegalReliefV2.ts(797,9): error TS1005: ';' expected.
lib/visualLab/data/poiExtraSenegalReliefV2.ts(798,6): error TS1128: Declaration or statement expected.
lib/visualLab/data/poiExtraSenegalReliefV2.ts(801,9): error TS1005: ';' expected.
lib/visualLab/data/poiExtraSenegalReliefV2.ts(802,9): error TS1005: ';' expected.
lib/visualLab/data/poiExtraSenegalReliefV2.ts(803,9): error TS1005: ';' expected.
lib/visualLab/data/poiExtraSenegalReliefV2.ts(804,6): error TS1128: Declaration or statement expected.
lib/visualLab/data/poiExtraSenegalReliefV2.ts(807,9): error TS1005: ';' expected.
lib/visualLab/data/poiExtraSenegalReliefV2.ts(808,9): error TS1005: ';' expected.
lib/visualLab/data/poiExtraSenegalReliefV2.ts(809,9): error TS1005: ';' expected.
lib/visualLab/data/poiExtraSenegalReliefV2.ts(810,6): error TS1128: Declaration or statement expected.
lib/visualLab/data/poiExtraSenegalReliefV2.ts(813,9): error TS1005: ';' expected.
lib/visualLab/data/poiExtraSenegalReliefV2.ts(814,9): error TS1005: ';' expected.
lib/visualLab/data/poiExtraSenegalReliefV2.ts(815,9): error TS1005: ';' expected.
lib/visualLab/data/poiExtraSenegalReliefV2.ts(817,6): error TS1128: Declaration or statement expected.
lib/visualLab/data/poiExtraSenegalReliefV2.ts(820,9): error TS1005: ';' expected.
lib/visualLab/data/poiExtraSenegalReliefV2.ts(821,9): error TS1005: ';' expected.
lib/visualLab/data/poiExtraSenegalReliefV2.ts(822,9): error TS1005: ';' expected.
lib/visualLab/data/poiExtraSenegalReliefV2.ts(826,1): error TS1128: Declaration or statement expected.
lib/visualLab/data/poiExtraSenegalReliefV2.ts(829,1): error TS1005: '}' expected.
