
>>> Fájl: bulgariaPoi.ts <<<

>>> Fájl: croatiaPoi.ts <<<

>>> Fájl: estoniaPoi.ts <<<
[1] Keresés: Paldiski South Harbour (estonia)
/home/borota25/Desktop/plizio/scripts/smart_poi_downloader_v2.py:56: RuntimeWarning: This package (`duckduckgo_search`) has been renamed to `ddgs`! Use `pip install ddgs` instead.
  with DDGS() as ddgs:
  Keresési hiba (Paldiski South Harbour estonia landmark photo): https://duckduckgo.com/?q=Paldiski+South+Harbour+estonia+landmark+photo 202 Ratelimit
  !!! RATE LIMIT DETECTED !!! Várakozás 5 percig...
  Nincs találat.
[2] Keresés: Port of Pärnu (estonia)
/home/borota25/Desktop/plizio/scripts/smart_poi_downloader_v2.py:56: RuntimeWarning: This package (`duckduckgo_search`) has been renamed to `ddgs`! Use `pip install ddgs` instead.
  with DDGS() as ddgs:
  Keresési hiba (Port of Pärnu estonia landmark photo): https://duckduckgo.com/?q=Port+of+P%C3%A4rnu+estonia+landmark+photo 202 Ratelimit
  !!! RATE LIMIT DETECTED !!! Várakozás 5 percig...
  Nincs találat.

>>> Fájl: latviaPoi.ts <<<
[3] Keresés: Museum of the Occupation of Latvia (latvia)
/home/borota25/Desktop/plizio/scripts/smart_poi_downloader_v2.py:56: RuntimeWarning: This package (`duckduckgo_search`) has been renamed to `ddgs`! Use `pip install ddgs` instead.
  with DDGS() as ddgs:
  HIBA: Letöltés sikertelen.
[4] Keresés: Lake Rāzna (latvia)
/home/borota25/Desktop/plizio/scripts/smart_poi_downloader_v2.py:56: RuntimeWarning: This package (`duckduckgo_search`) has been renamed to `ddgs`! Use `pip install ddgs` instead.
  with DDGS() as ddgs:
  SIKER: /geo-images/latvia/lv-razna-lake.webp
[5] Keresés: Moricsala Island (latvia)
/home/borota25/Desktop/plizio/scripts/smart_poi_downloader_v2.py:56: RuntimeWarning: This package (`duckduckgo_search`) has been renamed to `ddgs`! Use `pip install ddgs` instead.
  with DDGS() as ddgs:
  SIKER: /geo-images/latvia/lv-moricsala-island.webp
[6] Keresés: Liepāja Port (latvia)
/home/borota25/Desktop/plizio/scripts/smart_poi_downloader_v2.py:56: RuntimeWarning: This package (`duckduckgo_search`) has been renamed to `ddgs`! Use `pip install ddgs` instead.
  with DDGS() as ddgs:
  HIBA: Letöltés sikertelen.

>>> Fájl: lithuaniaPoi.ts <<<
[7] Keresés: Hill of Crosses (lithuania)
/home/borota25/Desktop/plizio/scripts/smart_poi_downloader_v2.py:56: RuntimeWarning: This package (`duckduckgo_search`) has been renamed to `ddgs`! Use `pip install ddgs` instead.
  with DDGS() as ddgs:
  SIKER: /geo-images/lithuania/hill-of-crosses.webp
[8] Keresés: Curonian Spit (lithuania)
/home/borota25/Desktop/plizio/scripts/smart_poi_downloader_v2.py:56: RuntimeWarning: This package (`duckduckgo_search`) has been renamed to `ddgs`! Use `pip install ddgs` instead.
  with DDGS() as ddgs:
  HIBA: Letöltés sikertelen.
[9] Keresés: Žemaitija National Park (lithuania)
/home/borota25/Desktop/plizio/scripts/smart_poi_downloader_v2.py:56: RuntimeWarning: This package (`duckduckgo_search`) has been renamed to `ddgs`! Use `pip install ddgs` instead.
  with DDGS() as ddgs:
  SIKER: /geo-images/lithuania/nat-zemaitija.webp
[10] Keresés: Rumšiškės Open-Air Museum (lithuania)
/home/borota25/Desktop/plizio/scripts/smart_poi_downloader_v2.py:56: RuntimeWarning: This package (`duckduckgo_search`) has been renamed to `ddgs`! Use `pip install ddgs` instead.
  with DDGS() as ddgs:
  SIKER: /geo-images/lithuania/cult-rumsiskes.webp
[11] Keresés: Panemunė Castles (lithuania)
/home/borota25/Desktop/plizio/scripts/smart_poi_downloader_v2.py:56: RuntimeWarning: This package (`duckduckgo_search`) has been renamed to `ddgs`! Use `pip install ddgs` instead.
  with DDGS() as ddgs:
  SIKER: /geo-images/lithuania/cult-panemune-castles.webp
[12] Keresés: Užupis (lithuania)
/home/borota25/Desktop/plizio/scripts/smart_poi_downloader_v2.py:56: RuntimeWarning: This package (`duckduckgo_search`) has been renamed to `ddgs`! Use `pip install ddgs` instead.
  with DDGS() as ddgs:
  SIKER: /geo-images/lithuania/cult-uzupis.webp
[13] Keresés: Panevėžys (lithuania)
/home/borota25/Desktop/plizio/scripts/smart_poi_downloader_v2.py:56: RuntimeWarning: This package (`duckduckgo_search`) has been renamed to `ddgs`! Use `pip install ddgs` instead.
  with DDGS() as ddgs:
  HIBA: Letöltés sikertelen.
[14] Keresés: Marijampolė (lithuania)
/home/borota25/Desktop/plizio/scripts/smart_poi_downloader_v2.py:56: RuntimeWarning: This package (`duckduckgo_search`) has been renamed to `ddgs`! Use `pip install ddgs` instead.
  with DDGS() as ddgs:
  SIKER: /geo-images/lithuania/lt-marijampole.webp
[15] Keresés: Lake Plateliai (lithuania)
/home/borota25/Desktop/plizio/scripts/smart_poi_downloader_v2.py:56: RuntimeWarning: This package (`duckduckgo_search`) has been renamed to `ddgs`! Use `pip install ddgs` instead.
  with DDGS() as ddgs:
  SIKER: /geo-images/lithuania/lt-lake-plateliai.webp
[16] Keresés: Būtingė Terminal (lithuania)
/home/borota25/Desktop/plizio/scripts/smart_poi_downloader_v2.py:56: RuntimeWarning: This package (`duckduckgo_search`) has been renamed to `ddgs`! Use `pip install ddgs` instead.
  with DDGS() as ddgs:
  Keresési hiba (Būtingė Terminal lithuania landmark photo): https://duckduckgo.com/?q=B%C5%ABting%C4%97+Terminal+lithuania+landmark+photo 202 Ratelimit
  !!! RATE LIMIT DETECTED !!! Várakozás 5 percig...
  Nincs találat.
[17] Keresés: Klaipėda LNG Terminal (lithuania)
/home/borota25/Desktop/plizio/scripts/smart_poi_downloader_v2.py:56: RuntimeWarning: This package (`duckduckgo_search`) has been renamed to `ddgs`! Use `pip install ddgs` instead.
  with DDGS() as ddgs:
  Keresési hiba (Klaipėda LNG Terminal lithuania landmark photo): https://duckduckgo.com/?q=Klaip%C4%97da+LNG+Terminal+lithuania+landmark+photo 202 Ratelimit
  !!! RATE LIMIT DETECTED !!! Várakozás 5 percig...
  Nincs találat.

>>> Fájl: luxembourgPoi.ts <<<
[18] Keresés: Luxembourg (luxembourg)
/home/borota25/Desktop/plizio/scripts/smart_poi_downloader_v2.py:56: RuntimeWarning: This package (`duckduckgo_search`) has been renamed to `ddgs`! Use `pip install ddgs` instead.
  with DDGS() as ddgs:
  SIKER: /geo-images/luxembourg/luxembourg.webp
[19] Keresés: Clervaux (luxembourg)
/home/borota25/Desktop/plizio/scripts/smart_poi_downloader_v2.py:56: RuntimeWarning: This package (`duckduckgo_search`) has been renamed to `ddgs`! Use `pip install ddgs` instead.
  with DDGS() as ddgs:
  Keresési hiba (Clervaux luxembourg landmark photo): https://duckduckgo.com/?q=Clervaux+luxembourg+landmark+photo 202 Ratelimit
  !!! RATE LIMIT DETECTED !!! Várakozás 5 percig...
  Nincs találat.
[20] Keresés: Wiltz (luxembourg)
/home/borota25/Desktop/plizio/scripts/smart_poi_downloader_v2.py:56: RuntimeWarning: This package (`duckduckgo_search`) has been renamed to `ddgs`! Use `pip install ddgs` instead.
  with DDGS() as ddgs:
  Keresési hiba (Wiltz luxembourg landmark photo): https://duckduckgo.com/?q=Wiltz+luxembourg+landmark+photo 202 Ratelimit
  !!! RATE LIMIT DETECTED !!! Várakozás 5 percig...
  Nincs találat.
[21] Keresés: Larochette (luxembourg)
/home/borota25/Desktop/plizio/scripts/smart_poi_downloader_v2.py:56: RuntimeWarning: This package (`duckduckgo_search`) has been renamed to `ddgs`! Use `pip install ddgs` instead.
  with DDGS() as ddgs:
  SIKER: /geo-images/luxembourg/city-larochette.webp
[22] Keresés: Ettelbruck (luxembourg)
/home/borota25/Desktop/plizio/scripts/smart_poi_downloader_v2.py:56: RuntimeWarning: This package (`duckduckgo_search`) has been renamed to `ddgs`! Use `pip install ddgs` instead.
  with DDGS() as ddgs:
  Keresési hiba (Ettelbruck luxembourg landmark photo): https://duckduckgo.com/?q=Ettelbruck+luxembourg+landmark+photo 202 Ratelimit
  !!! RATE LIMIT DETECTED !!! Várakozás 5 percig...
  Nincs találat.
[23] Keresés: Grevenmacher (luxembourg)
/home/borota25/Desktop/plizio/scripts/smart_poi_downloader_v2.py:56: RuntimeWarning: This package (`duckduckgo_search`) has been renamed to `ddgs`! Use `pip install ddgs` instead.
  with DDGS() as ddgs:
  SIKER: /geo-images/luxembourg/city-grevenmacher.webp
[24] Keresés: Consdorf (luxembourg)
/home/borota25/Desktop/plizio/scripts/smart_poi_downloader_v2.py:56: RuntimeWarning: This package (`duckduckgo_search`) has been renamed to `ddgs`! Use `pip install ddgs` instead.
  with DDGS() as ddgs:
  SIKER: /geo-images/luxembourg/consdorf.webp
[25] Keresés: Beckerich (luxembourg)
/home/borota25/Desktop/plizio/scripts/smart_poi_downloader_v2.py:56: RuntimeWarning: This package (`duckduckgo_search`) has been renamed to `ddgs`! Use `pip install ddgs` instead.
  with DDGS() as ddgs:
  HIBA: Letöltés sikertelen.
[26] Keresés: Betzdorf (luxembourg)
/home/borota25/Desktop/plizio/scripts/smart_poi_downloader_v2.py:56: RuntimeWarning: This package (`duckduckgo_search`) has been renamed to `ddgs`! Use `pip install ddgs` instead.
  with DDGS() as ddgs:
  HIBA: Letöltés sikertelen.
[27] Keresés: National Museum of Military History (luxembourg)
/home/borota25/Desktop/plizio/scripts/smart_poi_downloader_v2.py:56: RuntimeWarning: This package (`duckduckgo_search`) has been renamed to `ddgs`! Use `pip install ddgs` instead.
  with DDGS() as ddgs:
  SIKER: /geo-images/luxembourg/diekirch-military-history.webp
[28] Keresés: Mersch Castle (luxembourg)
/home/borota25/Desktop/plizio/scripts/smart_poi_downloader_v2.py:56: RuntimeWarning: This package (`duckduckgo_search`) has been renamed to `ddgs`! Use `pip install ddgs` instead.
  with DDGS() as ddgs:
  SIKER: /geo-images/luxembourg/mersch-castle.webp
[29] Keresés: Berdorf Rocks (luxembourg)
/home/borota25/Desktop/plizio/scripts/smart_poi_downloader_v2.py:56: RuntimeWarning: This package (`duckduckgo_search`) has been renamed to `ddgs`! Use `pip install ddgs` instead.
  with DDGS() as ddgs:
  SIKER: /geo-images/luxembourg/berdorf-rocks.webp
[30] Keresés: Luxembourg Science Center (luxembourg)
/home/borota25/Desktop/plizio/scripts/smart_poi_downloader_v2.py:56: RuntimeWarning: This package (`duckduckgo_search`) has been renamed to `ddgs`! Use `pip install ddgs` instead.
  with DDGS() as ddgs:
  HIBA: Letöltés sikertelen.
[31] Keresés: Lake Weiswampach (luxembourg)
/home/borota25/Desktop/plizio/scripts/smart_poi_downloader_v2.py:56: RuntimeWarning: This package (`duckduckgo_search`) has been renamed to `ddgs`! Use `pip install ddgs` instead.
  with DDGS() as ddgs:
  SIKER: /geo-images/luxembourg/lake-weiswampach.webp
[32] Keresés: Minett Park Fond-de-Gras (luxembourg)
/home/borota25/Desktop/plizio/scripts/smart_poi_downloader_v2.py:56: RuntimeWarning: This package (`duckduckgo_search`) has been renamed to `ddgs`! Use `pip install ddgs` instead.
  with DDGS() as ddgs:
  SIKER: /geo-images/luxembourg/minett-park-fond-de-gras.webp
[33] Keresés: Aquatower Berdorf (luxembourg)
/home/borota25/Desktop/plizio/scripts/smart_poi_downloader_v2.py:56: RuntimeWarning: This package (`duckduckgo_search`) has been renamed to `ddgs`! Use `pip install ddgs` instead.
  with DDGS() as ddgs:
  Keresési hiba (Aquatower Berdorf luxembourg landmark photo): https://duckduckgo.com/?q=Aquatower+Berdorf+luxembourg+landmark+photo 202 Ratelimit
  !!! RATE LIMIT DETECTED !!! Várakozás 5 percig...
  Nincs találat.

>>> Fájl: belgiumPoi.ts <<<
[34] Keresés: Bruges Belfry (belgium)
/home/borota25/Desktop/plizio/scripts/smart_poi_downloader_v2.py:56: RuntimeWarning: This package (`duckduckgo_search`) has been renamed to `ddgs`! Use `pip install ddgs` instead.
  with DDGS() as ddgs:
  Keresési hiba (Bruges Belfry belgium landmark photo): https://duckduckgo.com/?q=Bruges+Belfry+belgium+landmark+photo 202 Ratelimit
  !!! RATE LIMIT DETECTED !!! Várakozás 5 percig...
  Nincs találat.
[35] Keresés: Waterloo Lion (belgium)
/home/borota25/Desktop/plizio/scripts/smart_poi_downloader_v2.py:56: RuntimeWarning: This package (`duckduckgo_search`) has been renamed to `ddgs`! Use `pip install ddgs` instead.
  with DDGS() as ddgs:
  SIKER: /geo-images/belgium/cult-waterloo.webp
[36] Keresés: Dinant Citadel (belgium)
/home/borota25/Desktop/plizio/scripts/smart_poi_downloader_v2.py:56: RuntimeWarning: This package (`duckduckgo_search`) has been renamed to `ddgs`! Use `pip install ddgs` instead.
  with DDGS() as ddgs:
  SIKER: /geo-images/belgium/nat-dinant-citadel.webp
[37] Keresés: Gravensteen Castle (belgium)
/home/borota25/Desktop/plizio/scripts/smart_poi_downloader_v2.py:56: RuntimeWarning: This package (`duckduckgo_search`) has been renamed to `ddgs`! Use `pip install ddgs` instead.
  with DDGS() as ddgs:
  SIKER: /geo-images/belgium/hist-gravensteen.webp
[38] Keresés: Beersel Castle (belgium)
/home/borota25/Desktop/plizio/scripts/smart_poi_downloader_v2.py:56: RuntimeWarning: This package (`duckduckgo_search`) has been renamed to `ddgs`! Use `pip install ddgs` instead.
  with DDGS() as ddgs:
  SIKER: /geo-images/belgium/hist-beersel-castle.webp
[39] Keresés: Bouillon Castle (belgium)
/home/borota25/Desktop/plizio/scripts/smart_poi_downloader_v2.py:56: RuntimeWarning: This package (`duckduckgo_search`) has been renamed to `ddgs`! Use `pip install ddgs` instead.
  with DDGS() as ddgs:
  SIKER: /geo-images/belgium/hist-bouillon-castle.webp
[40] Keresés: Villers Abbey (belgium)
/home/borota25/Desktop/plizio/scripts/smart_poi_downloader_v2.py:56: RuntimeWarning: This package (`duckduckgo_search`) has been renamed to `ddgs`! Use `pip install ddgs` instead.
  with DDGS() as ddgs:
  SIKER: /geo-images/belgium/hist-villers-abbey.webp
[41] Keresés: Stoclet Palace (belgium)
/home/borota25/Desktop/plizio/scripts/smart_poi_downloader_v2.py:56: RuntimeWarning: This package (`duckduckgo_search`) has been renamed to `ddgs`! Use `pip install ddgs` instead.
  with DDGS() as ddgs:
  HIBA: Letöltés sikertelen.
[42] Keresés: Tyne Cot Cemetery (belgium)
/home/borota25/Desktop/plizio/scripts/smart_poi_downloader_v2.py:56: RuntimeWarning: This package (`duckduckgo_search`) has been renamed to `ddgs`! Use `pip install ddgs` instead.
  with DDGS() as ddgs:
  SIKER: /geo-images/belgium/hist-tyne-cot-cemetery.webp
[43] Keresés: Signal de Botrange (belgium)
/home/borota25/Desktop/plizio/scripts/smart_poi_downloader_v2.py:56: RuntimeWarning: This package (`duckduckgo_search`) has been renamed to `ddgs`! Use `pip install ddgs` instead.
  with DDGS() as ddgs:
  SIKER: /geo-images/belgium/nat-signal-de-botrange.webp
[44] Keresés: Baraque Michel (belgium)
/home/borota25/Desktop/plizio/scripts/smart_poi_downloader_v2.py:56: RuntimeWarning: This package (`duckduckgo_search`) has been renamed to `ddgs`! Use `pip install ddgs` instead.
  with DDGS() as ddgs:
  SIKER: /geo-images/belgium/nat-baraque-michel.webp
[45] Keresés: Lake Robertville (belgium)
/home/borota25/Desktop/plizio/scripts/smart_poi_downloader_v2.py:56: RuntimeWarning: This package (`duckduckgo_search`) has been renamed to `ddgs`! Use `pip install ddgs` instead.
  with DDGS() as ddgs:
  SIKER: /geo-images/belgium/nat-lake-robertville.webp
[46] Keresés: Semois River (belgium)
/home/borota25/Desktop/plizio/scripts/smart_poi_downloader_v2.py:56: RuntimeWarning: This package (`duckduckgo_search`) has been renamed to `ddgs`! Use `pip install ddgs` instead.
  with DDGS() as ddgs:
  SIKER: /geo-images/belgium/nat-semois-river.webp
[47] Keresés: Lesse River (belgium)
/home/borota25/Desktop/plizio/scripts/smart_poi_downloader_v2.py:56: RuntimeWarning: This package (`duckduckgo_search`) has been renamed to `ddgs`! Use `pip install ddgs` instead.
  with DDGS() as ddgs:
  SIKER: /geo-images/belgium/nat-lesse-river.webp
[48] Keresés: Monsin Island (belgium)
/home/borota25/Desktop/plizio/scripts/smart_poi_downloader_v2.py:56: RuntimeWarning: This package (`duckduckgo_search`) has been renamed to `ddgs`! Use `pip install ddgs` instead.
  with DDGS() as ddgs:
  SIKER: /geo-images/belgium/nat-monsin-island.webp
[49] Keresés: Atomium (belgium)
/home/borota25/Desktop/plizio/scripts/smart_poi_downloader_v2.py:56: RuntimeWarning: This package (`duckduckgo_search`) has been renamed to `ddgs`! Use `pip install ddgs` instead.
  with DDGS() as ddgs:
  SIKER: /geo-images/belgium/land-atomium.webp
[50] Keresés: Grand Place (belgium)
/home/borota25/Desktop/plizio/scripts/smart_poi_downloader_v2.py:56: RuntimeWarning: This package (`duckduckgo_search`) has been renamed to `ddgs`! Use `pip install ddgs` instead.
  with DDGS() as ddgs:
  SIKER: /geo-images/belgium/land-grand-place-brussels.webp
[51] Keresés: Antwerp Central Station (belgium)
/home/borota25/Desktop/plizio/scripts/smart_poi_downloader_v2.py:56: RuntimeWarning: This package (`duckduckgo_search`) has been renamed to `ddgs`! Use `pip install ddgs` instead.
  with DDGS() as ddgs:
  SIKER: /geo-images/belgium/land-antwerp-central-station.webp
[52] Keresés: Belfry of Bruges (belgium)
/home/borota25/Desktop/plizio/scripts/smart_poi_downloader_v2.py:56: RuntimeWarning: This package (`duckduckgo_search`) has been renamed to `ddgs`! Use `pip install ddgs` instead.
  with DDGS() as ddgs:
  SIKER: /geo-images/belgium/land-belfry-bruges.webp
[53] Keresés: Waterloo Battlefield (belgium)
/home/borota25/Desktop/plizio/scripts/smart_poi_downloader_v2.py:56: RuntimeWarning: This package (`duckduckgo_search`) has been renamed to `ddgs`! Use `pip install ddgs` instead.
  with DDGS() as ddgs:
  SIKER: /geo-images/belgium/hist-waterloo-battlefield.webp
[54] Keresés: Fort Eben-Emael (belgium)
/home/borota25/Desktop/plizio/scripts/smart_poi_downloader_v2.py:56: RuntimeWarning: This package (`duckduckgo_search`) has been renamed to `ddgs`! Use `pip install ddgs` instead.
  with DDGS() as ddgs:
  SIKER: /geo-images/belgium/hist-fort-eben-emael.webp
[55] Keresés: Royal Greenhouses of Laeken (belgium)
/home/borota25/Desktop/plizio/scripts/smart_poi_downloader_v2.py:56: RuntimeWarning: This package (`duckduckgo_search`) has been renamed to `ddgs`! Use `pip install ddgs` instead.
  with DDGS() as ddgs:
  SIKER: /geo-images/belgium/land-royal-greenhouses-laeken.webp
[56] Keresés: Palace of Justice Brussels (belgium)
/home/borota25/Desktop/plizio/scripts/smart_poi_downloader_v2.py:56: RuntimeWarning: This package (`duckduckgo_search`) has been renamed to `ddgs`! Use `pip install ddgs` instead.
  with DDGS() as ddgs:
  SIKER: /geo-images/belgium/land-palace-justice-brussels.webp
[57] Keresés: MAS Museum Antwerp (belgium)
/home/borota25/Desktop/plizio/scripts/smart_poi_downloader_v2.py:56: RuntimeWarning: This package (`duckduckgo_search`) has been renamed to `ddgs`! Use `pip install ddgs` instead.
  with DDGS() as ddgs:
  SIKER: /geo-images/belgium/land-mas-museum-antwerp.webp
[58] Keresés: Port of Antwerp-Bruges (belgium)
/home/borota25/Desktop/plizio/scripts/smart_poi_downloader_v2.py:56: RuntimeWarning: This package (`duckduckgo_search`) has been renamed to `ddgs`! Use `pip install ddgs` instead.
  with DDGS() as ddgs:
  SIKER: /geo-images/belgium/port-antwerp-bruges.webp
[59] Keresés: Port of Zeebrugge (belgium)
/home/borota25/Desktop/plizio/scripts/smart_poi_downloader_v2.py:56: RuntimeWarning: This package (`duckduckgo_search`) has been renamed to `ddgs`! Use `pip install ddgs` instead.
  with DDGS() as ddgs:
  SIKER: /geo-images/belgium/port-zeebrugge.webp
[60] Keresés: Port of Ghent (belgium)
/home/borota25/Desktop/plizio/scripts/smart_poi_downloader_v2.py:56: RuntimeWarning: This package (`duckduckgo_search`) has been renamed to `ddgs`! Use `pip install ddgs` instead.
  with DDGS() as ddgs:
  SIKER: /geo-images/belgium/port-ghent.webp
[61] Keresés: Port of Liège (belgium)
/home/borota25/Desktop/plizio/scripts/smart_poi_downloader_v2.py:56: RuntimeWarning: This package (`duckduckgo_search`) has been renamed to `ddgs`! Use `pip install ddgs` instead.
  with DDGS() as ddgs:
  SIKER: /geo-images/belgium/port-liege.webp
[62] Keresés: Haspengouw Fruit Region (belgium)
/home/borota25/Desktop/plizio/scripts/smart_poi_downloader_v2.py:56: RuntimeWarning: This package (`duckduckgo_search`) has been renamed to `ddgs`! Use `pip install ddgs` instead.
  with DDGS() as ddgs:
  SIKER: /geo-images/belgium/agri-haspengouw-fruit-region.webp
[63] Keresés: C-mine Genk (belgium)
/home/borota25/Desktop/plizio/scripts/smart_poi_downloader_v2.py:56: RuntimeWarning: This package (`duckduckgo_search`) has been renamed to `ddgs`! Use `pip install ddgs` instead.
  with DDGS() as ddgs:
  SIKER: /geo-images/belgium/ind-c-mine-genk.webp
[64] Keresés: Brussels Town Hall (belgium)
/home/borota25/Desktop/plizio/scripts/smart_poi_downloader_v2.py:56: RuntimeWarning: This package (`duckduckgo_search`) has been renamed to `ddgs`! Use `pip install ddgs` instead.
  with DDGS() as ddgs:
  SIKER: /geo-images/belgium/land-brussels-town-hall.webp
[65] Keresés: Durbuy (belgium)
/home/borota25/Desktop/plizio/scripts/smart_poi_downloader_v2.py:56: RuntimeWarning: This package (`duckduckgo_search`) has been renamed to `ddgs`! Use `pip install ddgs` instead.
  with DDGS() as ddgs:
  SIKER: /geo-images/belgium/city-durbuy.webp
[66] Keresés: Bouillon (belgium)
/home/borota25/Desktop/plizio/scripts/smart_poi_downloader_v2.py:56: RuntimeWarning: This package (`duckduckgo_search`) has been renamed to `ddgs`! Use `pip install ddgs` instead.
  with DDGS() as ddgs:
  Keresési hiba (Bouillon belgium landmark photo): https://duckduckgo.com/?q=Bouillon+belgium+landmark+photo 202 Ratelimit
  !!! RATE LIMIT DETECTED !!! Várakozás 5 percig...
  Nincs találat.
[67] Keresés: Dinant (belgium)
/home/borota25/Desktop/plizio/scripts/smart_poi_downloader_v2.py:56: RuntimeWarning: This package (`duckduckgo_search`) has been renamed to `ddgs`! Use `pip install ddgs` instead.
  with DDGS() as ddgs:
  SIKER: /geo-images/belgium/city-dinant.webp
[68] Keresés: Huy (belgium)
/home/borota25/Desktop/plizio/scripts/smart_poi_downloader_v2.py:56: RuntimeWarning: This package (`duckduckgo_search`) has been renamed to `ddgs`! Use `pip install ddgs` instead.
  with DDGS() as ddgs:
  SIKER: /geo-images/belgium/city-huy.webp
[69] Keresés: Rochefort (belgium)
/home/borota25/Desktop/plizio/scripts/smart_poi_downloader_v2.py:56: RuntimeWarning: This package (`duckduckgo_search`) has been renamed to `ddgs`! Use `pip install ddgs` instead.
  with DDGS() as ddgs:
  SIKER: /geo-images/belgium/city-rochefort.webp
[70] Keresés: Damme (belgium)
/home/borota25/Desktop/plizio/scripts/smart_poi_downloader_v2.py:56: RuntimeWarning: This package (`duckduckgo_search`) has been renamed to `ddgs`! Use `pip install ddgs` instead.
  with DDGS() as ddgs:
  SIKER: /geo-images/belgium/city-damme.webp
[71] Keresés: Aalst (belgium)
/home/borota25/Desktop/plizio/scripts/smart_poi_downloader_v2.py:56: RuntimeWarning: This package (`duckduckgo_search`) has been renamed to `ddgs`! Use `pip install ddgs` instead.
  with DDGS() as ddgs:
  Keresési hiba (Aalst belgium landmark photo): https://duckduckgo.com RuntimeError: error sending request for url (https://duckduckgo.com/?q=Aalst+belgium+landmark+photo): operation timed out

Caused by:
    operation timed out
  Nincs találat.
[72] Keresés: Oudenaarde (belgium)
/home/borota25/Desktop/plizio/scripts/smart_poi_downloader_v2.py:56: RuntimeWarning: This package (`duckduckgo_search`) has been renamed to `ddgs`! Use `pip install ddgs` instead.
  with DDGS() as ddgs:
  SIKER: /geo-images/belgium/city-oudenaarde.webp
[73] Keresés: Roeselare (belgium)
/home/borota25/Desktop/plizio/scripts/smart_poi_downloader_v2.py:56: RuntimeWarning: This package (`duckduckgo_search`) has been renamed to `ddgs`! Use `pip install ddgs` instead.
  with DDGS() as ddgs:
  Letöltési hiba: HTTPSConnectionPool(host='cdn.thecrazytourist.com', port=443): Max retries exceeded with url: /wp-content/uploads/2020/01/ccimage-KOERS_gevel_2019-291x300.jpg (Caused by NameResolutionError("<urllib3.connection.HTTPSConnection object at 0x7f66b3972250>: Failed to resolve 'cdn.thecrazytourist.com' ([Errno -2] Name or service not known)"))
  HIBA: Letöltés sikertelen.
[74] Keresés: Turnhout (belgium)
/home/borota25/Desktop/plizio/scripts/smart_poi_downloader_v2.py:56: RuntimeWarning: This package (`duckduckgo_search`) has been renamed to `ddgs`! Use `pip install ddgs` instead.
  with DDGS() as ddgs:
  SIKER: /geo-images/belgium/city-turnhout.webp
[75] Keresés: Hasselt (belgium)
/home/borota25/Desktop/plizio/scripts/smart_poi_downloader_v2.py:56: RuntimeWarning: This package (`duckduckgo_search`) has been renamed to `ddgs`! Use `pip install ddgs` instead.
  with DDGS() as ddgs:
  SIKER: /geo-images/belgium/city-hasselt.webp
[76] Keresés: Tongeren (belgium)
/home/borota25/Desktop/plizio/scripts/smart_poi_downloader_v2.py:56: RuntimeWarning: This package (`duckduckgo_search`) has been renamed to `ddgs`! Use `pip install ddgs` instead.
  with DDGS() as ddgs:
  SIKER: /geo-images/belgium/city-tongeren.webp
[77] Keresés: Lier (belgium)
/home/borota25/Desktop/plizio/scripts/smart_poi_downloader_v2.py:56: RuntimeWarning: This package (`duckduckgo_search`) has been renamed to `ddgs`! Use `pip install ddgs` instead.
  with DDGS() as ddgs:
  SIKER: /geo-images/belgium/city-lier.webp
[78] Keresés: Geel (belgium)
/home/borota25/Desktop/plizio/scripts/smart_poi_downloader_v2.py:56: RuntimeWarning: This package (`duckduckgo_search`) has been renamed to `ddgs`! Use `pip install ddgs` instead.
  with DDGS() as ddgs:
  Keresési hiba (Geel belgium landmark photo): https://duckduckgo.com/?q=Geel+belgium+landmark+photo 202 Ratelimit
  !!! RATE LIMIT DETECTED !!! Várakozás 5 percig...
  Nincs találat.
[79] Keresés: Sint-Truiden (belgium)
/home/borota25/Desktop/plizio/scripts/smart_poi_downloader_v2.py:56: RuntimeWarning: This package (`duckduckgo_search`) has been renamed to `ddgs`! Use `pip install ddgs` instead.
  with DDGS() as ddgs:
  SIKER: /geo-images/belgium/city-sint-truiden.webp
[80] Keresés: Tournai Cathedral (belgium)
/home/borota25/Desktop/plizio/scripts/smart_poi_downloader_v2.py:56: RuntimeWarning: This package (`duckduckgo_search`) has been renamed to `ddgs`! Use `pip install ddgs` instead.
  with DDGS() as ddgs:
  SIKER: /geo-images/belgium/hist-tournai-cathedral.webp
[81] Keresés: Mons Belfry (belgium)
/home/borota25/Desktop/plizio/scripts/smart_poi_downloader_v2.py:56: RuntimeWarning: This package (`duckduckgo_search`) has been renamed to `ddgs`! Use `pip install ddgs` instead.
  with DDGS() as ddgs:
  SIKER: /geo-images/belgium/hist-mons-belfry.webp
[82] Keresés: Lier Beguinage (belgium)
/home/borota25/Desktop/plizio/scripts/smart_poi_downloader_v2.py:56: RuntimeWarning: This package (`duckduckgo_search`) has been renamed to `ddgs`! Use `pip install ddgs` instead.
  with DDGS() as ddgs:
  Keresési hiba (Lier Beguinage belgium landmark photo): https://duckduckgo.com/?q=Lier+Beguinage+belgium+landmark+photo 202 Ratelimit
  !!! RATE LIMIT DETECTED !!! Várakozás 5 percig...
  Nincs találat.
[83] Keresés: Fort Breendonk (belgium)
/home/borota25/Desktop/plizio/scripts/smart_poi_downloader_v2.py:56: RuntimeWarning: This package (`duckduckgo_search`) has been renamed to `ddgs`! Use `pip install ddgs` instead.
  with DDGS() as ddgs:
  SIKER: /geo-images/belgium/hist-fort-breendonk.webp
[84] Keresés: Gravensteen (belgium)
/home/borota25/Desktop/plizio/scripts/smart_poi_downloader_v2.py:56: RuntimeWarning: This package (`duckduckgo_search`) has been renamed to `ddgs`! Use `pip install ddgs` instead.
  with DDGS() as ddgs:
  SIKER: /geo-images/belgium/land-gravensteen-ghent.webp
[85] Keresés: Basilica of Halle (belgium)
/home/borota25/Desktop/plizio/scripts/smart_poi_downloader_v2.py:56: RuntimeWarning: This package (`duckduckgo_search`) has been renamed to `ddgs`! Use `pip install ddgs` instead.
  with DDGS() as ddgs:
  SIKER: /geo-images/belgium/land-basilica-halle.webp
[86] Keresés: Basilica of the Holy Blood (belgium)
/home/borota25/Desktop/plizio/scripts/smart_poi_downloader_v2.py:56: RuntimeWarning: This package (`duckduckgo_search`) has been renamed to `ddgs`! Use `pip install ddgs` instead.
  with DDGS() as ddgs:
  Keresési hiba (Basilica of the Holy Blood belgium landmark photo): https://duckduckgo.com/?q=Basilica+of+the+Holy+Blood+belgium+landmark+photo 202 Ratelimit
  !!! RATE LIMIT DETECTED !!! Várakozás 5 percig...
  Nincs találat.
[87] Keresés: Villers Abbey (belgium)
/home/borota25/Desktop/plizio/scripts/smart_poi_downloader_v2.py:56: RuntimeWarning: This package (`duckduckgo_search`) has been renamed to `ddgs`! Use `pip install ddgs` instead.
  with DDGS() as ddgs:
  HIBA: Letöltés sikertelen.
[88] Keresés: Signal de Botrange (belgium)
/home/borota25/Desktop/plizio/scripts/smart_poi_downloader_v2.py:56: RuntimeWarning: This package (`duckduckgo_search`) has been renamed to `ddgs`! Use `pip install ddgs` instead.
  with DDGS() as ddgs:
  Keresési hiba (Signal de Botrange belgium landmark photo): https://duckduckgo.com/?q=Signal+de+Botrange+belgium+landmark+photo 202 Ratelimit
  !!! RATE LIMIT DETECTED !!! Várakozás 5 percig...
  Nincs találat.
[89] Keresés: Hallerbos (belgium)
/home/borota25/Desktop/plizio/scripts/smart_poi_downloader_v2.py:56: RuntimeWarning: This package (`duckduckgo_search`) has been renamed to `ddgs`! Use `pip install ddgs` instead.
  with DDGS() as ddgs:
  SIKER: /geo-images/belgium/forest-hallerbos.webp
[90] Keresés: Sonian Forest (belgium)
/home/borota25/Desktop/plizio/scripts/smart_poi_downloader_v2.py:56: RuntimeWarning: This package (`duckduckgo_search`) has been renamed to `ddgs`! Use `pip install ddgs` instead.
  with DDGS() as ddgs:
  Letöltési hiba: ('Connection aborted.', RemoteDisconnected('Remote end closed connection without response'))
  HIBA: Letöltés sikertelen.
[91] Keresés: Lakes of Eau d (belgium)
/home/borota25/Desktop/plizio/scripts/smart_poi_downloader_v2.py:56: RuntimeWarning: This package (`duckduckgo_search`) has been renamed to `ddgs`! Use `pip install ddgs` instead.
  with DDGS() as ddgs:
  Keresési hiba (Lakes of Eau d belgium landmark photo): https://duckduckgo.com/?q=Lakes+of+Eau+d+belgium+landmark+photo 202 Ratelimit
  !!! RATE LIMIT DETECTED !!! Várakozás 5 percig...
  Nincs találat.
[92] Keresés: Lake Robertville (belgium)
/home/borota25/Desktop/plizio/scripts/smart_poi_downloader_v2.py:56: RuntimeWarning: This package (`duckduckgo_search`) has been renamed to `ddgs`! Use `pip install ddgs` instead.
  with DDGS() as ddgs:
  SIKER: /geo-images/belgium/lake-robertville.webp
[93] Keresés: Leie River (belgium)
/home/borota25/Desktop/plizio/scripts/smart_poi_downloader_v2.py:56: RuntimeWarning: This package (`duckduckgo_search`) has been renamed to `ddgs`! Use `pip install ddgs` instead.
  with DDGS() as ddgs:
  SIKER: /geo-images/belgium/river-leie.webp
[94] Keresés: Dyle River (belgium)
/home/borota25/Desktop/plizio/scripts/smart_poi_downloader_v2.py:56: RuntimeWarning: This package (`duckduckgo_search`) has been renamed to `ddgs`! Use `pip install ddgs` instead.
  with DDGS() as ddgs:
  SIKER: /geo-images/belgium/river-dyle.webp
[95] Keresés: Yvoir Island (belgium)
/home/borota25/Desktop/plizio/scripts/smart_poi_downloader_v2.py:56: RuntimeWarning: This package (`duckduckgo_search`) has been renamed to `ddgs`! Use `pip install ddgs` instead.
  with DDGS() as ddgs:
  SIKER: /geo-images/belgium/island-ile-d-yvoir.webp
[96] Keresés: Haspengouw Fruit Belt (belgium)
/home/borota25/Desktop/plizio/scripts/smart_poi_downloader_v2.py:56: RuntimeWarning: This package (`duckduckgo_search`) has been renamed to `ddgs`! Use `pip install ddgs` instead.
  with DDGS() as ddgs:
  SIKER: /geo-images/belgium/agri-haspengouw-fruit-belt.webp
[97] Keresés: Hageland Vineyards (belgium)
/home/borota25/Desktop/plizio/scripts/smart_poi_downloader_v2.py:56: RuntimeWarning: This package (`duckduckgo_search`) has been renamed to `ddgs`! Use `pip install ddgs` instead.
  with DDGS() as ddgs:
  SIKER: /geo-images/belgium/agri-hageland-vineyards.webp
[98] Keresés: Pajottenland Breweries (belgium)
/home/borota25/Desktop/plizio/scripts/smart_poi_downloader_v2.py:56: RuntimeWarning: This package (`duckduckgo_search`) has been renamed to `ddgs`! Use `pip install ddgs` instead.
  with DDGS() as ddgs:
  HIBA: Letöltés sikertelen.
[99] Keresés: Port of Ghent (belgium)
/home/borota25/Desktop/plizio/scripts/smart_poi_downloader_v2.py:56: RuntimeWarning: This package (`duckduckgo_search`) has been renamed to `ddgs`! Use `pip install ddgs` instead.
  with DDGS() as ddgs:
  SIKER: /geo-images/belgium/ind-port-of-ghent.webp
[100] Keresés: Port of Zeebrugge (belgium)
/home/borota25/Desktop/plizio/scripts/smart_poi_downloader_v2.py:56: RuntimeWarning: This package (`duckduckgo_search`) has been renamed to `ddgs`! Use `pip install ddgs` instead.
  with DDGS() as ddgs:
  SIKER: /geo-images/belgium/ind-port-of-zeebrugge.webp
[101] Keresés: Bobbejaanland (belgium)
/home/borota25/Desktop/plizio/scripts/smart_poi_downloader_v2.py:56: RuntimeWarning: This package (`duckduckgo_search`) has been renamed to `ddgs`! Use `pip install ddgs` instead.
  with DDGS() as ddgs:
  SIKER: /geo-images/belgium/kid-bobbejaanland.webp
[102] Keresés: Walibi Belgium (belgium)
/home/borota25/Desktop/plizio/scripts/smart_poi_downloader_v2.py:56: RuntimeWarning: This package (`duckduckgo_search`) has been renamed to `ddgs`! Use `pip install ddgs` instead.
  with DDGS() as ddgs:
  SIKER: /geo-images/belgium/kid-walibi-belgium.webp
[103] Keresés: Pairi Daiza (belgium)
/home/borota25/Desktop/plizio/scripts/smart_poi_downloader_v2.py:56: RuntimeWarning: This package (`duckduckgo_search`) has been renamed to `ddgs`! Use `pip install ddgs` instead.
  with DDGS() as ddgs:
  SIKER: /geo-images/belgium/kid-pairi-daiza.webp
[104] Keresés: Bellewaerde (belgium)
/home/borota25/Desktop/plizio/scripts/smart_poi_downloader_v2.py:56: RuntimeWarning: This package (`duckduckgo_search`) has been renamed to `ddgs`! Use `pip install ddgs` instead.
  with DDGS() as ddgs:
  SIKER: /geo-images/belgium/kid-bellewaerde.webp
[105] Keresés: Meuse River (belgium)
/home/borota25/Desktop/plizio/scripts/smart_poi_downloader_v2.py:56: RuntimeWarning: This package (`duckduckgo_search`) has been renamed to `ddgs`! Use `pip install ddgs` instead.
  with DDGS() as ddgs:
  SIKER: /geo-images/belgium/nat-meuse-river.webp
[106] Keresés: Ourthe Valley (belgium)
/home/borota25/Desktop/plizio/scripts/smart_poi_downloader_v2.py:56: RuntimeWarning: This package (`duckduckgo_search`) has been renamed to `ddgs`! Use `pip install ddgs` instead.
  with DDGS() as ddgs:
  SIKER: /geo-images/belgium/nat-ourthe.webp
[107] Keresés: Signal de Botrange (belgium)
/home/borota25/Desktop/plizio/scripts/smart_poi_downloader_v2.py:56: RuntimeWarning: This package (`duckduckgo_search`) has been renamed to `ddgs`! Use `pip install ddgs` instead.
  with DDGS() as ddgs:
  SIKER: /geo-images/belgium/nat-signal-botrange.webp
[108] Keresés: Semois Valley (belgium)
/home/borota25/Desktop/plizio/scripts/smart_poi_downloader_v2.py:56: RuntimeWarning: This package (`duckduckgo_search`) has been renamed to `ddgs`! Use `pip install ddgs` instead.
  with DDGS() as ddgs:
  SIKER: /geo-images/belgium/nat-semois-valley.webp
[109] Keresés: Ypres / Ieper (belgium)
/home/borota25/Desktop/plizio/scripts/smart_poi_downloader_v2.py:56: RuntimeWarning: This package (`duckduckgo_search`) has been renamed to `ddgs`! Use `pip install ddgs` instead.
  with DDGS() as ddgs:
  SIKER: /geo-images/belgium/hist-ypres.webp
[110] Keresés: Bastogne (belgium)
/home/borota25/Desktop/plizio/scripts/smart_poi_downloader_v2.py:56: RuntimeWarning: This package (`duckduckgo_search`) has been renamed to `ddgs`! Use `pip install ddgs` instead.
  with DDGS() as ddgs:
  SIKER: /geo-images/belgium/hist-bastogne.webp
[111] Keresés: Waterloo Battlefield (belgium)
/home/borota25/Desktop/plizio/scripts/smart_poi_downloader_v2.py:56: RuntimeWarning: This package (`duckduckgo_search`) has been renamed to `ddgs`! Use `pip install ddgs` instead.
  with DDGS() as ddgs:
  SIKER: /geo-images/belgium/hist-waterloo-1815.webp
[112] Keresés: Galeries Royales Saint-Hubert (belgium)
/home/borota25/Desktop/plizio/scripts/smart_poi_downloader_v2.py:56: RuntimeWarning: This package (`duckduckgo_search`) has been renamed to `ddgs`! Use `pip install ddgs` instead.
  with DDGS() as ddgs:
  SIKER: /geo-images/belgium/sight-galeries-stroom.webp
[113] Keresés: Spa (belgium)
/home/borota25/Desktop/plizio/scripts/smart_poi_downloader_v2.py:56: RuntimeWarning: This package (`duckduckgo_search`) has been renamed to `ddgs`! Use `pip install ddgs` instead.
  with DDGS() as ddgs:
  SIKER: /geo-images/belgium/sight-spa.webp
[114] Keresés: Choco-Story Bruges (belgium)
/home/borota25/Desktop/plizio/scripts/smart_poi_downloader_v2.py:56: RuntimeWarning: This package (`duckduckgo_search`) has been renamed to `ddgs`! Use `pip install ddgs` instead.
  with DDGS() as ddgs:
  SIKER: /geo-images/belgium/sight-chocolate-museum-bruges.webp
[115] Keresés: Antwerp (belgium)
/home/borota25/Desktop/plizio/scripts/smart_poi_downloader_v2.py:56: RuntimeWarning: This package (`duckduckgo_search`) has been renamed to `ddgs`! Use `pip install ddgs` instead.
  with DDGS() as ddgs:
  SIKER: /geo-images/belgium/city-antwerp.webp
[116] Keresés: Bruges (belgium)
/home/borota25/Desktop/plizio/scripts/smart_poi_downloader_v2.py:56: RuntimeWarning: This package (`duckduckgo_search`) has been renamed to `ddgs`! Use `pip install ddgs` instead.
  with DDGS() as ddgs:
  Keresési hiba (Bruges belgium landmark photo): https://duckduckgo.com/?q=Bruges+belgium+landmark+photo 202 Ratelimit
  !!! RATE LIMIT DETECTED !!! Várakozás 5 percig...
  Nincs találat.
[117] Keresés: Namur (belgium)
/home/borota25/Desktop/plizio/scripts/smart_poi_downloader_v2.py:56: RuntimeWarning: This package (`duckduckgo_search`) has been renamed to `ddgs`! Use `pip install ddgs` instead.
  with DDGS() as ddgs:
  SIKER: /geo-images/belgium/city-namur.webp

>>> Fájl: denmarkPoi.ts <<<
[118] Keresés: Roskilde (denmark)
/home/borota25/Desktop/plizio/scripts/smart_poi_downloader_v2.py:56: RuntimeWarning: This package (`duckduckgo_search`) has been renamed to `ddgs`! Use `pip install ddgs` instead.
  with DDGS() as ddgs:
  HIBA: Letöltés sikertelen.
[119] Keresés: Esbjerg (denmark)
/home/borota25/Desktop/plizio/scripts/smart_poi_downloader_v2.py:56: RuntimeWarning: This package (`duckduckgo_search`) has been renamed to `ddgs`! Use `pip install ddgs` instead.
  with DDGS() as ddgs:
  SIKER: /geo-images/denmark/esbjerg.webp
[120] Keresés: Viborg (denmark)
/home/borota25/Desktop/plizio/scripts/smart_poi_downloader_v2.py:56: RuntimeWarning: This package (`duckduckgo_search`) has been renamed to `ddgs`! Use `pip install ddgs` instead.
  with DDGS() as ddgs:
  SIKER: /geo-images/denmark/viborg.webp
[121] Keresés: Randers (denmark)
/home/borota25/Desktop/plizio/scripts/smart_poi_downloader_v2.py:56: RuntimeWarning: This package (`duckduckgo_search`) has been renamed to `ddgs`! Use `pip install ddgs` instead.
  with DDGS() as ddgs:
  SIKER: /geo-images/denmark/randers.webp
[122] Keresés: Silkeborg (denmark)
/home/borota25/Desktop/plizio/scripts/smart_poi_downloader_v2.py:56: RuntimeWarning: This package (`duckduckgo_search`) has been renamed to `ddgs`! Use `pip install ddgs` instead.
  with DDGS() as ddgs:
  SIKER: /geo-images/denmark/silkeborg.webp
[123] Keresés: Hillerød (denmark)
/home/borota25/Desktop/plizio/scripts/smart_poi_downloader_v2.py:56: RuntimeWarning: This package (`duckduckgo_search`) has been renamed to `ddgs`! Use `pip install ddgs` instead.
  with DDGS() as ddgs:
  Keresési hiba (Hillerød denmark landmark photo): https://duckduckgo.com/?q=Hiller%C3%B8d+denmark+landmark+photo 202 Ratelimit
  !!! RATE LIMIT DETECTED !!! Várakozás 5 percig...
  Nincs találat.
[124] Keresés: Kolding (denmark)
/home/borota25/Desktop/plizio/scripts/smart_poi_downloader_v2.py:56: RuntimeWarning: This package (`duckduckgo_search`) has been renamed to `ddgs`! Use `pip install ddgs` instead.
  with DDGS() as ddgs:
  Keresési hiba (Kolding denmark landmark photo): https://duckduckgo.com/?q=Kolding+denmark+landmark+photo 202 Ratelimit
  !!! RATE LIMIT DETECTED !!! Várakozás 5 percig...
  Nincs találat.
[125] Keresés: Frederikshavn (denmark)
/home/borota25/Desktop/plizio/scripts/smart_poi_downloader_v2.py:56: RuntimeWarning: This package (`duckduckgo_search`) has been renamed to `ddgs`! Use `pip install ddgs` instead.
  with DDGS() as ddgs:
  SIKER: /geo-images/denmark/frederikshavn.webp
[126] Keresés: Sønderborg (denmark)
/home/borota25/Desktop/plizio/scripts/smart_poi_downloader_v2.py:56: RuntimeWarning: This package (`duckduckgo_search`) has been renamed to `ddgs`! Use `pip install ddgs` instead.
  with DDGS() as ddgs:
  SIKER: /geo-images/denmark/sonderborg.webp
[127] Keresés: Holstebro (denmark)
/home/borota25/Desktop/plizio/scripts/smart_poi_downloader_v2.py:56: RuntimeWarning: This package (`duckduckgo_search`) has been renamed to `ddgs`! Use `pip install ddgs` instead.
  with DDGS() as ddgs:
  SIKER: /geo-images/denmark/holstebro.webp
[128] Keresés: Round Tower (denmark)
/home/borota25/Desktop/plizio/scripts/smart_poi_downloader_v2.py:56: RuntimeWarning: This package (`duckduckgo_search`) has been renamed to `ddgs`! Use `pip install ddgs` instead.
  with DDGS() as ddgs:
  Keresési hiba (Round Tower denmark landmark photo): https://duckduckgo.com/?q=Round+Tower+denmark+landmark+photo 202 Ratelimit
  !!! RATE LIMIT DETECTED !!! Várakozás 5 percig...
  Nincs találat.
[129] Keresés: Copenhagen Opera House (denmark)
/home/borota25/Desktop/plizio/scripts/smart_poi_downloader_v2.py:56: RuntimeWarning: This package (`duckduckgo_search`) has been renamed to `ddgs`! Use `pip install ddgs` instead.
  with DDGS() as ddgs:
  SIKER: /geo-images/denmark/copenhagen-opera-house.webp
[130] Keresés: Louisiana Museum of Modern Art (denmark)
/home/borota25/Desktop/plizio/scripts/smart_poi_downloader_v2.py:56: RuntimeWarning: This package (`duckduckgo_search`) has been renamed to `ddgs`! Use `pip install ddgs` instead.
  with DDGS() as ddgs:
  SIKER: /geo-images/denmark/louisiana-museum.webp
[131] Keresés: ARoS Aarhus Art Museum (denmark)
/home/borota25/Desktop/plizio/scripts/smart_poi_downloader_v2.py:56: RuntimeWarning: This package (`duckduckgo_search`) has been renamed to `ddgs`! Use `pip install ddgs` instead.
  with DDGS() as ddgs:
  SIKER: /geo-images/denmark/aros-aarhus-art-museum.webp
[132] Keresés: The Blue Planet (denmark)
/home/borota25/Desktop/plizio/scripts/smart_poi_downloader_v2.py:56: RuntimeWarning: This package (`duckduckgo_search`) has been renamed to `ddgs`! Use `pip install ddgs` instead.
  with DDGS() as ddgs:
  SIKER: /geo-images/denmark/blue-planet.webp
[133] Keresés: LEGO House (denmark)
/home/borota25/Desktop/plizio/scripts/smart_poi_downloader_v2.py:56: RuntimeWarning: This package (`duckduckgo_search`) has been renamed to `ddgs`! Use `pip install ddgs` instead.
  with DDGS() as ddgs:
  SIKER: /geo-images/denmark/lego-house.webp
[134] Keresés: Statens Museum for Kunst (denmark)
/home/borota25/Desktop/plizio/scripts/smart_poi_downloader_v2.py:56: RuntimeWarning: This package (`duckduckgo_search`) has been renamed to `ddgs`! Use `pip install ddgs` instead.
  with DDGS() as ddgs:
  SIKER: /geo-images/denmark/statens-museum-for-kunst.webp
[135] Keresés: Viking Ship Museum (denmark)
/home/borota25/Desktop/plizio/scripts/smart_poi_downloader_v2.py:56: RuntimeWarning: This package (`duckduckgo_search`) has been renamed to `ddgs`! Use `pip install ddgs` instead.
  with DDGS() as ddgs:
  SIKER: /geo-images/denmark/viking-ship-museum.webp
[136] Keresés: Port of Copenhagen (denmark)
/home/borota25/Desktop/plizio/scripts/smart_poi_downloader_v2.py:56: RuntimeWarning: This package (`duckduckgo_search`) has been renamed to `ddgs`! Use `pip install ddgs` instead.
  with DDGS() as ddgs:
  Keresési hiba (Port of Copenhagen denmark landmark photo): https://duckduckgo.com/?q=Port+of+Copenhagen+denmark+landmark+photo 202 Ratelimit
  !!! RATE LIMIT DETECTED !!! Várakozás 5 percig...
  Nincs találat.
[137] Keresés: Port of Aarhus (denmark)
/home/borota25/Desktop/plizio/scripts/smart_poi_downloader_v2.py:56: RuntimeWarning: This package (`duckduckgo_search`) has been renamed to `ddgs`! Use `pip install ddgs` instead.
  with DDGS() as ddgs:
  HIBA: Letöltés sikertelen.
[138] Keresés: Port of Esbjerg (denmark)
/home/borota25/Desktop/plizio/scripts/smart_poi_downloader_v2.py:56: RuntimeWarning: This package (`duckduckgo_search`) has been renamed to `ddgs`! Use `pip install ddgs` instead.
  with DDGS() as ddgs:
  SIKER: /geo-images/denmark/port-esbjerg.webp
[139] Keresés: Port of Frederikshavn (denmark)
/home/borota25/Desktop/plizio/scripts/smart_poi_downloader_v2.py:56: RuntimeWarning: This package (`duckduckgo_search`) has been renamed to `ddgs`! Use `pip install ddgs` instead.
  with DDGS() as ddgs:
  SIKER: /geo-images/denmark/port-frederikshavn.webp
[140] Keresés: Carlsberg Brewery (denmark)
/home/borota25/Desktop/plizio/scripts/smart_poi_downloader_v2.py:56: RuntimeWarning: This package (`duckduckgo_search`) has been renamed to `ddgs`! Use `pip install ddgs` instead.
  with DDGS() as ddgs:
  SIKER: /geo-images/denmark/carlsberg-brewery.webp
[141] Keresés: LEGO Factory Billund (denmark)
/home/borota25/Desktop/plizio/scripts/smart_poi_downloader_v2.py:56: RuntimeWarning: This package (`duckduckgo_search`) has been renamed to `ddgs`! Use `pip install ddgs` instead.
  with DDGS() as ddgs:
  SIKER: /geo-images/denmark/lego-factory-billund.webp
[142] Keresés: Jelling Monuments (denmark)
/home/borota25/Desktop/plizio/scripts/smart_poi_downloader_v2.py:56: RuntimeWarning: This package (`duckduckgo_search`) has been renamed to `ddgs`! Use `pip install ddgs` instead.
  with DDGS() as ddgs:
  SIKER: /geo-images/denmark/jelling-monuments.webp
[143] Keresés: Roskilde Cathedral (denmark)
/home/borota25/Desktop/plizio/scripts/smart_poi_downloader_v2.py:56: RuntimeWarning: This package (`duckduckgo_search`) has been renamed to `ddgs`! Use `pip install ddgs` instead.
  with DDGS() as ddgs:
  HIBA: Letöltés sikertelen.
[144] Keresés: Frederiksborg Castle (denmark)
/home/borota25/Desktop/plizio/scripts/smart_poi_downloader_v2.py:56: RuntimeWarning: This package (`duckduckgo_search`) has been renamed to `ddgs`! Use `pip install ddgs` instead.
  with DDGS() as ddgs:
  SIKER: /geo-images/denmark/frederiksborg-castle.webp
[145] Keresés: Koldinghus (denmark)
/home/borota25/Desktop/plizio/scripts/smart_poi_downloader_v2.py:56: RuntimeWarning: This package (`duckduckgo_search`) has been renamed to `ddgs`! Use `pip install ddgs` instead.
  with DDGS() as ddgs:
  SIKER: /geo-images/denmark/koldinghus.webp
[146] Keresés: Christiansfeld (denmark)
/home/borota25/Desktop/plizio/scripts/smart_poi_downloader_v2.py:56: RuntimeWarning: This package (`duckduckgo_search`) has been renamed to `ddgs`! Use `pip install ddgs` instead.
  with DDGS() as ddgs:
  SIKER: /geo-images/denmark/christiansfeld.webp
[147] Keresés: Dybbøl Banke (denmark)
/home/borota25/Desktop/plizio/scripts/smart_poi_downloader_v2.py:56: RuntimeWarning: This package (`duckduckgo_search`) has been renamed to `ddgs`! Use `pip install ddgs` instead.
  with DDGS() as ddgs:
  SIKER: /geo-images/denmark/dybbol-banke.webp
[148] Keresés: Trelleborg Viking Fortress (denmark)
/home/borota25/Desktop/plizio/scripts/smart_poi_downloader_v2.py:56: RuntimeWarning: This package (`duckduckgo_search`) has been renamed to `ddgs`! Use `pip install ddgs` instead.
  with DDGS() as ddgs:
  Keresési hiba (Trelleborg Viking Fortress denmark landmark photo): https://duckduckgo.com/?q=Trelleborg+Viking+Fortress+denmark+landmark+photo 202 Ratelimit
  !!! RATE LIMIT DETECTED !!! Várakozás 5 percig...
  Nincs találat.
[149] Keresés: Egeskov Castle (denmark)
/home/borota25/Desktop/plizio/scripts/smart_poi_downloader_v2.py:56: RuntimeWarning: This package (`duckduckgo_search`) has been renamed to `ddgs`! Use `pip install ddgs` instead.
  with DDGS() as ddgs:
  SIKER: /geo-images/denmark/egeskov-castle.webp
[150] Keresés: Møllehøj (denmark)
/home/borota25/Desktop/plizio/scripts/smart_poi_downloader_v2.py:56: RuntimeWarning: This package (`duckduckgo_search`) has been renamed to `ddgs`! Use `pip install ddgs` instead.
  with DDGS() as ddgs:
  SIKER: /geo-images/denmark/mollehoj.webp
[151] Keresés: Himmelbjerget (denmark)
/home/borota25/Desktop/plizio/scripts/smart_poi_downloader_v2.py:56: RuntimeWarning: This package (`duckduckgo_search`) has been renamed to `ddgs`! Use `pip install ddgs` instead.
  with DDGS() as ddgs:
  SIKER: /geo-images/denmark/himmelbjerget.webp
[152] Keresés: Arresø (denmark)
/home/borota25/Desktop/plizio/scripts/smart_poi_downloader_v2.py:56: RuntimeWarning: This package (`duckduckgo_search`) has been renamed to `ddgs`! Use `pip install ddgs` instead.
  with DDGS() as ddgs:
  Keresési hiba (Arresø denmark landmark photo): https://duckduckgo.com/?q=Arres%C3%B8+denmark+landmark+photo 202 Ratelimit
  !!! RATE LIMIT DETECTED !!! Várakozás 5 percig...
  Nincs találat.
[153] Keresés: Furesø (denmark)
/home/borota25/Desktop/plizio/scripts/smart_poi_downloader_v2.py:56: RuntimeWarning: This package (`duckduckgo_search`) has been renamed to `ddgs`! Use `pip install ddgs` instead.
  with DDGS() as ddgs:
  SIKER: /geo-images/denmark/fureso.webp
[154] Keresés: Gudenå (denmark)
/home/borota25/Desktop/plizio/scripts/smart_poi_downloader_v2.py:56: RuntimeWarning: This package (`duckduckgo_search`) has been renamed to `ddgs`! Use `pip install ddgs` instead.
  with DDGS() as ddgs:
  SIKER: /geo-images/denmark/gudenaen.webp
[155] Keresés: Skjern Å (denmark)
/home/borota25/Desktop/plizio/scripts/smart_poi_downloader_v2.py:56: RuntimeWarning: This package (`duckduckgo_search`) has been renamed to `ddgs`! Use `pip install ddgs` instead.
  with DDGS() as ddgs:
  SIKER: /geo-images/denmark/skjern-aa.webp
[156] Keresés: Ærø (denmark)
/home/borota25/Desktop/plizio/scripts/smart_poi_downloader_v2.py:56: RuntimeWarning: This package (`duckduckgo_search`) has been renamed to `ddgs`! Use `pip install ddgs` instead.
  with DDGS() as ddgs:
  SIKER: /geo-images/denmark/aero.webp
[157] Keresés: Gribskov (denmark)
/home/borota25/Desktop/plizio/scripts/smart_poi_downloader_v2.py:56: RuntimeWarning: This package (`duckduckgo_search`) has been renamed to `ddgs`! Use `pip install ddgs` instead.
  with DDGS() as ddgs:
  SIKER: /geo-images/denmark/gribskov.webp

>>> Fájl: finlandPoi.ts <<<
[158] Keresés: Vantaa (finland)
/home/borota25/Desktop/plizio/scripts/smart_poi_downloader_v2.py:56: RuntimeWarning: This package (`duckduckgo_search`) has been renamed to `ddgs`! Use `pip install ddgs` instead.
  with DDGS() as ddgs:
  Keresési hiba (Vantaa finland landmark photo): https://duckduckgo.com/?q=Vantaa+finland+landmark+photo 202 Ratelimit
  !!! RATE LIMIT DETECTED !!! Várakozás 5 percig...
  Nincs találat.
[159] Keresés: Lahti (finland)
/home/borota25/Desktop/plizio/scripts/smart_poi_downloader_v2.py:56: RuntimeWarning: This package (`duckduckgo_search`) has been renamed to `ddgs`! Use `pip install ddgs` instead.
  with DDGS() as ddgs:
  SIKER: /geo-images/finland/city-lahti.webp
[160] Keresés: Jyväskylä (finland)
/home/borota25/Desktop/plizio/scripts/smart_poi_downloader_v2.py:56: RuntimeWarning: This package (`duckduckgo_search`) has been renamed to `ddgs`! Use `pip install ddgs` instead.
  with DDGS() as ddgs:
  SIKER: /geo-images/finland/city-jyvaskyla.webp
[161] Keresés: Kuopio (finland)
/home/borota25/Desktop/plizio/scripts/smart_poi_downloader_v2.py:56: RuntimeWarning: This package (`duckduckgo_search`) has been renamed to `ddgs`! Use `pip install ddgs` instead.
  with DDGS() as ddgs:
  SIKER: /geo-images/finland/city-kuopio.webp
[162] Keresés: Joensuu (finland)
/home/borota25/Desktop/plizio/scripts/smart_poi_downloader_v2.py:56: RuntimeWarning: This package (`duckduckgo_search`) has been renamed to `ddgs`! Use `pip install ddgs` instead.
  with DDGS() as ddgs:
  SIKER: /geo-images/finland/city-joensuu.webp
[163] Keresés: Vaasa (finland)
/home/borota25/Desktop/plizio/scripts/smart_poi_downloader_v2.py:56: RuntimeWarning: This package (`duckduckgo_search`) has been renamed to `ddgs`! Use `pip install ddgs` instead.
  with DDGS() as ddgs:
  SIKER: /geo-images/finland/city-vaasa.webp
[164] Keresés: Porvoo (finland)
/home/borota25/Desktop/plizio/scripts/smart_poi_downloader_v2.py:56: RuntimeWarning: This package (`duckduckgo_search`) has been renamed to `ddgs`! Use `pip install ddgs` instead.
  with DDGS() as ddgs:
  SIKER: /geo-images/finland/city-porvoo.webp
[165] Keresés: Lappeenranta (finland)
/home/borota25/Desktop/plizio/scripts/smart_poi_downloader_v2.py:56: RuntimeWarning: This package (`duckduckgo_search`) has been renamed to `ddgs`! Use `pip install ddgs` instead.
  with DDGS() as ddgs:
  SIKER: /geo-images/finland/city-lappeenranta.webp
[166] Keresés: Kotka (finland)
/home/borota25/Desktop/plizio/scripts/smart_poi_downloader_v2.py:56: RuntimeWarning: This package (`duckduckgo_search`) has been renamed to `ddgs`! Use `pip install ddgs` instead.
  with DDGS() as ddgs:
  Keresési hiba (Kotka finland landmark photo): https://duckduckgo.com/?q=Kotka+finland+landmark+photo 202 Ratelimit
  !!! RATE LIMIT DETECTED !!! Várakozás 5 percig...
  Nincs találat.
[167] Keresés: Rovaniemi (finland)
/home/borota25/Desktop/plizio/scripts/smart_poi_downloader_v2.py:56: RuntimeWarning: This package (`duckduckgo_search`) has been renamed to `ddgs`! Use `pip install ddgs` instead.
  with DDGS() as ddgs:
  SIKER: /geo-images/finland/city-rovaniemi.webp
[168] Keresés: Suomenlinna Fortress (finland)
/home/borota25/Desktop/plizio/scripts/smart_poi_downloader_v2.py:56: RuntimeWarning: This package (`duckduckgo_search`) has been renamed to `ddgs`! Use `pip install ddgs` instead.
  with DDGS() as ddgs:
  Keresési hiba (Suomenlinna Fortress finland landmark photo): https://duckduckgo.com/?q=Suomenlinna+Fortress+finland+landmark+photo 202 Ratelimit
  !!! RATE LIMIT DETECTED !!! Várakozás 5 percig...
  Nincs találat.
[169] Keresés: Santa Claus Village Rovaniemi (finland)
/home/borota25/Desktop/plizio/scripts/smart_poi_downloader_v2.py:56: RuntimeWarning: This package (`duckduckgo_search`) has been renamed to `ddgs`! Use `pip install ddgs` instead.
  with DDGS() as ddgs:
  SIKER: /geo-images/finland/cult-rovaniemi-santa.webp
[170] Keresés: Sibelius Park and Monument (finland)
/home/borota25/Desktop/plizio/scripts/smart_poi_downloader_v2.py:56: RuntimeWarning: This package (`duckduckgo_search`) has been renamed to `ddgs`! Use `pip install ddgs` instead.
  with DDGS() as ddgs:
  SIKER: /geo-images/finland/cult-sibelius.webp
[171] Keresés: Helsinki Design District (finland)
/home/borota25/Desktop/plizio/scripts/smart_poi_downloader_v2.py:56: RuntimeWarning: This package (`duckduckgo_search`) has been renamed to `ddgs`! Use `pip install ddgs` instead.
  with DDGS() as ddgs:
  Keresési hiba (Helsinki Design District finland landmark photo): https://duckduckgo.com/?q=Helsinki+Design+District+finland+landmark+photo 202 Ratelimit
  !!! RATE LIMIT DETECTED !!! Várakozás 5 percig...
  Nincs találat.
[172] Keresés: Häme Castle (finland)
/home/borota25/Desktop/plizio/scripts/smart_poi_downloader_v2.py:56: RuntimeWarning: This package (`duckduckgo_search`) has been renamed to `ddgs`! Use `pip install ddgs` instead.
  with DDGS() as ddgs:
  SIKER: /geo-images/finland/hist-hame-castle.webp
[173] Keresés: Old Rauma (finland)
/home/borota25/Desktop/plizio/scripts/smart_poi_downloader_v2.py:56: RuntimeWarning: This package (`duckduckgo_search`) has been renamed to `ddgs`! Use `pip install ddgs` instead.
  with DDGS() as ddgs:
  Keresési hiba (Old Rauma finland landmark photo): https://duckduckgo.com/?q=Old+Rauma+finland+landmark+photo 202 Ratelimit
  !!! RATE LIMIT DETECTED !!! Várakozás 5 percig...
  Nincs találat.
[174] Keresés: Petäjävesi Old Church (finland)
/home/borota25/Desktop/plizio/scripts/smart_poi_downloader_v2.py:56: RuntimeWarning: This package (`duckduckgo_search`) has been renamed to `ddgs`! Use `pip install ddgs` instead.
  with DDGS() as ddgs:
  HIBA: Letöltés sikertelen.
[175] Keresés: Sammallahdenmäki (finland)
/home/borota25/Desktop/plizio/scripts/smart_poi_downloader_v2.py:56: RuntimeWarning: This package (`duckduckgo_search`) has been renamed to `ddgs`! Use `pip install ddgs` instead.
  with DDGS() as ddgs:
  SIKER: /geo-images/finland/hist-sammallahdenmaki.webp
[176] Keresés: Tali-Ihantala (finland)
/home/borota25/Desktop/plizio/scripts/smart_poi_downloader_v2.py:56: RuntimeWarning: This package (`duckduckgo_search`) has been renamed to `ddgs`! Use `pip install ddgs` instead.
  with DDGS() as ddgs:
  SIKER: /geo-images/finland/hist-tali-ihantala.webp
[177] Keresés: Salpa Line Museum (finland)
/home/borota25/Desktop/plizio/scripts/smart_poi_downloader_v2.py:56: RuntimeWarning: This package (`duckduckgo_search`) has been renamed to `ddgs`! Use `pip install ddgs` instead.
  with DDGS() as ddgs:
  SIKER: /geo-images/finland/hist-salpa-line-museum.webp
[178] Keresés: Langinkoski Imperial Fishing Lodge (finland)
/home/borota25/Desktop/plizio/scripts/smart_poi_downloader_v2.py:56: RuntimeWarning: This package (`duckduckgo_search`) has been renamed to `ddgs`! Use `pip install ddgs` instead.
  with DDGS() as ddgs:
  SIKER: /geo-images/finland/hist-langinkoski-imperial-lodge.webp
[179] Keresés: Bomarsund Fortress (finland)
/home/borota25/Desktop/plizio/scripts/smart_poi_downloader_v2.py:56: RuntimeWarning: This package (`duckduckgo_search`) has been renamed to `ddgs`! Use `pip install ddgs` instead.
  with DDGS() as ddgs:
  SIKER: /geo-images/finland/hist-bomarsund-fortress.webp
[180] Keresés: Temppeliaukio Church (finland)
/home/borota25/Desktop/plizio/scripts/smart_poi_downloader_v2.py:56: RuntimeWarning: This package (`duckduckgo_search`) has been renamed to `ddgs`! Use `pip install ddgs` instead.
  with DDGS() as ddgs:
  SIKER: /geo-images/finland/landmark-temppeliaukio-church.webp
[181] Keresés: Oodi Library (finland)
/home/borota25/Desktop/plizio/scripts/smart_poi_downloader_v2.py:56: RuntimeWarning: This package (`duckduckgo_search`) has been renamed to `ddgs`! Use `pip install ddgs` instead.
  with DDGS() as ddgs:
  Keresési hiba (Oodi Library finland landmark photo): https://duckduckgo.com/?q=Oodi+Library+finland+landmark+photo 202 Ratelimit
  !!! RATE LIMIT DETECTED !!! Várakozás 5 percig...
  Nincs találat.
[182] Keresés: Helsinki Central Station (finland)
/home/borota25/Desktop/plizio/scripts/smart_poi_downloader_v2.py:56: RuntimeWarning: This package (`duckduckgo_search`) has been renamed to `ddgs`! Use `pip install ddgs` instead.
  with DDGS() as ddgs:
  SIKER: /geo-images/finland/landmark-helsinki-central-station.webp
[183] Keresés: Ateneum (finland)
/home/borota25/Desktop/plizio/scripts/smart_poi_downloader_v2.py:56: RuntimeWarning: This package (`duckduckgo_search`) has been renamed to `ddgs`! Use `pip install ddgs` instead.
  with DDGS() as ddgs:
  SIKER: /geo-images/finland/landmark-ateneum.webp
[184] Keresés: National Museum of Finland (finland)
/home/borota25/Desktop/plizio/scripts/smart_poi_downloader_v2.py:56: RuntimeWarning: This package (`duckduckgo_search`) has been renamed to `ddgs`! Use `pip install ddgs` instead.
  with DDGS() as ddgs:
  SIKER: /geo-images/finland/landmark-national-museum.webp
[185] Keresés: Finlandia Hall (finland)
/home/borota25/Desktop/plizio/scripts/smart_poi_downloader_v2.py:56: RuntimeWarning: This package (`duckduckgo_search`) has been renamed to `ddgs`! Use `pip install ddgs` instead.
  with DDGS() as ddgs:
  SIKER: /geo-images/finland/landmark-finlandia-hall.webp
[186] Keresés: Uspenski Cathedral (finland)
/home/borota25/Desktop/plizio/scripts/smart_poi_downloader_v2.py:56: RuntimeWarning: This package (`duckduckgo_search`) has been renamed to `ddgs`! Use `pip install ddgs` instead.
  with DDGS() as ddgs:
  SIKER: /geo-images/finland/landmark-uspenski-cathedral.webp
[187] Keresés: Amos Rex (finland)
/home/borota25/Desktop/plizio/scripts/smart_poi_downloader_v2.py:56: RuntimeWarning: This package (`duckduckgo_search`) has been renamed to `ddgs`! Use `pip install ddgs` instead.
  with DDGS() as ddgs:
  SIKER: /geo-images/finland/landmark-amos-rex.webp
[188] Keresés: Port of Helsinki (finland)
/home/borota25/Desktop/plizio/scripts/smart_poi_downloader_v2.py:56: RuntimeWarning: This package (`duckduckgo_search`) has been renamed to `ddgs`! Use `pip install ddgs` instead.
  with DDGS() as ddgs:
  SIKER: /geo-images/finland/port-helsinki.webp
[189] Keresés: Port of Turku (finland)
/home/borota25/Desktop/plizio/scripts/smart_poi_downloader_v2.py:56: RuntimeWarning: This package (`duckduckgo_search`) has been renamed to `ddgs`! Use `pip install ddgs` instead.
  with DDGS() as ddgs:
  SIKER: /geo-images/finland/port-turku.webp
[190] Keresés: Port of Kotka (finland)
/home/borota25/Desktop/plizio/scripts/smart_poi_downloader_v2.py:56: RuntimeWarning: This package (`duckduckgo_search`) has been renamed to `ddgs`! Use `pip install ddgs` instead.
  with DDGS() as ddgs:
  SIKER: /geo-images/finland/port-kotka.webp
[191] Keresés: Port of Hanko (finland)
/home/borota25/Desktop/plizio/scripts/smart_poi_downloader_v2.py:56: RuntimeWarning: This package (`duckduckgo_search`) has been renamed to `ddgs`! Use `pip install ddgs` instead.
  with DDGS() as ddgs:
  SIKER: /geo-images/finland/port-hanko.webp
[192] Keresés: Neste Porvoo Refinery (finland)
/home/borota25/Desktop/plizio/scripts/smart_poi_downloader_v2.py:56: RuntimeWarning: This package (`duckduckgo_search`) has been renamed to `ddgs`! Use `pip install ddgs` instead.
  with DDGS() as ddgs:
  SIKER: /geo-images/finland/industry-neste-porvoo-refinery.webp
[193] Keresés: Äänekoski Bioproduct Mill (finland)
/home/borota25/Desktop/plizio/scripts/smart_poi_downloader_v2.py:56: RuntimeWarning: This package (`duckduckgo_search`) has been renamed to `ddgs`! Use `pip install ddgs` instead.
  with DDGS() as ddgs:
  SIKER: /geo-images/finland/industry-aanekoski-bioproduct-mill.webp
[194] Keresés: Halti (finland)
/home/borota25/Desktop/plizio/scripts/smart_poi_downloader_v2.py:56: RuntimeWarning: This package (`duckduckgo_search`) has been renamed to `ddgs`! Use `pip install ddgs` instead.
  with DDGS() as ddgs:
  SIKER: /geo-images/finland/nat-halti.webp
[195] Keresés: Saana (finland)
/home/borota25/Desktop/plizio/scripts/smart_poi_downloader_v2.py:56: RuntimeWarning: This package (`duckduckgo_search`) has been renamed to `ddgs`! Use `pip install ddgs` instead.
  with DDGS() as ddgs:
  SIKER: /geo-images/finland/nat-saana.webp
[196] Keresés: Saimaa (finland)
/home/borota25/Desktop/plizio/scripts/smart_poi_downloader_v2.py:56: RuntimeWarning: This package (`duckduckgo_search`) has been renamed to `ddgs`! Use `pip install ddgs` instead.
  with DDGS() as ddgs:
  SIKER: /geo-images/finland/nat-saimaa.webp
[197] Keresés: Lake Inari (finland)
/home/borota25/Desktop/plizio/scripts/smart_poi_downloader_v2.py:56: RuntimeWarning: This package (`duckduckgo_search`) has been renamed to `ddgs`! Use `pip install ddgs` instead.
  with DDGS() as ddgs:
  SIKER: /geo-images/finland/nat-inari.webp
[198] Keresés: Kemijoki River (finland)
/home/borota25/Desktop/plizio/scripts/smart_poi_downloader_v2.py:56: RuntimeWarning: This package (`duckduckgo_search`) has been renamed to `ddgs`! Use `pip install ddgs` instead.
  with DDGS() as ddgs:
  SIKER: /geo-images/finland/nat-kemijoki.webp
[199] Keresés: Oulujoki River (finland)
/home/borota25/Desktop/plizio/scripts/smart_poi_downloader_v2.py:56: RuntimeWarning: This package (`duckduckgo_search`) has been renamed to `ddgs`! Use `pip install ddgs` instead.
  with DDGS() as ddgs:
  SIKER: /geo-images/finland/nat-oulujoki.webp
[200] Keresés: Kvarken Archipelago (finland)
/home/borota25/Desktop/plizio/scripts/smart_poi_downloader_v2.py:56: RuntimeWarning: This package (`duckduckgo_search`) has been renamed to `ddgs`! Use `pip install ddgs` instead.
  with DDGS() as ddgs:
  Keresési hiba (Kvarken Archipelago finland landmark photo): https://duckduckgo.com/?q=Kvarken+Archipelago+finland+landmark+photo 202 Ratelimit
  !!! RATE LIMIT DETECTED !!! Várakozás 5 percig...
  Nincs találat.
[201] Keresés: Nuuksio Forest (finland)
/home/borota25/Desktop/plizio/scripts/smart_poi_downloader_v2.py:56: RuntimeWarning: This package (`duckduckgo_search`) has been renamed to `ddgs`! Use `pip install ddgs` instead.
  with DDGS() as ddgs:
  SIKER: /geo-images/finland/nat-nuuksio-forest.webp
[202] Keresés: Midnight Sun at Lake Inari (finland)
/home/borota25/Desktop/plizio/scripts/smart_poi_downloader_v2.py:56: RuntimeWarning: This package (`duckduckgo_search`) has been renamed to `ddgs`! Use `pip install ddgs` instead.
  with DDGS() as ddgs:
  SIKER: /geo-images/finland/nat-midnight-sun.webp
[203] Keresés: Mariehamn (finland)
/home/borota25/Desktop/plizio/scripts/smart_poi_downloader_v2.py:56: RuntimeWarning: This package (`duckduckgo_search`) has been renamed to `ddgs`! Use `pip install ddgs` instead.
  with DDGS() as ddgs:
  SIKER: /geo-images/finland/city-mariehamn.webp
[204] Keresés: Lohja (finland)
/home/borota25/Desktop/plizio/scripts/smart_poi_downloader_v2.py:56: RuntimeWarning: This package (`duckduckgo_search`) has been renamed to `ddgs`! Use `pip install ddgs` instead.
  with DDGS() as ddgs:
  SIKER: /geo-images/finland/city-lohja.webp
[205] Keresés: Naantali (finland)
/home/borota25/Desktop/plizio/scripts/smart_poi_downloader_v2.py:56: RuntimeWarning: This package (`duckduckgo_search`) has been renamed to `ddgs`! Use `pip install ddgs` instead.
  with DDGS() as ddgs:
  Letöltési hiba: ('Connection aborted.', ConnectionResetError(104, 'Connection reset by peer'))
  HIBA: Letöltés sikertelen.
[206] Keresés: Rauma (finland)
/home/borota25/Desktop/plizio/scripts/smart_poi_downloader_v2.py:56: RuntimeWarning: This package (`duckduckgo_search`) has been renamed to `ddgs`! Use `pip install ddgs` instead.
  with DDGS() as ddgs:
  SIKER: /geo-images/finland/city-rauma.webp
[207] Keresés: Pori (finland)
/home/borota25/Desktop/plizio/scripts/smart_poi_downloader_v2.py:56: RuntimeWarning: This package (`duckduckgo_search`) has been renamed to `ddgs`! Use `pip install ddgs` instead.
  with DDGS() as ddgs:
  SIKER: /geo-images/finland/city-pori.webp
[208] Keresés: Forssa (finland)
/home/borota25/Desktop/plizio/scripts/smart_poi_downloader_v2.py:56: RuntimeWarning: This package (`duckduckgo_search`) has been renamed to `ddgs`! Use `pip install ddgs` instead.
  with DDGS() as ddgs:
  SIKER: /geo-images/finland/city-forssa.webp
[209] Keresés: Riihimaki (finland)
/home/borota25/Desktop/plizio/scripts/smart_poi_downloader_v2.py:56: RuntimeWarning: This package (`duckduckgo_search`) has been renamed to `ddgs`! Use `pip install ddgs` instead.
  with DDGS() as ddgs:
  SIKER: /geo-images/finland/city-riihimaki.webp
[210] Keresés: Valkeakoski (finland)
/home/borota25/Desktop/plizio/scripts/smart_poi_downloader_v2.py:56: RuntimeWarning: This package (`duckduckgo_search`) has been renamed to `ddgs`! Use `pip install ddgs` instead.
  with DDGS() as ddgs:
  SIKER: /geo-images/finland/city-valkeakoski.webp
[211] Keresés: Heinola (finland)
/home/borota25/Desktop/plizio/scripts/smart_poi_downloader_v2.py:56: RuntimeWarning: This package (`duckduckgo_search`) has been renamed to `ddgs`! Use `pip install ddgs` instead.
  with DDGS() as ddgs:
  SIKER: /geo-images/finland/city-heinola.webp
[212] Keresés: Mikkeli (finland)
/home/borota25/Desktop/plizio/scripts/smart_poi_downloader_v2.py:56: RuntimeWarning: This package (`duckduckgo_search`) has been renamed to `ddgs`! Use `pip install ddgs` instead.
  with DDGS() as ddgs:
  SIKER: /geo-images/finland/city-mikkeli.webp
[213] Keresés: Savonlinna (finland)
/home/borota25/Desktop/plizio/scripts/smart_poi_downloader_v2.py:56: RuntimeWarning: This package (`duckduckgo_search`) has been renamed to `ddgs`! Use `pip install ddgs` instead.
  with DDGS() as ddgs:
  SIKER: /geo-images/finland/city-savonlinna.webp
[214] Keresés: Iisalmi (finland)
/home/borota25/Desktop/plizio/scripts/smart_poi_downloader_v2.py:56: RuntimeWarning: This package (`duckduckgo_search`) has been renamed to `ddgs`! Use `pip install ddgs` instead.
  with DDGS() as ddgs:
  SIKER: /geo-images/finland/city-iisalmi.webp
[215] Keresés: Varkaus (finland)
/home/borota25/Desktop/plizio/scripts/smart_poi_downloader_v2.py:56: RuntimeWarning: This package (`duckduckgo_search`) has been renamed to `ddgs`! Use `pip install ddgs` instead.
  with DDGS() as ddgs:
  SIKER: /geo-images/finland/city-varkaus.webp
[216] Keresés: Imatra (finland)
/home/borota25/Desktop/plizio/scripts/smart_poi_downloader_v2.py:56: RuntimeWarning: This package (`duckduckgo_search`) has been renamed to `ddgs`! Use `pip install ddgs` instead.
  with DDGS() as ddgs:
  SIKER: /geo-images/finland/city-imatra.webp
[217] Keresés: Nurmes (finland)
/home/borota25/Desktop/plizio/scripts/smart_poi_downloader_v2.py:56: RuntimeWarning: This package (`duckduckgo_search`) has been renamed to `ddgs`! Use `pip install ddgs` instead.
  with DDGS() as ddgs:
  SIKER: /geo-images/finland/city-nurmes.webp
[218] Keresés: Linnanmaki (finland)
/home/borota25/Desktop/plizio/scripts/smart_poi_downloader_v2.py:56: RuntimeWarning: This package (`duckduckgo_search`) has been renamed to `ddgs`! Use `pip install ddgs` instead.
  with DDGS() as ddgs:
  SIKER: /geo-images/finland/kid-linnanmaki.webp
[219] Keresés: Turku Cathedral (finland)
/home/borota25/Desktop/plizio/scripts/smart_poi_downloader_v2.py:56: RuntimeWarning: This package (`duckduckgo_search`) has been renamed to `ddgs`! Use `pip install ddgs` instead.
  with DDGS() as ddgs:
  SIKER: /geo-images/finland/historical-turun-cathedral.webp
[220] Keresés: Sarkanniemi (finland)
/home/borota25/Desktop/plizio/scripts/smart_poi_downloader_v2.py:56: RuntimeWarning: This package (`duckduckgo_search`) has been renamed to `ddgs`! Use `pip install ddgs` instead.
  with DDGS() as ddgs:
  Keresési hiba (Sarkanniemi finland landmark photo): https://duckduckgo.com/?q=Sarkanniemi+finland+landmark+photo 202 Ratelimit
  !!! RATE LIMIT DETECTED !!! Várakozás 5 percig...
  Nincs találat.
[221] Keresés: Lappeenranta Fortress (finland)
/home/borota25/Desktop/plizio/scripts/smart_poi_downloader_v2.py:56: RuntimeWarning: This package (`duckduckgo_search`) has been renamed to `ddgs`! Use `pip install ddgs` instead.
  with DDGS() as ddgs:
  SIKER: /geo-images/finland/historical-lappeenranta-fortress.webp
[222] Keresés: Hamina Fortress (finland)
/home/borota25/Desktop/plizio/scripts/smart_poi_downloader_v2.py:56: RuntimeWarning: This package (`duckduckgo_search`) has been renamed to `ddgs`! Use `pip install ddgs` instead.
  with DDGS() as ddgs:
  SIKER: /geo-images/finland/historical-hamina-fortress.webp
[223] Keresés: Maretarium Kotka (finland)
/home/borota25/Desktop/plizio/scripts/smart_poi_downloader_v2.py:56: RuntimeWarning: This package (`duckduckgo_search`) has been renamed to `ddgs`! Use `pip install ddgs` instead.
  with DDGS() as ddgs:
  SIKER: /geo-images/finland/kid-maretarium-kotka.webp
[224] Keresés: Kallavesi (finland)
/home/borota25/Desktop/plizio/scripts/smart_poi_downloader_v2.py:56: RuntimeWarning: This package (`duckduckgo_search`) has been renamed to `ddgs`! Use `pip install ddgs` instead.
  with DDGS() as ddgs:
  SIKER: /geo-images/finland/natural-lake-kallavesi.webp
[225] Keresés: Pielinen (finland)
/home/borota25/Desktop/plizio/scripts/smart_poi_downloader_v2.py:56: RuntimeWarning: This package (`duckduckgo_search`) has been renamed to `ddgs`! Use `pip install ddgs` instead.
  with DDGS() as ddgs:
  SIKER: /geo-images/finland/natural-lake-pielinen.webp
[226] Keresés: Alvar Aalto Museum (finland)
/home/borota25/Desktop/plizio/scripts/smart_poi_downloader_v2.py:56: RuntimeWarning: This package (`duckduckgo_search`) has been renamed to `ddgs`! Use `pip install ddgs` instead.
  with DDGS() as ddgs:
  SIKER: /geo-images/finland/historical-alvar-aalto-museum.webp
[227] Keresés: Lake Paijanne (finland)
/home/borota25/Desktop/plizio/scripts/smart_poi_downloader_v2.py:56: RuntimeWarning: This package (`duckduckgo_search`) has been renamed to `ddgs`! Use `pip install ddgs` instead.
  with DDGS() as ddgs:
  SIKER: /geo-images/finland/natural-lake-paijanne.webp
[228] Keresés: Atria Seinajoki (finland)
/home/borota25/Desktop/plizio/scripts/smart_poi_downloader_v2.py:56: RuntimeWarning: This package (`duckduckgo_search`) has been renamed to `ddgs`! Use `pip install ddgs` instead.
  with DDGS() as ddgs:
  SIKER: /geo-images/finland/industry-atria-seinajoki.webp
[229] Keresés: Kauhava Agricultural Plains (finland)
/home/borota25/Desktop/plizio/scripts/smart_poi_downloader_v2.py:56: RuntimeWarning: This package (`duckduckgo_search`) has been renamed to `ddgs`! Use `pip install ddgs` instead.
  with DDGS() as ddgs:
  SIKER: /geo-images/finland/agriculture-kauhava-potato-plains.webp
[230] Keresés: Vaasa Energy Hub (finland)
/home/borota25/Desktop/plizio/scripts/smart_poi_downloader_v2.py:56: RuntimeWarning: This package (`duckduckgo_search`) has been renamed to `ddgs`! Use `pip install ddgs` instead.
  with DDGS() as ddgs:
  SIKER: /geo-images/finland/industry-vaasa-energy-hub.webp
[231] Keresés: Kvarken Archipelago (finland)
/home/borota25/Desktop/plizio/scripts/smart_poi_downloader_v2.py:56: RuntimeWarning: This package (`duckduckgo_search`) has been renamed to `ddgs`! Use `pip install ddgs` instead.
  with DDGS() as ddgs:
  SIKER: /geo-images/finland/natural-kvarken-islands.webp
[232] Keresés: Neristan (finland)
/home/borota25/Desktop/plizio/scripts/smart_poi_downloader_v2.py:56: RuntimeWarning: This package (`duckduckgo_search`) has been renamed to `ddgs`! Use `pip install ddgs` instead.
  with DDGS() as ddgs:
  Keresési hiba (Neristan finland landmark photo): https://duckduckgo.com/?q=Neristan+finland+landmark+photo 202 Ratelimit
  !!! RATE LIMIT DETECTED !!! Várakozás 5 percig...
  Nincs találat.
[233] Keresés: Kaustinen Folk Music Centre (finland)
/home/borota25/Desktop/plizio/scripts/smart_poi_downloader_v2.py:56: RuntimeWarning: This package (`duckduckgo_search`) has been renamed to `ddgs`! Use `pip install ddgs` instead.
  with DDGS() as ddgs:
  SIKER: /geo-images/finland/historical-kaustinen-folk-music-centre.webp
[234] Keresés: Lahti Brewery (finland)
/home/borota25/Desktop/plizio/scripts/smart_poi_downloader_v2.py:56: RuntimeWarning: This package (`duckduckgo_search`) has been renamed to `ddgs`! Use `pip install ddgs` instead.
  with DDGS() as ddgs:
  SIKER: /geo-images/finland/industry-lahti-brewery.webp
[235] Keresés: Oulujoki (finland)
/home/borota25/Desktop/plizio/scripts/smart_poi_downloader_v2.py:56: RuntimeWarning: This package (`duckduckgo_search`) has been renamed to `ddgs`! Use `pip install ddgs` instead.
  with DDGS() as ddgs:
  SIKER: /geo-images/finland/natural-river-oulujoki.webp
[236] Keresés: Raahe Steel Works (finland)
/home/borota25/Desktop/plizio/scripts/smart_poi_downloader_v2.py:56: RuntimeWarning: This package (`duckduckgo_search`) has been renamed to `ddgs`! Use `pip install ddgs` instead.
  with DDGS() as ddgs:
  SIKER: /geo-images/finland/industry-raahe-steel-works.webp
[237] Keresés: Kajaani Castle Ruins (finland)
/home/borota25/Desktop/plizio/scripts/smart_poi_downloader_v2.py:56: RuntimeWarning: This package (`duckduckgo_search`) has been renamed to `ddgs`! Use `pip install ddgs` instead.
  with DDGS() as ddgs:
  SIKER: /geo-images/finland/historical-kajaani-castle-ruins.webp
[238] Keresés: Hossa (finland)
/home/borota25/Desktop/plizio/scripts/smart_poi_downloader_v2.py:56: RuntimeWarning: This package (`duckduckgo_search`) has been renamed to `ddgs`! Use `pip install ddgs` instead.
  with DDGS() as ddgs:
  SIKER: /geo-images/finland/forest-hossa.webp
[239] Keresés: Saana (finland)
/home/borota25/Desktop/plizio/scripts/smart_poi_downloader_v2.py:56: RuntimeWarning: This package (`duckduckgo_search`) has been renamed to `ddgs`! Use `pip install ddgs` instead.
  with DDGS() as ddgs:
  SIKER: /geo-images/finland/mountain-saana.webp
[240] Keresés: Lake Inari (finland)
/home/borota25/Desktop/plizio/scripts/smart_poi_downloader_v2.py:56: RuntimeWarning: This package (`duckduckgo_search`) has been renamed to `ddgs`! Use `pip install ddgs` instead.
  with DDGS() as ddgs:
  SIKER: /geo-images/finland/lake-inari.webp
[241] Keresés: Ranua Wildlife Park (finland)
/home/borota25/Desktop/plizio/scripts/smart_poi_downloader_v2.py:56: RuntimeWarning: This package (`duckduckgo_search`) has been renamed to `ddgs`! Use `pip install ddgs` instead.
  with DDGS() as ddgs:
  SIKER: /geo-images/finland/kid-ranua-wildlife-park.webp
[242] Keresés: Kastelholm Castle (finland)
/home/borota25/Desktop/plizio/scripts/smart_poi_downloader_v2.py:56: RuntimeWarning: This package (`duckduckgo_search`) has been renamed to `ddgs`! Use `pip install ddgs` instead.
  with DDGS() as ddgs:
  Keresési hiba (Kastelholm Castle finland landmark photo): https://duckduckgo.com/?q=Kastelholm+Castle+finland+landmark+photo 202 Ratelimit
  !!! RATE LIMIT DETECTED !!! Várakozás 5 percig...
  Nincs találat.

>>> Fájl: norwayPoi.ts <<<
[243] Keresés: Norwegian Lapland (norway)
/home/borota25/Desktop/plizio/scripts/smart_poi_downloader_v2.py:56: RuntimeWarning: This package (`duckduckgo_search`) has been renamed to `ddgs`! Use `pip install ddgs` instead.
  with DDGS() as ddgs:
  HIBA: Letöltés sikertelen.
[244] Keresés: Norwegian Fjords (norway)
/home/borota25/Desktop/plizio/scripts/smart_poi_downloader_v2.py:56: RuntimeWarning: This package (`duckduckgo_search`) has been renamed to `ddgs`! Use `pip install ddgs` instead.
  with DDGS() as ddgs:
  SIKER: /geo-images/norway/fjords.webp
[245] Keresés: North Cape (norway)
/home/borota25/Desktop/plizio/scripts/smart_poi_downloader_v2.py:56: RuntimeWarning: This package (`duckduckgo_search`) has been renamed to `ddgs`! Use `pip install ddgs` instead.
  with DDGS() as ddgs:
  SIKER: /geo-images/norway/north-cape.webp
[246] Keresés: Galdhøpiggen (norway)
/home/borota25/Desktop/plizio/scripts/smart_poi_downloader_v2.py:56: RuntimeWarning: This package (`duckduckgo_search`) has been renamed to `ddgs`! Use `pip install ddgs` instead.
  with DDGS() as ddgs:
  SIKER: /geo-images/norway/galdhopiggen.webp
[247] Keresés: Glittertind (norway)
/home/borota25/Desktop/plizio/scripts/smart_poi_downloader_v2.py:56: RuntimeWarning: This package (`duckduckgo_search`) has been renamed to `ddgs`! Use `pip install ddgs` instead.
  with DDGS() as ddgs:
  SIKER: /geo-images/norway/glittertind.webp
[248] Keresés: Lake Mjøsa (norway)
/home/borota25/Desktop/plizio/scripts/smart_poi_downloader_v2.py:56: RuntimeWarning: This package (`duckduckgo_search`) has been renamed to `ddgs`! Use `pip install ddgs` instead.
  with DDGS() as ddgs:
  SIKER: /geo-images/norway/lake-mjosa.webp
[249] Keresés: Glomma River (norway)
/home/borota25/Desktop/plizio/scripts/smart_poi_downloader_v2.py:56: RuntimeWarning: This package (`duckduckgo_search`) has been renamed to `ddgs`! Use `pip install ddgs` instead.
  with DDGS() as ddgs:
  SIKER: /geo-images/norway/river-glomma.webp
[250] Keresés: Hinnøya (norway)
/home/borota25/Desktop/plizio/scripts/smart_poi_downloader_v2.py:56: RuntimeWarning: This package (`duckduckgo_search`) has been renamed to `ddgs`! Use `pip install ddgs` instead.
  with DDGS() as ddgs:
  SIKER: /geo-images/norway/hinnoya.webp
[251] Keresés: Senja (norway)
/home/borota25/Desktop/plizio/scripts/smart_poi_downloader_v2.py:56: RuntimeWarning: This package (`duckduckgo_search`) has been renamed to `ddgs`! Use `pip install ddgs` instead.
  with DDGS() as ddgs:
  SIKER: /geo-images/norway/senja.webp
[252] Keresés: Nordmarka (norway)
/home/borota25/Desktop/plizio/scripts/smart_poi_downloader_v2.py:56: RuntimeWarning: This package (`duckduckgo_search`) has been renamed to `ddgs`! Use `pip install ddgs` instead.
  with DDGS() as ddgs:
  SIKER: /geo-images/norway/nordmarka.webp
[253] Keresés: Finnskogen Forest (norway)
/home/borota25/Desktop/plizio/scripts/smart_poi_downloader_v2.py:56: RuntimeWarning: This package (`duckduckgo_search`) has been renamed to `ddgs`! Use `pip install ddgs` instead.
  with DDGS() as ddgs:
  SIKER: /geo-images/norway/finnskogen.webp
[254] Keresés: Ålesund (norway)
/home/borota25/Desktop/plizio/scripts/smart_poi_downloader_v2.py:56: RuntimeWarning: This package (`duckduckgo_search`) has been renamed to `ddgs`! Use `pip install ddgs` instead.
  with DDGS() as ddgs:
  SIKER: /geo-images/norway/alesund.webp
[255] Keresés: Bodø (norway)
/home/borota25/Desktop/plizio/scripts/smart_poi_downloader_v2.py:56: RuntimeWarning: This package (`duckduckgo_search`) has been renamed to `ddgs`! Use `pip install ddgs` instead.
  with DDGS() as ddgs:
  SIKER: /geo-images/norway/bodo.webp
[256] Keresés: Kristiansand (norway)
/home/borota25/Desktop/plizio/scripts/smart_poi_downloader_v2.py:56: RuntimeWarning: This package (`duckduckgo_search`) has been renamed to `ddgs`! Use `pip install ddgs` instead.
  with DDGS() as ddgs:
  SIKER: /geo-images/norway/kristiansand.webp
[257] Keresés: Fredrikstad (norway)
/home/borota25/Desktop/plizio/scripts/smart_poi_downloader_v2.py:56: RuntimeWarning: This package (`duckduckgo_search`) has been renamed to `ddgs`! Use `pip install ddgs` instead.
  with DDGS() as ddgs:
  SIKER: /geo-images/norway/fredrikstad.webp
[258] Keresés: Drammen (norway)
/home/borota25/Desktop/plizio/scripts/smart_poi_downloader_v2.py:56: RuntimeWarning: This package (`duckduckgo_search`) has been renamed to `ddgs`! Use `pip install ddgs` instead.
  with DDGS() as ddgs:
  SIKER: /geo-images/norway/drammen.webp
[259] Keresés: Sandnes (norway)
/home/borota25/Desktop/plizio/scripts/smart_poi_downloader_v2.py:56: RuntimeWarning: This package (`duckduckgo_search`) has been renamed to `ddgs`! Use `pip install ddgs` instead.
  with DDGS() as ddgs:
  SIKER: /geo-images/norway/sandnes.webp
[260] Keresés: Tønsberg (norway)
/home/borota25/Desktop/plizio/scripts/smart_poi_downloader_v2.py:56: RuntimeWarning: This package (`duckduckgo_search`) has been renamed to `ddgs`! Use `pip install ddgs` instead.
  with DDGS() as ddgs:
  SIKER: /geo-images/norway/tonsberg.webp
[261] Keresés: Lillehammer (norway)
/home/borota25/Desktop/plizio/scripts/smart_poi_downloader_v2.py:56: RuntimeWarning: This package (`duckduckgo_search`) has been renamed to `ddgs`! Use `pip install ddgs` instead.
  with DDGS() as ddgs:
  SIKER: /geo-images/norway/lillehammer.webp
[262] Keresés: Narvik (norway)
/home/borota25/Desktop/plizio/scripts/smart_poi_downloader_v2.py:56: RuntimeWarning: This package (`duckduckgo_search`) has been renamed to `ddgs`! Use `pip install ddgs` instead.
  with DDGS() as ddgs:
  SIKER: /geo-images/norway/narvik.webp
[263] Keresés: Alta (norway)
/home/borota25/Desktop/plizio/scripts/smart_poi_downloader_v2.py:56: RuntimeWarning: This package (`duckduckgo_search`) has been renamed to `ddgs`! Use `pip install ddgs` instead.
  with DDGS() as ddgs:
  SIKER: /geo-images/norway/alta.webp
[264] Keresés: Bryggen Bergen (norway)
/home/borota25/Desktop/plizio/scripts/smart_poi_downloader_v2.py:56: RuntimeWarning: This package (`duckduckgo_search`) has been renamed to `ddgs`! Use `pip install ddgs` instead.
  with DDGS() as ddgs:
  SIKER: /geo-images/norway/bryggen.webp
[265] Keresés: Oslo Opera House (norway)
/home/borota25/Desktop/plizio/scripts/smart_poi_downloader_v2.py:56: RuntimeWarning: This package (`duckduckgo_search`) has been renamed to `ddgs`! Use `pip install ddgs` instead.
  with DDGS() as ddgs:
  SIKER: /geo-images/norway/oslo-opera.webp
[266] Keresés: Røros Mining Town (norway)
/home/borota25/Desktop/plizio/scripts/smart_poi_downloader_v2.py:56: RuntimeWarning: This package (`duckduckgo_search`) has been renamed to `ddgs`! Use `pip install ddgs` instead.
  with DDGS() as ddgs:
  SIKER: /geo-images/norway/roros.webp
[267] Keresés: Akershus Fortress (norway)
/home/borota25/Desktop/plizio/scripts/smart_poi_downloader_v2.py:56: RuntimeWarning: This package (`duckduckgo_search`) has been renamed to `ddgs`! Use `pip install ddgs` instead.
  with DDGS() as ddgs:
  SIKER: /geo-images/norway/akershus-fortress.webp
[268] Keresés: Bergenhus Fortress (norway)
/home/borota25/Desktop/plizio/scripts/smart_poi_downloader_v2.py:56: RuntimeWarning: This package (`duckduckgo_search`) has been renamed to `ddgs`! Use `pip install ddgs` instead.
  with DDGS() as ddgs:
  SIKER: /geo-images/norway/bergenhus-fortress.webp
[269] Keresés: Fredrikstad Old Town (norway)
/home/borota25/Desktop/plizio/scripts/smart_poi_downloader_v2.py:56: RuntimeWarning: This package (`duckduckgo_search`) has been renamed to `ddgs`! Use `pip install ddgs` instead.
  with DDGS() as ddgs:
  SIKER: /geo-images/norway/gamlebyen-fredrikstad.webp
[270] Keresés: Stiklestad Battlefield (norway)
/home/borota25/Desktop/plizio/scripts/smart_poi_downloader_v2.py:56: RuntimeWarning: This package (`duckduckgo_search`) has been renamed to `ddgs`! Use `pip install ddgs` instead.
  with DDGS() as ddgs:
  SIKER: /geo-images/norway/stiklestad-battlefield.webp
[271] Keresés: Urnes Stave Church (norway)
/home/borota25/Desktop/plizio/scripts/smart_poi_downloader_v2.py:56: RuntimeWarning: This package (`duckduckgo_search`) has been renamed to `ddgs`! Use `pip install ddgs` instead.
  with DDGS() as ddgs:
  SIKER: /geo-images/norway/urnes-stave-church.webp
[272] Keresés: Håkon (norway)
/home/borota25/Desktop/plizio/scripts/smart_poi_downloader_v2.py:56: RuntimeWarning: This package (`duckduckgo_search`) has been renamed to `ddgs`! Use `pip install ddgs` instead.
  with DDGS() as ddgs:
  SIKER: /geo-images/norway/hakons-hall.webp
[273] Keresés: Kongsberg Silver Mines (norway)
/home/borota25/Desktop/plizio/scripts/smart_poi_downloader_v2.py:56: RuntimeWarning: This package (`duckduckgo_search`) has been renamed to `ddgs`! Use `pip install ddgs` instead.
  with DDGS() as ddgs:
  SIKER: /geo-images/norway/kongsberg-silver-mines.webp
[274] Keresés: Vardøhus Fortress (norway)
/home/borota25/Desktop/plizio/scripts/smart_poi_downloader_v2.py:56: RuntimeWarning: This package (`duckduckgo_search`) has been renamed to `ddgs`! Use `pip install ddgs` instead.
  with DDGS() as ddgs:
  Keresési hiba (Vardøhus Fortress norway landmark photo): https://duckduckgo.com/?q=Vard%C3%B8hus+Fortress+norway+landmark+photo 202 Ratelimit
  !!! RATE LIMIT DETECTED !!! Várakozás 5 percig...
  Nincs találat.
[275] Keresés: Oslo City Hall (norway)
/home/borota25/Desktop/plizio/scripts/smart_poi_downloader_v2.py:56: RuntimeWarning: This package (`duckduckgo_search`) has been renamed to `ddgs`! Use `pip install ddgs` instead.
  with DDGS() as ddgs:
  SIKER: /geo-images/norway/oslo-city-hall.webp
[276] Keresés: Royal Palace Oslo (norway)
/home/borota25/Desktop/plizio/scripts/smart_poi_downloader_v2.py:56: RuntimeWarning: This package (`duckduckgo_search`) has been renamed to `ddgs`! Use `pip install ddgs` instead.
  with DDGS() as ddgs:
  SIKER: /geo-images/norway/royal-palace-oslo.webp
[277] Keresés: MUNCH Museum (norway)
/home/borota25/Desktop/plizio/scripts/smart_poi_downloader_v2.py:56: RuntimeWarning: This package (`duckduckgo_search`) has been renamed to `ddgs`! Use `pip install ddgs` instead.
  with DDGS() as ddgs:
  SIKER: /geo-images/norway/munch-museum.webp
[278] Keresés: Holmenkollen Ski Jump (norway)
/home/borota25/Desktop/plizio/scripts/smart_poi_downloader_v2.py:56: RuntimeWarning: This package (`duckduckgo_search`) has been renamed to `ddgs`! Use `pip install ddgs` instead.
  with DDGS() as ddgs:
  Keresési hiba (Holmenkollen Ski Jump norway landmark photo): https://duckduckgo.com/?q=Holmenkollen+Ski+Jump+norway+landmark+photo 202 Ratelimit
  !!! RATE LIMIT DETECTED !!! Várakozás 5 percig...
  Nincs találat.
[279] Keresés: Fram Museum (norway)
/home/borota25/Desktop/plizio/scripts/smart_poi_downloader_v2.py:56: RuntimeWarning: This package (`duckduckgo_search`) has been renamed to `ddgs`! Use `pip install ddgs` instead.
  with DDGS() as ddgs:
  Keresési hiba (Fram Museum norway landmark photo): https://duckduckgo.com/?q=Fram+Museum+norway+landmark+photo 202 Ratelimit
  !!! RATE LIMIT DETECTED !!! Várakozás 5 percig...
  Nincs találat.
[280] Keresés: Nationaltheatret (norway)
/home/borota25/Desktop/plizio/scripts/smart_poi_downloader_v2.py:56: RuntimeWarning: This package (`duckduckgo_search`) has been renamed to `ddgs`! Use `pip install ddgs` instead.
  with DDGS() as ddgs:
  SIKER: /geo-images/norway/nationaltheatret.webp
[281] Keresés: Arctic Cathedral (norway)
/home/borota25/Desktop/plizio/scripts/smart_poi_downloader_v2.py:56: RuntimeWarning: This package (`duckduckgo_search`) has been renamed to `ddgs`! Use `pip install ddgs` instead.
  with DDGS() as ddgs:
  SIKER: /geo-images/norway/arctic-cathedral.webp
[282] Keresés: Astrup Fearnley Museum (norway)
/home/borota25/Desktop/plizio/scripts/smart_poi_downloader_v2.py:56: RuntimeWarning: This package (`duckduckgo_search`) has been renamed to `ddgs`! Use `pip install ddgs` instead.
  with DDGS() as ddgs:
  SIKER: /geo-images/norway/astrup-fearnley-museum.webp
[283] Keresés: Port of Oslo (norway)
/home/borota25/Desktop/plizio/scripts/smart_poi_downloader_v2.py:56: RuntimeWarning: This package (`duckduckgo_search`) has been renamed to `ddgs`! Use `pip install ddgs` instead.
  with DDGS() as ddgs:
  SIKER: /geo-images/norway/port-of-oslo.webp
[284] Keresés: Port of Bergen (norway)
/home/borota25/Desktop/plizio/scripts/smart_poi_downloader_v2.py:56: RuntimeWarning: This package (`duckduckgo_search`) has been renamed to `ddgs`! Use `pip install ddgs` instead.
  with DDGS() as ddgs:
  SIKER: /geo-images/norway/port-of-bergen.webp
[285] Keresés: Herøya Industrial Park (norway)
/home/borota25/Desktop/plizio/scripts/smart_poi_downloader_v2.py:56: RuntimeWarning: This package (`duckduckgo_search`) has been renamed to `ddgs`! Use `pip install ddgs` instead.
  with DDGS() as ddgs:
  HIBA: Letöltés sikertelen.
[286] Keresés: Mongstad Refinery (norway)
/home/borota25/Desktop/plizio/scripts/smart_poi_downloader_v2.py:56: RuntimeWarning: This package (`duckduckgo_search`) has been renamed to `ddgs`! Use `pip install ddgs` instead.
  with DDGS() as ddgs:
  SIKER: /geo-images/norway/mongstad-refinery.webp
[287] Keresés: Jæren Agriculture Belt (norway)
/home/borota25/Desktop/plizio/scripts/smart_poi_downloader_v2.py:56: RuntimeWarning: This package (`duckduckgo_search`) has been renamed to `ddgs`! Use `pip install ddgs` instead.
  with DDGS() as ddgs:
  SIKER: /geo-images/norway/jaeren-agriculture-belt.webp
[288] Keresés: Hardanger Fruit Orchards (norway)
/home/borota25/Desktop/plizio/scripts/smart_poi_downloader_v2.py:56: RuntimeWarning: This package (`duckduckgo_search`) has been renamed to `ddgs`! Use `pip install ddgs` instead.
  with DDGS() as ddgs:
  SIKER: /geo-images/norway/hardanger-fruit-orchards.webp

>>> Fájl: swedenPoi.ts <<<
[289] Keresés: Umea (sweden)
/home/borota25/Desktop/plizio/scripts/smart_poi_downloader_v2.py:56: RuntimeWarning: This package (`duckduckgo_search`) has been renamed to `ddgs`! Use `pip install ddgs` instead.
  with DDGS() as ddgs:
  SIKER: /geo-images/sweden/umea.webp
[290] Keresés: Lund (sweden)
/home/borota25/Desktop/plizio/scripts/smart_poi_downloader_v2.py:56: RuntimeWarning: This package (`duckduckgo_search`) has been renamed to `ddgs`! Use `pip install ddgs` instead.
  with DDGS() as ddgs:
  SIKER: /geo-images/sweden/lund.webp
[291] Keresés: Linkoping (sweden)
/home/borota25/Desktop/plizio/scripts/smart_poi_downloader_v2.py:56: RuntimeWarning: This package (`duckduckgo_search`) has been renamed to `ddgs`! Use `pip install ddgs` instead.
  with DDGS() as ddgs:
  SIKER: /geo-images/sweden/linkoping.webp
[292] Keresés: Vasteras (sweden)
/home/borota25/Desktop/plizio/scripts/smart_poi_downloader_v2.py:56: RuntimeWarning: This package (`duckduckgo_search`) has been renamed to `ddgs`! Use `pip install ddgs` instead.
  with DDGS() as ddgs:
  SIKER: /geo-images/sweden/vasteras.webp
[293] Keresés: Orebro (sweden)
/home/borota25/Desktop/plizio/scripts/smart_poi_downloader_v2.py:56: RuntimeWarning: This package (`duckduckgo_search`) has been renamed to `ddgs`! Use `pip install ddgs` instead.
  with DDGS() as ddgs:
  SIKER: /geo-images/sweden/orebro.webp
[294] Keresés: Halmstad (sweden)
/home/borota25/Desktop/plizio/scripts/smart_poi_downloader_v2.py:56: RuntimeWarning: This package (`duckduckgo_search`) has been renamed to `ddgs`! Use `pip install ddgs` instead.
  with DDGS() as ddgs:
  SIKER: /geo-images/sweden/halmstad.webp
[295] Keresés: Sundsvall (sweden)
/home/borota25/Desktop/plizio/scripts/smart_poi_downloader_v2.py:56: RuntimeWarning: This package (`duckduckgo_search`) has been renamed to `ddgs`! Use `pip install ddgs` instead.
  with DDGS() as ddgs:
  SIKER: /geo-images/sweden/sundsvall.webp
[296] Keresés: Lulea (sweden)
/home/borota25/Desktop/plizio/scripts/smart_poi_downloader_v2.py:56: RuntimeWarning: This package (`duckduckgo_search`) has been renamed to `ddgs`! Use `pip install ddgs` instead.
  with DDGS() as ddgs:
  Keresési hiba (Lulea sweden landmark photo): https://duckduckgo.com/?q=Lulea+sweden+landmark+photo 202 Ratelimit
  !!! RATE LIMIT DETECTED !!! Várakozás 5 percig...
  Nincs találat.
[297] Keresés: Karlstad (sweden)
/home/borota25/Desktop/plizio/scripts/smart_poi_downloader_v2.py:56: RuntimeWarning: This package (`duckduckgo_search`) has been renamed to `ddgs`! Use `pip install ddgs` instead.
  with DDGS() as ddgs:
  SIKER: /geo-images/sweden/karlstad.webp
[298] Keresés: Jonkoping (sweden)
/home/borota25/Desktop/plizio/scripts/smart_poi_downloader_v2.py:56: RuntimeWarning: This package (`duckduckgo_search`) has been renamed to `ddgs`! Use `pip install ddgs` instead.
  with DDGS() as ddgs:
  SIKER: /geo-images/sweden/jonkoping.webp
[299] Keresés: Icehotel Jukkasjärvi (sweden)
/home/borota25/Desktop/plizio/scripts/smart_poi_downloader_v2.py:56: RuntimeWarning: This package (`duckduckgo_search`) has been renamed to `ddgs`! Use `pip install ddgs` instead.
  with DDGS() as ddgs:
  SIKER: /geo-images/sweden/icehotel.webp
[300] Keresés: Dalarna (Dala Horse) (sweden)
/home/borota25/Desktop/plizio/scripts/smart_poi_downloader_v2.py:56: RuntimeWarning: This package (`duckduckgo_search`) has been renamed to `ddgs`! Use `pip install ddgs` instead.
  with DDGS() as ddgs:
  SIKER: /geo-images/sweden/dalarna.webp
[301] Keresés: Birka and Hovgarden (sweden)
/home/borota25/Desktop/plizio/scripts/smart_poi_downloader_v2.py:56: RuntimeWarning: This package (`duckduckgo_search`) has been renamed to `ddgs`! Use `pip install ddgs` instead.
  with DDGS() as ddgs:
  Keresési hiba (Birka and Hovgarden sweden landmark photo): https://duckduckgo.com/?q=Birka+and+Hovgarden+sweden+landmark+photo 202 Ratelimit
  !!! RATE LIMIT DETECTED !!! Várakozás 5 percig...
  Nincs találat.
[302] Keresés: Kalmar Castle (sweden)
/home/borota25/Desktop/plizio/scripts/smart_poi_downloader_v2.py:56: RuntimeWarning: This package (`duckduckgo_search`) has been renamed to `ddgs`! Use `pip install ddgs` instead.
  with DDGS() as ddgs:
  SIKER: /geo-images/sweden/kalmar-castle.webp
[303] Keresés: Gripsholm Castle (sweden)
/home/borota25/Desktop/plizio/scripts/smart_poi_downloader_v2.py:56: RuntimeWarning: This package (`duckduckgo_search`) has been renamed to `ddgs`! Use `pip install ddgs` instead.
  with DDGS() as ddgs:
  SIKER: /geo-images/sweden/gripsholm-castle.webp
[304] Keresés: Gamla Uppsala (sweden)
/home/borota25/Desktop/plizio/scripts/smart_poi_downloader_v2.py:56: RuntimeWarning: This package (`duckduckgo_search`) has been renamed to `ddgs`! Use `pip install ddgs` instead.
  with DDGS() as ddgs:
  SIKER: /geo-images/sweden/gamla-uppsala.webp
[305] Keresés: Glimmingehus (sweden)
/home/borota25/Desktop/plizio/scripts/smart_poi_downloader_v2.py:56: RuntimeWarning: This package (`duckduckgo_search`) has been renamed to `ddgs`! Use `pip install ddgs` instead.
  with DDGS() as ddgs:
  SIKER: /geo-images/sweden/glimmingehus.webp
[306] Keresés: Alvsborg Fortress (sweden)
/home/borota25/Desktop/plizio/scripts/smart_poi_downloader_v2.py:56: RuntimeWarning: This package (`duckduckgo_search`) has been renamed to `ddgs`! Use `pip install ddgs` instead.
  with DDGS() as ddgs:
  SIKER: /geo-images/sweden/alvsborg-fortress.webp
[307] Keresés: Battle of Lund (sweden)
/home/borota25/Desktop/plizio/scripts/smart_poi_downloader_v2.py:56: RuntimeWarning: This package (`duckduckgo_search`) has been renamed to `ddgs`! Use `pip install ddgs` instead.
  with DDGS() as ddgs:
  SIKER: /geo-images/sweden/battle-lund.webp
[308] Keresés: Battle of Stangebro (sweden)
/home/borota25/Desktop/plizio/scripts/smart_poi_downloader_v2.py:56: RuntimeWarning: This package (`duckduckgo_search`) has been renamed to `ddgs`! Use `pip install ddgs` instead.
  with DDGS() as ddgs:
  Keresési hiba (Battle of Stangebro sweden landmark photo): https://duckduckgo.com/?q=Battle+of+Stangebro+sweden+landmark+photo 202 Ratelimit
  !!! RATE LIMIT DETECTED !!! Várakozás 5 percig...
  Nincs találat.
[309] Keresés: Stockholm City Hall (sweden)
/home/borota25/Desktop/plizio/scripts/smart_poi_downloader_v2.py:56: RuntimeWarning: This package (`duckduckgo_search`) has been renamed to `ddgs`! Use `pip install ddgs` instead.
  with DDGS() as ddgs:
  SIKER: /geo-images/sweden/stockholm-city-hall.webp
[310] Keresés: Stockholm Royal Palace (sweden)
/home/borota25/Desktop/plizio/scripts/smart_poi_downloader_v2.py:56: RuntimeWarning: This package (`duckduckgo_search`) has been renamed to `ddgs`! Use `pip install ddgs` instead.
  with DDGS() as ddgs:
  SIKER: /geo-images/sweden/stockholm-royal-palace.webp
[311] Keresés: Uppsala Cathedral (sweden)
/home/borota25/Desktop/plizio/scripts/smart_poi_downloader_v2.py:56: RuntimeWarning: This package (`duckduckgo_search`) has been renamed to `ddgs`! Use `pip install ddgs` instead.
  with DDGS() as ddgs:
  SIKER: /geo-images/sweden/uppsala-cathedral.webp
[312] Keresés: Turning Torso (sweden)
/home/borota25/Desktop/plizio/scripts/smart_poi_downloader_v2.py:56: RuntimeWarning: This package (`duckduckgo_search`) has been renamed to `ddgs`! Use `pip install ddgs` instead.
  with DDGS() as ddgs:
  SIKER: /geo-images/sweden/turning-torso.webp
[313] Keresés: Gothenburg Opera House (sweden)
/home/borota25/Desktop/plizio/scripts/smart_poi_downloader_v2.py:56: RuntimeWarning: This package (`duckduckgo_search`) has been renamed to `ddgs`! Use `pip install ddgs` instead.
  with DDGS() as ddgs:
  SIKER: /geo-images/sweden/gothenburg-opera-house.webp
[314] Keresés: Nobel Prize Museum (sweden)
/home/borota25/Desktop/plizio/scripts/smart_poi_downloader_v2.py:56: RuntimeWarning: This package (`duckduckgo_search`) has been renamed to `ddgs`! Use `pip install ddgs` instead.
  with DDGS() as ddgs:
  SIKER: /geo-images/sweden/nobel-prize-museum.webp
[315] Keresés: Skansen Open-Air Museum (sweden)
/home/borota25/Desktop/plizio/scripts/smart_poi_downloader_v2.py:56: RuntimeWarning: This package (`duckduckgo_search`) has been renamed to `ddgs`! Use `pip install ddgs` instead.
  with DDGS() as ddgs:
  SIKER: /geo-images/sweden/skansen-open-air-museum.webp
[316] Keresés: Ericsson Globe (sweden)
/home/borota25/Desktop/plizio/scripts/smart_poi_downloader_v2.py:56: RuntimeWarning: This package (`duckduckgo_search`) has been renamed to `ddgs`! Use `pip install ddgs` instead.
  with DDGS() as ddgs:
  SIKER: /geo-images/sweden/ericsson-globe.webp
[317] Keresés: Port of Gothenburg (sweden)
/home/borota25/Desktop/plizio/scripts/smart_poi_downloader_v2.py:56: RuntimeWarning: This package (`duckduckgo_search`) has been renamed to `ddgs`! Use `pip install ddgs` instead.
  with DDGS() as ddgs:
  SIKER: /geo-images/sweden/port-goteborg.webp
[318] Keresés: Port of Stockholm (sweden)
/home/borota25/Desktop/plizio/scripts/smart_poi_downloader_v2.py:56: RuntimeWarning: This package (`duckduckgo_search`) has been renamed to `ddgs`! Use `pip install ddgs` instead.
  with DDGS() as ddgs:
  SIKER: /geo-images/sweden/port-stockholm.webp
[319] Keresés: Port of Lulea (sweden)
/home/borota25/Desktop/plizio/scripts/smart_poi_downloader_v2.py:56: RuntimeWarning: This package (`duckduckgo_search`) has been renamed to `ddgs`! Use `pip install ddgs` instead.
  with DDGS() as ddgs:
  SIKER: /geo-images/sweden/port-lulea.webp
[320] Keresés: Volvo Torslanda Plant (sweden)
/home/borota25/Desktop/plizio/scripts/smart_poi_downloader_v2.py:56: RuntimeWarning: This package (`duckduckgo_search`) has been renamed to `ddgs`! Use `pip install ddgs` instead.
  with DDGS() as ddgs:
  SIKER: /geo-images/sweden/volvo-torslanda.webp
[321] Keresés: LKAB Kiruna Mine (sweden)
/home/borota25/Desktop/plizio/scripts/smart_poi_downloader_v2.py:56: RuntimeWarning: This package (`duckduckgo_search`) has been renamed to `ddgs`! Use `pip install ddgs` instead.
  with DDGS() as ddgs:
  SIKER: /geo-images/sweden/lkab-kiruna-mine.webp
[322] Keresés: Oland Alvar (sweden)
/home/borota25/Desktop/plizio/scripts/smart_poi_downloader_v2.py:56: RuntimeWarning: This package (`duckduckgo_search`) has been renamed to `ddgs`! Use `pip install ddgs` instead.
  with DDGS() as ddgs:
  SIKER: /geo-images/sweden/oland-alvar.webp
[323] Keresés: Gotland + Visby (sweden)
/home/borota25/Desktop/plizio/scripts/smart_poi_downloader_v2.py:56: RuntimeWarning: This package (`duckduckgo_search`) has been renamed to `ddgs`! Use `pip install ddgs` instead.
  with DDGS() as ddgs:
  SIKER: /geo-images/sweden/gotland.webp
[324] Keresés: Laponia Region (sweden)
/home/borota25/Desktop/plizio/scripts/smart_poi_downloader_v2.py:56: RuntimeWarning: This package (`duckduckgo_search`) has been renamed to `ddgs`! Use `pip install ddgs` instead.
  with DDGS() as ddgs:
  SIKER: /geo-images/sweden/lapland-unesco.webp
[325] Keresés: Kebnekaise (sweden)
/home/borota25/Desktop/plizio/scripts/smart_poi_downloader_v2.py:56: RuntimeWarning: This package (`duckduckgo_search`) has been renamed to `ddgs`! Use `pip install ddgs` instead.
  with DDGS() as ddgs:
  SIKER: /geo-images/sweden/kebnekaise.webp
[326] Keresés: Helags (sweden)
/home/borota25/Desktop/plizio/scripts/smart_poi_downloader_v2.py:56: RuntimeWarning: This package (`duckduckgo_search`) has been renamed to `ddgs`! Use `pip install ddgs` instead.
  with DDGS() as ddgs:
  SIKER: /geo-images/sweden/helags.webp
[327] Keresés: Lake Vattern (sweden)
/home/borota25/Desktop/plizio/scripts/smart_poi_downloader_v2.py:56: RuntimeWarning: This package (`duckduckgo_search`) has been renamed to `ddgs`! Use `pip install ddgs` instead.
  with DDGS() as ddgs:
  SIKER: /geo-images/sweden/lake-vattern.webp
[328] Keresés: Lake Siljan (sweden)
/home/borota25/Desktop/plizio/scripts/smart_poi_downloader_v2.py:56: RuntimeWarning: This package (`duckduckgo_search`) has been renamed to `ddgs`! Use `pip install ddgs` instead.
  with DDGS() as ddgs:
  SIKER: /geo-images/sweden/lake-siljan.webp
[329] Keresés: Torne River (sweden)
/home/borota25/Desktop/plizio/scripts/smart_poi_downloader_v2.py:56: RuntimeWarning: This package (`duckduckgo_search`) has been renamed to `ddgs`! Use `pip install ddgs` instead.
  with DDGS() as ddgs:
  SIKER: /geo-images/sweden/river-torne.webp
[330] Keresés: Koster Islands (sweden)
/home/borota25/Desktop/plizio/scripts/smart_poi_downloader_v2.py:56: RuntimeWarning: This package (`duckduckgo_search`) has been renamed to `ddgs`! Use `pip install ddgs` instead.
  with DDGS() as ddgs:
  SIKER: /geo-images/sweden/koster-islands.webp
[331] Keresés: Tiveden Forest (sweden)
/home/borota25/Desktop/plizio/scripts/smart_poi_downloader_v2.py:56: RuntimeWarning: This package (`duckduckgo_search`) has been renamed to `ddgs`! Use `pip install ddgs` instead.
  with DDGS() as ddgs:
  SIKER: /geo-images/sweden/tiveden-forest.webp
[332] Keresés: Fulufjallet (sweden)
/home/borota25/Desktop/plizio/scripts/smart_poi_downloader_v2.py:56: RuntimeWarning: This package (`duckduckgo_search`) has been renamed to `ddgs`! Use `pip install ddgs` instead.
  with DDGS() as ddgs:
  SIKER: /geo-images/sweden/fulufjallet.webp
[333] Keresés: Orust (sweden)
/home/borota25/Desktop/plizio/scripts/smart_poi_downloader_v2.py:56: RuntimeWarning: This package (`duckduckgo_search`) has been renamed to `ddgs`! Use `pip install ddgs` instead.
  with DDGS() as ddgs:
  SIKER: /geo-images/sweden/orust.webp

>>> Fájl: irelandPoi.ts <<<
[334] Keresés: Sligo (ireland)
/home/borota25/Desktop/plizio/scripts/smart_poi_downloader_v2.py:56: RuntimeWarning: This package (`duckduckgo_search`) has been renamed to `ddgs`! Use `pip install ddgs` instead.
  with DDGS() as ddgs:
  SIKER: /geo-images/ireland/city-sligo.webp
[335] Keresés: Waterford (ireland)
/home/borota25/Desktop/plizio/scripts/smart_poi_downloader_v2.py:56: RuntimeWarning: This package (`duckduckgo_search`) has been renamed to `ddgs`! Use `pip install ddgs` instead.
  with DDGS() as ddgs:
  SIKER: /geo-images/ireland/city-waterford.webp
[336] Keresés: Kilkenny (ireland)
/home/borota25/Desktop/plizio/scripts/smart_poi_downloader_v2.py:56: RuntimeWarning: This package (`duckduckgo_search`) has been renamed to `ddgs`! Use `pip install ddgs` instead.
  with DDGS() as ddgs:
  SIKER: /geo-images/ireland/city-kilkenny.webp
[337] Keresés: Athlone (ireland)
/home/borota25/Desktop/plizio/scripts/smart_poi_downloader_v2.py:56: RuntimeWarning: This package (`duckduckgo_search`) has been renamed to `ddgs`! Use `pip install ddgs` instead.
  with DDGS() as ddgs:
  SIKER: /geo-images/ireland/city-athlone.webp
[338] Keresés: Tralee (ireland)
/home/borota25/Desktop/plizio/scripts/smart_poi_downloader_v2.py:56: RuntimeWarning: This package (`duckduckgo_search`) has been renamed to `ddgs`! Use `pip install ddgs` instead.
  with DDGS() as ddgs:
  SIKER: /geo-images/ireland/city-tralee.webp
[339] Keresés: Dundalk (ireland)
/home/borota25/Desktop/plizio/scripts/smart_poi_downloader_v2.py:56: RuntimeWarning: This package (`duckduckgo_search`) has been renamed to `ddgs`! Use `pip install ddgs` instead.
  with DDGS() as ddgs:
  Keresési hiba (Dundalk ireland landmark photo): https://duckduckgo.com/?q=Dundalk+ireland+landmark+photo 202 Ratelimit
  !!! RATE LIMIT DETECTED !!! Várakozás 5 percig...
  Nincs találat.
[340] Keresés: Ennis (ireland)
/home/borota25/Desktop/plizio/scripts/smart_poi_downloader_v2.py:56: RuntimeWarning: This package (`duckduckgo_search`) has been renamed to `ddgs`! Use `pip install ddgs` instead.
  with DDGS() as ddgs:
  SIKER: /geo-images/ireland/city-ennis.webp
[341] Keresés: Carlow (ireland)
/home/borota25/Desktop/plizio/scripts/smart_poi_downloader_v2.py:56: RuntimeWarning: This package (`duckduckgo_search`) has been renamed to `ddgs`! Use `pip install ddgs` instead.
  with DDGS() as ddgs:
  SIKER: /geo-images/ireland/city-carlow.webp
[342] Keresés: Wexford (ireland)
/home/borota25/Desktop/plizio/scripts/smart_poi_downloader_v2.py:56: RuntimeWarning: This package (`duckduckgo_search`) has been renamed to `ddgs`! Use `pip install ddgs` instead.
  with DDGS() as ddgs:
  SIKER: /geo-images/ireland/city-wexford.webp
[343] Keresés: Navan (ireland)
/home/borota25/Desktop/plizio/scripts/smart_poi_downloader_v2.py:56: RuntimeWarning: This package (`duckduckgo_search`) has been renamed to `ddgs`! Use `pip install ddgs` instead.
  with DDGS() as ddgs:
  SIKER: /geo-images/ireland/city-navan.webp
[344] Keresés: Carrauntoohil (ireland)
/home/borota25/Desktop/plizio/scripts/smart_poi_downloader_v2.py:56: RuntimeWarning: This package (`duckduckgo_search`) has been renamed to `ddgs`! Use `pip install ddgs` instead.
  with DDGS() as ddgs:
  Keresési hiba (Carrauntoohil ireland landmark photo): https://duckduckgo.com/?q=Carrauntoohil+ireland+landmark+photo 202 Ratelimit
  !!! RATE LIMIT DETECTED !!! Várakozás 5 percig...
  Nincs találat.
[345] Keresés: Croagh Patrick (ireland)
/home/borota25/Desktop/plizio/scripts/smart_poi_downloader_v2.py:56: RuntimeWarning: This package (`duckduckgo_search`) has been renamed to `ddgs`! Use `pip install ddgs` instead.
  with DDGS() as ddgs:
  SIKER: /geo-images/ireland/croagh-patrick.webp
[346] Keresés: Lough Corrib (ireland)
/home/borota25/Desktop/plizio/scripts/smart_poi_downloader_v2.py:56: RuntimeWarning: This package (`duckduckgo_search`) has been renamed to `ddgs`! Use `pip install ddgs` instead.
  with DDGS() as ddgs:
  SIKER: /geo-images/ireland/lough-corrib.webp
[347] Keresés: Lough Derg (ireland)
/home/borota25/Desktop/plizio/scripts/smart_poi_downloader_v2.py:56: RuntimeWarning: This package (`duckduckgo_search`) has been renamed to `ddgs`! Use `pip install ddgs` instead.
  with DDGS() as ddgs:
  SIKER: /geo-images/ireland/lough-derg.webp
[348] Keresés: River Shannon (ireland)
/home/borota25/Desktop/plizio/scripts/smart_poi_downloader_v2.py:56: RuntimeWarning: This package (`duckduckgo_search`) has been renamed to `ddgs`! Use `pip install ddgs` instead.
  with DDGS() as ddgs:
  SIKER: /geo-images/ireland/river-shannon.webp
[349] Keresés: River Boyne (ireland)
/home/borota25/Desktop/plizio/scripts/smart_poi_downloader_v2.py:56: RuntimeWarning: This package (`duckduckgo_search`) has been renamed to `ddgs`! Use `pip install ddgs` instead.
  with DDGS() as ddgs:
  SIKER: /geo-images/ireland/river-boyne.webp
[350] Keresés: Achill Island (ireland)
/home/borota25/Desktop/plizio/scripts/smart_poi_downloader_v2.py:56: RuntimeWarning: This package (`duckduckgo_search`) has been renamed to `ddgs`! Use `pip install ddgs` instead.
  with DDGS() as ddgs:
  SIKER: /geo-images/ireland/achill-island.webp
[351] Keresés: Avondale Forest (ireland)
/home/borota25/Desktop/plizio/scripts/smart_poi_downloader_v2.py:56: RuntimeWarning: This package (`duckduckgo_search`) has been renamed to `ddgs`! Use `pip install ddgs` instead.
  with DDGS() as ddgs:
  SIKER: /geo-images/ireland/avondale-forest.webp
[352] Keresés: Trinity College (ireland)
/home/borota25/Desktop/plizio/scripts/smart_poi_downloader_v2.py:56: RuntimeWarning: This package (`duckduckgo_search`) has been renamed to `ddgs`! Use `pip install ddgs` instead.
  with DDGS() as ddgs:
  SIKER: /geo-images/ireland/trinity-college.webp
[353] Keresés: Trim Castle (ireland)
/home/borota25/Desktop/plizio/scripts/smart_poi_downloader_v2.py:56: RuntimeWarning: This package (`duckduckgo_search`) has been renamed to `ddgs`! Use `pip install ddgs` instead.
  with DDGS() as ddgs:
  SIKER: /geo-images/ireland/trim-castle.webp
[354] Keresés: Kilmainham Gaol (ireland)
/home/borota25/Desktop/plizio/scripts/smart_poi_downloader_v2.py:56: RuntimeWarning: This package (`duckduckgo_search`) has been renamed to `ddgs`! Use `pip install ddgs` instead.
  with DDGS() as ddgs:
  SIKER: /geo-images/ireland/kilmainham-gaol.webp
[355] Keresés: Clonmacnoise (ireland)
/home/borota25/Desktop/plizio/scripts/smart_poi_downloader_v2.py:56: RuntimeWarning: This package (`duckduckgo_search`) has been renamed to `ddgs`! Use `pip install ddgs` instead.
  with DDGS() as ddgs:
  SIKER: /geo-images/ireland/clonmacnoise.webp
[356] Keresés: Cahir Castle (ireland)
/home/borota25/Desktop/plizio/scripts/smart_poi_downloader_v2.py:56: RuntimeWarning: This package (`duckduckgo_search`) has been renamed to `ddgs`! Use `pip install ddgs` instead.
  with DDGS() as ddgs:
  SIKER: /geo-images/ireland/cahir-castle.webp
[357] Keresés: Battle of the Boyne (ireland)
/home/borota25/Desktop/plizio/scripts/smart_poi_downloader_v2.py:56: RuntimeWarning: This package (`duckduckgo_search`) has been renamed to `ddgs`! Use `pip install ddgs` instead.
  with DDGS() as ddgs:
  SIKER: /geo-images/ireland/battle-of-the-boyne.webp
[358] Keresés: Charles Fort (ireland)
/home/borota25/Desktop/plizio/scripts/smart_poi_downloader_v2.py:56: RuntimeWarning: This package (`duckduckgo_search`) has been renamed to `ddgs`! Use `pip install ddgs` instead.
  with DDGS() as ddgs:
  SIKER: /geo-images/ireland/charles-fort.webp
[359] Keresés: Guinness Storehouse (ireland)
/home/borota25/Desktop/plizio/scripts/smart_poi_downloader_v2.py:56: RuntimeWarning: This package (`duckduckgo_search`) has been renamed to `ddgs`! Use `pip install ddgs` instead.
  with DDGS() as ddgs:
  SIKER: /geo-images/ireland/guinness-storehouse.webp
[360] Keresés: Long Room (ireland)
/home/borota25/Desktop/plizio/scripts/smart_poi_downloader_v2.py:56: RuntimeWarning: This package (`duckduckgo_search`) has been renamed to `ddgs`! Use `pip install ddgs` instead.
  with DDGS() as ddgs:
  SIKER: /geo-images/ireland/trinity-long-room.webp
[361] Keresés: Dublin Castle (ireland)
/home/borota25/Desktop/plizio/scripts/smart_poi_downloader_v2.py:56: RuntimeWarning: This package (`duckduckgo_search`) has been renamed to `ddgs`! Use `pip install ddgs` instead.
  with DDGS() as ddgs:
  SIKER: /geo-images/ireland/dublin-castle.webp
[362] Keresés: St. Patrick (ireland)
/home/borota25/Desktop/plizio/scripts/smart_poi_downloader_v2.py:56: RuntimeWarning: This package (`duckduckgo_search`) has been renamed to `ddgs`! Use `pip install ddgs` instead.
  with DDGS() as ddgs:
  SIKER: /geo-images/ireland/st-patricks-cathedral.webp
[363] Keresés: The Spire (ireland)
/home/borota25/Desktop/plizio/scripts/smart_poi_downloader_v2.py:56: RuntimeWarning: This package (`duckduckgo_search`) has been renamed to `ddgs`! Use `pip install ddgs` instead.
  with DDGS() as ddgs:
  SIKER: /geo-images/ireland/the-spire.webp
[364] Keresés: Belfast City Hall (ireland)
/home/borota25/Desktop/plizio/scripts/smart_poi_downloader_v2.py:56: RuntimeWarning: This package (`duckduckgo_search`) has been renamed to `ddgs`! Use `pip install ddgs` instead.
  with DDGS() as ddgs:
  SIKER: /geo-images/ireland/belfast-city-hall.webp
[365] Keresés: Port of Cork (ireland)
/home/borota25/Desktop/plizio/scripts/smart_poi_downloader_v2.py:56: RuntimeWarning: This package (`duckduckgo_search`) has been renamed to `ddgs`! Use `pip install ddgs` instead.
  with DDGS() as ddgs:
  SIKER: /geo-images/ireland/port-of-cork.webp
[366] Keresés: Dublin Port (ireland)
/home/borota25/Desktop/plizio/scripts/smart_poi_downloader_v2.py:56: RuntimeWarning: This package (`duckduckgo_search`) has been renamed to `ddgs`! Use `pip install ddgs` instead.
  with DDGS() as ddgs:
  SIKER: /geo-images/ireland/dublin-port.webp
[367] Keresés: National Museum of Ireland (ireland)
/home/borota25/Desktop/plizio/scripts/smart_poi_downloader_v2.py:56: RuntimeWarning: This package (`duckduckgo_search`) has been renamed to `ddgs`! Use `pip install ddgs` instead.
  with DDGS() as ddgs:
  SIKER: /geo-images/ireland/national-museum-archaeology.webp
[368] Keresés: The Custom House (ireland)
/home/borota25/Desktop/plizio/scripts/smart_poi_downloader_v2.py:56: RuntimeWarning: This package (`duckduckgo_search`) has been renamed to `ddgs`! Use `pip install ddgs` instead.
  with DDGS() as ddgs:
  SIKER: /geo-images/ireland/the-custom-house.webp
[369] Keresés: Belfast Harbour (ireland)
/home/borota25/Desktop/plizio/scripts/smart_poi_downloader_v2.py:56: RuntimeWarning: This package (`duckduckgo_search`) has been renamed to `ddgs`! Use `pip install ddgs` instead.
  with DDGS() as ddgs:
  SIKER: /geo-images/ireland/belfast-harbour.webp
[370] Keresés: Shannon Free Zone (ireland)
/home/borota25/Desktop/plizio/scripts/smart_poi_downloader_v2.py:56: RuntimeWarning: This package (`duckduckgo_search`) has been renamed to `ddgs`! Use `pip install ddgs` instead.
  with DDGS() as ddgs:
  SIKER: /geo-images/ireland/shannon-free-zone.webp
[371] Keresés: Waterford Crystal (ireland)
/home/borota25/Desktop/plizio/scripts/smart_poi_downloader_v2.py:56: RuntimeWarning: This package (`duckduckgo_search`) has been renamed to `ddgs`! Use `pip install ddgs` instead.
  with DDGS() as ddgs:
  SIKER: /geo-images/ireland/waterford-crystal.webp
[372] Keresés: Golden Vale (ireland)
/home/borota25/Desktop/plizio/scripts/smart_poi_downloader_v2.py:56: RuntimeWarning: This package (`duckduckgo_search`) has been renamed to `ddgs`! Use `pip install ddgs` instead.
  with DDGS() as ddgs:
  SIKER: /geo-images/ireland/golden-vale.webp
[373] Keresés: Naas (ireland)
/home/borota25/Desktop/plizio/scripts/smart_poi_downloader_v2.py:56: RuntimeWarning: This package (`duckduckgo_search`) has been renamed to `ddgs`! Use `pip install ddgs` instead.
  with DDGS() as ddgs:
  SIKER: /geo-images/ireland/naas.webp
[374] Keresés: Portlaoise (ireland)
/home/borota25/Desktop/plizio/scripts/smart_poi_downloader_v2.py:56: RuntimeWarning: This package (`duckduckgo_search`) has been renamed to `ddgs`! Use `pip install ddgs` instead.
  with DDGS() as ddgs:
  SIKER: /geo-images/ireland/portlaoise.webp
[375] Keresés: Mullingar (ireland)
/home/borota25/Desktop/plizio/scripts/smart_poi_downloader_v2.py:56: RuntimeWarning: This package (`duckduckgo_search`) has been renamed to `ddgs`! Use `pip install ddgs` instead.
  with DDGS() as ddgs:
  SIKER: /geo-images/ireland/mullingar.webp
[376] Keresés: Tullamore (ireland)
/home/borota25/Desktop/plizio/scripts/smart_poi_downloader_v2.py:56: RuntimeWarning: This package (`duckduckgo_search`) has been renamed to `ddgs`! Use `pip install ddgs` instead.
  with DDGS() as ddgs:
  SIKER: /geo-images/ireland/tullamore.webp
[377] Keresés: Carrick-on-Shannon (ireland)
/home/borota25/Desktop/plizio/scripts/smart_poi_downloader_v2.py:56: RuntimeWarning: This package (`duckduckgo_search`) has been renamed to `ddgs`! Use `pip install ddgs` instead.
  with DDGS() as ddgs:
  SIKER: /geo-images/ireland/carrick-on-shannon.webp
[378] Keresés: Cavan (ireland)
/home/borota25/Desktop/plizio/scripts/smart_poi_downloader_v2.py:56: RuntimeWarning: This package (`duckduckgo_search`) has been renamed to `ddgs`! Use `pip install ddgs` instead.
  with DDGS() as ddgs:
  SIKER: /geo-images/ireland/cavan.webp
[379] Keresés: Monaghan (ireland)
/home/borota25/Desktop/plizio/scripts/smart_poi_downloader_v2.py:56: RuntimeWarning: This package (`duckduckgo_search`) has been renamed to `ddgs`! Use `pip install ddgs` instead.
  with DDGS() as ddgs:
  SIKER: /geo-images/ireland/monaghan.webp
[380] Keresés: Letterkenny (ireland)
/home/borota25/Desktop/plizio/scripts/smart_poi_downloader_v2.py:56: RuntimeWarning: This package (`duckduckgo_search`) has been renamed to `ddgs`! Use `pip install ddgs` instead.
  with DDGS() as ddgs:
  Keresési hiba (Letterkenny ireland landmark photo): https://duckduckgo.com/?q=Letterkenny+ireland+landmark+photo 202 Ratelimit
  !!! RATE LIMIT DETECTED !!! Várakozás 5 percig...
  Nincs találat.
[381] Keresés: Killarney (ireland)
/home/borota25/Desktop/plizio/scripts/smart_poi_downloader_v2.py:56: RuntimeWarning: This package (`duckduckgo_search`) has been renamed to `ddgs`! Use `pip install ddgs` instead.
  with DDGS() as ddgs:
  SIKER: /geo-images/ireland/killarney.webp
[382] Keresés: Clonmel (ireland)
/home/borota25/Desktop/plizio/scripts/smart_poi_downloader_v2.py:56: RuntimeWarning: This package (`duckduckgo_search`) has been renamed to `ddgs`! Use `pip install ddgs` instead.
  with DDGS() as ddgs:
  SIKER: /geo-images/ireland/clonmel.webp
[383] Keresés: Dungarvan (ireland)
/home/borota25/Desktop/plizio/scripts/smart_poi_downloader_v2.py:56: RuntimeWarning: This package (`duckduckgo_search`) has been renamed to `ddgs`! Use `pip install ddgs` instead.
  with DDGS() as ddgs:
  SIKER: /geo-images/ireland/dungarvan.webp
[384] Keresés: Mallow (ireland)
/home/borota25/Desktop/plizio/scripts/smart_poi_downloader_v2.py:56: RuntimeWarning: This package (`duckduckgo_search`) has been renamed to `ddgs`! Use `pip install ddgs` instead.
  with DDGS() as ddgs:
  SIKER: /geo-images/ireland/mallow.webp
[385] Keresés: Wicklow (ireland)
/home/borota25/Desktop/plizio/scripts/smart_poi_downloader_v2.py:56: RuntimeWarning: This package (`duckduckgo_search`) has been renamed to `ddgs`! Use `pip install ddgs` instead.
  with DDGS() as ddgs:
  SIKER: /geo-images/ireland/wicklow.webp
[386] Keresés: Ballina (ireland)
/home/borota25/Desktop/plizio/scripts/smart_poi_downloader_v2.py:56: RuntimeWarning: This package (`duckduckgo_search`) has been renamed to `ddgs`! Use `pip install ddgs` instead.
  with DDGS() as ddgs:
  SIKER: /geo-images/ireland/ballina.webp
[387] Keresés: Westport (ireland)
/home/borota25/Desktop/plizio/scripts/smart_poi_downloader_v2.py:56: RuntimeWarning: This package (`duckduckgo_search`) has been renamed to `ddgs`! Use `pip install ddgs` instead.
  with DDGS() as ddgs:
  SIKER: /geo-images/ireland/westport.webp
[388] Keresés: Hill of Tara (ireland)
/home/borota25/Desktop/plizio/scripts/smart_poi_downloader_v2.py:56: RuntimeWarning: This package (`duckduckgo_search`) has been renamed to `ddgs`! Use `pip install ddgs` instead.
  with DDGS() as ddgs:
  SIKER: /geo-images/ireland/hill-of-tara.webp
[389] Keresés: Jerpoint Abbey (ireland)
/home/borota25/Desktop/plizio/scripts/smart_poi_downloader_v2.py:56: RuntimeWarning: This package (`duckduckgo_search`) has been renamed to `ddgs`! Use `pip install ddgs` instead.
  with DDGS() as ddgs:
  SIKER: /geo-images/ireland/jerpoint-abbey.webp
[390] Keresés: King John (ireland)
/home/borota25/Desktop/plizio/scripts/smart_poi_downloader_v2.py:56: RuntimeWarning: This package (`duckduckgo_search`) has been renamed to `ddgs`! Use `pip install ddgs` instead.
  with DDGS() as ddgs:
  SIKER: /geo-images/ireland/king-johns-castle.webp
[391] Keresés: Glenveagh Castle (ireland)
/home/borota25/Desktop/plizio/scripts/smart_poi_downloader_v2.py:56: RuntimeWarning: This package (`duckduckgo_search`) has been renamed to `ddgs`! Use `pip install ddgs` instead.
  with DDGS() as ddgs:
  SIKER: /geo-images/ireland/glenveagh-castle.webp
[392] Keresés: Rathcroghan (ireland)
/home/borota25/Desktop/plizio/scripts/smart_poi_downloader_v2.py:56: RuntimeWarning: This package (`duckduckgo_search`) has been renamed to `ddgs`! Use `pip install ddgs` instead.
  with DDGS() as ddgs:
  SIKER: /geo-images/ireland/rathcroghan.webp
[393] Keresés: Fore Abbey (ireland)
/home/borota25/Desktop/plizio/scripts/smart_poi_downloader_v2.py:56: RuntimeWarning: This package (`duckduckgo_search`) has been renamed to `ddgs`! Use `pip install ddgs` instead.
  with DDGS() as ddgs:
  SIKER: /geo-images/ireland/fore-abbey.webp
[394] Keresés: Dun Aonghasa (ireland)
/home/borota25/Desktop/plizio/scripts/smart_poi_downloader_v2.py:56: RuntimeWarning: This package (`duckduckgo_search`) has been renamed to `ddgs`! Use `pip install ddgs` instead.
  with DDGS() as ddgs:
  SIKER: /geo-images/ireland/dun-aonghasa.webp
[395] Keresés: Glasnevin Cemetery (ireland)
/home/borota25/Desktop/plizio/scripts/smart_poi_downloader_v2.py:56: RuntimeWarning: This package (`duckduckgo_search`) has been renamed to `ddgs`! Use `pip install ddgs` instead.
  with DDGS() as ddgs:
  SIKER: /geo-images/ireland/glasnevin-cemetery.webp
[396] Keresés: Mweelrea (ireland)
/home/borota25/Desktop/plizio/scripts/smart_poi_downloader_v2.py:56: RuntimeWarning: This package (`duckduckgo_search`) has been renamed to `ddgs`! Use `pip install ddgs` instead.
  with DDGS() as ddgs:
  SIKER: /geo-images/ireland/mweelrea.webp
[397] Keresés: Mangerton (ireland)
/home/borota25/Desktop/plizio/scripts/smart_poi_downloader_v2.py:56: RuntimeWarning: This package (`duckduckgo_search`) has been renamed to `ddgs`! Use `pip install ddgs` instead.
  with DDGS() as ddgs:
  SIKER: /geo-images/ireland/mangerton.webp
[398] Keresés: Lough Mask (ireland)
/home/borota25/Desktop/plizio/scripts/smart_poi_downloader_v2.py:56: RuntimeWarning: This package (`duckduckgo_search`) has been renamed to `ddgs`! Use `pip install ddgs` instead.
  with DDGS() as ddgs:
  SIKER: /geo-images/ireland/lough-mask.webp
[399] Keresés: Lough Gill (ireland)
/home/borota25/Desktop/plizio/scripts/smart_poi_downloader_v2.py:56: RuntimeWarning: This package (`duckduckgo_search`) has been renamed to `ddgs`! Use `pip install ddgs` instead.
  with DDGS() as ddgs:
  SIKER: /geo-images/ireland/lough-gill.webp
[400] Keresés: River Barrow (ireland)
/home/borota25/Desktop/plizio/scripts/smart_poi_downloader_v2.py:56: RuntimeWarning: This package (`duckduckgo_search`) has been renamed to `ddgs`! Use `pip install ddgs` instead.
  with DDGS() as ddgs:
  SIKER: /geo-images/ireland/river-barrow.webp
[401] Keresés: River Blackwater (ireland)
/home/borota25/Desktop/plizio/scripts/smart_poi_downloader_v2.py:56: RuntimeWarning: This package (`duckduckgo_search`) has been renamed to `ddgs`! Use `pip install ddgs` instead.
  with DDGS() as ddgs:
  SIKER: /geo-images/ireland/river-blackwater.webp
[402] Keresés: River Liffey (ireland)
/home/borota25/Desktop/plizio/scripts/smart_poi_downloader_v2.py:56: RuntimeWarning: This package (`duckduckgo_search`) has been renamed to `ddgs`! Use `pip install ddgs` instead.
  with DDGS() as ddgs:
  SIKER: /geo-images/ireland/river-liffey.webp
[403] Keresés: Inishbofin (ireland)
/home/borota25/Desktop/plizio/scripts/smart_poi_downloader_v2.py:56: RuntimeWarning: This package (`duckduckgo_search`) has been renamed to `ddgs`! Use `pip install ddgs` instead.
  with DDGS() as ddgs:
  Keresési hiba (Inishbofin ireland landmark photo): https://duckduckgo.com/?q=Inishbofin+ireland+landmark+photo 202 Ratelimit
  !!! RATE LIMIT DETECTED !!! Várakozás 5 percig...
  Nincs találat.
[404] Keresés: Midleton Distillery (ireland)
/home/borota25/Desktop/plizio/scripts/smart_poi_downloader_v2.py:56: RuntimeWarning: This package (`duckduckgo_search`) has been renamed to `ddgs`! Use `pip install ddgs` instead.
  with DDGS() as ddgs:
  SIKER: /geo-images/ireland/midleton-distillery.webp
[405] Keresés: Teeling Whiskey Distillery (ireland)
/home/borota25/Desktop/plizio/scripts/smart_poi_downloader_v2.py:56: RuntimeWarning: This package (`duckduckgo_search`) has been renamed to `ddgs`! Use `pip install ddgs` instead.
  with DDGS() as ddgs:
  SIKER: /geo-images/ireland/teeling-whiskey-distillery.webp
[406] Keresés: Slane Distillery (ireland)
/home/borota25/Desktop/plizio/scripts/smart_poi_downloader_v2.py:56: RuntimeWarning: This package (`duckduckgo_search`) has been renamed to `ddgs`! Use `pip install ddgs` instead.
  with DDGS() as ddgs:
  SIKER: /geo-images/ireland/slane-distillery.webp
[407] Keresés: Foxford Woollen Mills (ireland)
/home/borota25/Desktop/plizio/scripts/smart_poi_downloader_v2.py:56: RuntimeWarning: This package (`duckduckgo_search`) has been renamed to `ddgs`! Use `pip install ddgs` instead.
  with DDGS() as ddgs:
  SIKER: /geo-images/ireland/foxford-woollen-mills.webp
[408] Keresés: Tullamore Dew (ireland)
/home/borota25/Desktop/plizio/scripts/smart_poi_downloader_v2.py:56: RuntimeWarning: This package (`duckduckgo_search`) has been renamed to `ddgs`! Use `pip install ddgs` instead.
  with DDGS() as ddgs:
  SIKER: /geo-images/ireland/tullamore-dew.webp
[409] Keresés: Dublin Zoo (ireland)
/home/borota25/Desktop/plizio/scripts/smart_poi_downloader_v2.py:56: RuntimeWarning: This package (`duckduckgo_search`) has been renamed to `ddgs`! Use `pip install ddgs` instead.
  with DDGS() as ddgs:
  SIKER: /geo-images/ireland/dublin-zoo.webp
[410] Keresés: Fota Wildlife Park (ireland)
/home/borota25/Desktop/plizio/scripts/smart_poi_downloader_v2.py:56: RuntimeWarning: This package (`duckduckgo_search`) has been renamed to `ddgs`! Use `pip install ddgs` instead.
  with DDGS() as ddgs:
  SIKER: /geo-images/ireland/fota-wildlife-park.webp
[411] Keresés: Emerald Park (ireland)
/home/borota25/Desktop/plizio/scripts/smart_poi_downloader_v2.py:56: RuntimeWarning: This package (`duckduckgo_search`) has been renamed to `ddgs`! Use `pip install ddgs` instead.
  with DDGS() as ddgs:
  SIKER: /geo-images/ireland/emerald-park.webp
[412] Keresés: Lough Key Adventure Park (ireland)
/home/borota25/Desktop/plizio/scripts/smart_poi_downloader_v2.py:56: RuntimeWarning: This package (`duckduckgo_search`) has been renamed to `ddgs`! Use `pip install ddgs` instead.
  with DDGS() as ddgs:
  SIKER: /geo-images/ireland/lough-key-adventure-park.webp

>>> Fájl: portugalPoi.ts <<<
[413] Keresés: Guimarães Old Town (portugal)
/home/borota25/Desktop/plizio/scripts/smart_poi_downloader_v2.py:56: RuntimeWarning: This package (`duckduckgo_search`) has been renamed to `ddgs`! Use `pip install ddgs` instead.
  with DDGS() as ddgs:
  SIKER: /geo-images/portugal/cult-guimaraes.webp
[414] Keresés: Alcobaça Monastery (portugal)
/home/borota25/Desktop/plizio/scripts/smart_poi_downloader_v2.py:56: RuntimeWarning: This package (`duckduckgo_search`) has been renamed to `ddgs`! Use `pip install ddgs` instead.
  with DDGS() as ddgs:
  SIKER: /geo-images/portugal/cult-alcobaca.webp
[415] Keresés: Tomar Templar Castle (portugal)
/home/borota25/Desktop/plizio/scripts/smart_poi_downloader_v2.py:56: RuntimeWarning: This package (`duckduckgo_search`) has been renamed to `ddgs`! Use `pip install ddgs` instead.
  with DDGS() as ddgs:
  SIKER: /geo-images/portugal/cult-tomar.webp
[416] Keresés: Pena Palace, Sintra (portugal)
/home/borota25/Desktop/plizio/scripts/smart_poi_downloader_v2.py:56: RuntimeWarning: This package (`duckduckgo_search`) has been renamed to `ddgs`! Use `pip install ddgs` instead.
  with DDGS() as ddgs:
  SIKER: /geo-images/portugal/cult-pena-palace.webp
[417] Keresés: Livraria Lello, Porto (portugal)
/home/borota25/Desktop/plizio/scripts/smart_poi_downloader_v2.py:56: RuntimeWarning: This package (`duckduckgo_search`) has been renamed to `ddgs`! Use `pip install ddgs` instead.
  with DDGS() as ddgs:
  SIKER: /geo-images/portugal/cult-livraria-lello.webp
[418] Keresés: Chapel of Bones, Évora (portugal)
/home/borota25/Desktop/plizio/scripts/smart_poi_downloader_v2.py:56: RuntimeWarning: This package (`duckduckgo_search`) has been renamed to `ddgs`! Use `pip install ddgs` instead.
  with DDGS() as ddgs:
  SIKER: /geo-images/portugal/cult-capela-ossos.webp
[419] Keresés: Obidos Castle (portugal)
/home/borota25/Desktop/plizio/scripts/smart_poi_downloader_v2.py:56: RuntimeWarning: This package (`duckduckgo_search`) has been renamed to `ddgs`! Use `pip install ddgs` instead.
  with DDGS() as ddgs:
  SIKER: /geo-images/portugal/hist-obidos-castle.webp
[420] Keresés: Marvao Castle (portugal)
/home/borota25/Desktop/plizio/scripts/smart_poi_downloader_v2.py:56: RuntimeWarning: This package (`duckduckgo_search`) has been renamed to `ddgs`! Use `pip install ddgs` instead.
  with DDGS() as ddgs:
  SIKER: /geo-images/portugal/hist-marvao-castle.webp
[421] Keresés: Aljubarrota Battlefield (portugal)
/home/borota25/Desktop/plizio/scripts/smart_poi_downloader_v2.py:56: RuntimeWarning: This package (`duckduckgo_search`) has been renamed to `ddgs`! Use `pip install ddgs` instead.
  with DDGS() as ddgs:
  SIKER: /geo-images/portugal/hist-aljubarrota-battlefield.webp
[422] Keresés: Roman Temple of Evora (portugal)
/home/borota25/Desktop/plizio/scripts/smart_poi_downloader_v2.py:56: RuntimeWarning: This package (`duckduckgo_search`) has been renamed to `ddgs`! Use `pip install ddgs` instead.
  with DDGS() as ddgs:
  SIKER: /geo-images/portugal/hist-roman-temple-evora.webp
[423] Keresés: Mafra National Palace (portugal)
/home/borota25/Desktop/plizio/scripts/smart_poi_downloader_v2.py:56: RuntimeWarning: This package (`duckduckgo_search`) has been renamed to `ddgs`! Use `pip install ddgs` instead.
  with DDGS() as ddgs:
  SIKER: /geo-images/portugal/hist-mafra-national-palace.webp
[424] Keresés: Conimbriga Ruins (portugal)
/home/borota25/Desktop/plizio/scripts/smart_poi_downloader_v2.py:56: RuntimeWarning: This package (`duckduckgo_search`) has been renamed to `ddgs`! Use `pip install ddgs` instead.
  with DDGS() as ddgs:
  SIKER: /geo-images/portugal/hist-conimbriga-ruins.webp
[425] Keresés: Almourol Castle (portugal)
/home/borota25/Desktop/plizio/scripts/smart_poi_downloader_v2.py:56: RuntimeWarning: This package (`duckduckgo_search`) has been renamed to `ddgs`! Use `pip install ddgs` instead.
  with DDGS() as ddgs:
  SIKER: /geo-images/portugal/hist-almourol-castle.webp
[426] Keresés: Silves Castle (portugal)
/home/borota25/Desktop/plizio/scripts/smart_poi_downloader_v2.py:56: RuntimeWarning: This package (`duckduckgo_search`) has been renamed to `ddgs`! Use `pip install ddgs` instead.
  with DDGS() as ddgs:
  SIKER: /geo-images/portugal/hist-silves-castle.webp
[427] Keresés: MAAT Lisbon (portugal)
/home/borota25/Desktop/plizio/scripts/smart_poi_downloader_v2.py:56: RuntimeWarning: This package (`duckduckgo_search`) has been renamed to `ddgs`! Use `pip install ddgs` instead.
  with DDGS() as ddgs:
  SIKER: /geo-images/portugal/land-maat-lisbon.webp
[428] Keresés: Lisbon Oceanarium (portugal)
/home/borota25/Desktop/plizio/scripts/smart_poi_downloader_v2.py:56: RuntimeWarning: This package (`duckduckgo_search`) has been renamed to `ddgs`! Use `pip install ddgs` instead.
  with DDGS() as ddgs:
  SIKER: /geo-images/portugal/land-oceanario-lisboa.webp
[429] Keresés: Monument to the Discoveries (portugal)
/home/borota25/Desktop/plizio/scripts/smart_poi_downloader_v2.py:56: RuntimeWarning: This package (`duckduckgo_search`) has been renamed to `ddgs`! Use `pip install ddgs` instead.
  with DDGS() as ddgs:
  SIKER: /geo-images/portugal/land-padrao-descobrimentos.webp
[430] Keresés: Casa da Musica (portugal)
/home/borota25/Desktop/plizio/scripts/smart_poi_downloader_v2.py:56: RuntimeWarning: This package (`duckduckgo_search`) has been renamed to `ddgs`! Use `pip install ddgs` instead.
  with DDGS() as ddgs:
  Keresési hiba (Casa da Musica portugal landmark photo): https://duckduckgo.com/?q=Casa+da+Musica+portugal+landmark+photo 202 Ratelimit
  !!! RATE LIMIT DETECTED !!! Várakozás 5 percig...
  Nincs találat.
[431] Keresés: Bom Jesus do Monte (portugal)
/home/borota25/Desktop/plizio/scripts/smart_poi_downloader_v2.py:56: RuntimeWarning: This package (`duckduckgo_search`) has been renamed to `ddgs`! Use `pip install ddgs` instead.
  with DDGS() as ddgs:
  SIKER: /geo-images/portugal/land-bom-jesus-do-monte.webp
[432] Keresés: Dom Luis I Bridge (portugal)
/home/borota25/Desktop/plizio/scripts/smart_poi_downloader_v2.py:56: RuntimeWarning: This package (`duckduckgo_search`) has been renamed to `ddgs`! Use `pip install ddgs` instead.
  with DDGS() as ddgs:
  SIKER: /geo-images/portugal/land-dom-luis-bridge.webp
[433] Keresés: University of Coimbra (portugal)
/home/borota25/Desktop/plizio/scripts/smart_poi_downloader_v2.py:56: RuntimeWarning: This package (`duckduckgo_search`) has been renamed to `ddgs`! Use `pip install ddgs` instead.
  with DDGS() as ddgs:
  SIKER: /geo-images/portugal/land-university-coimbra.webp
[434] Keresés: Sao Bento Station (portugal)
/home/borota25/Desktop/plizio/scripts/smart_poi_downloader_v2.py:56: RuntimeWarning: This package (`duckduckgo_search`) has been renamed to `ddgs`! Use `pip install ddgs` instead.
  with DDGS() as ddgs:
  SIKER: /geo-images/portugal/land-sao-bento-station.webp
[435] Keresés: Port of Sines (portugal)
/home/borota25/Desktop/plizio/scripts/smart_poi_downloader_v2.py:56: RuntimeWarning: This package (`duckduckgo_search`) has been renamed to `ddgs`! Use `pip install ddgs` instead.
  with DDGS() as ddgs:
  SIKER: /geo-images/portugal/port-sines.webp
[436] Keresés: Port of Leixoes (portugal)
/home/borota25/Desktop/plizio/scripts/smart_poi_downloader_v2.py:56: RuntimeWarning: This package (`duckduckgo_search`) has been renamed to `ddgs`! Use `pip install ddgs` instead.
  with DDGS() as ddgs:
  SIKER: /geo-images/portugal/port-leixoes.webp
[437] Keresés: Port of Setubal (portugal)
/home/borota25/Desktop/plizio/scripts/smart_poi_downloader_v2.py:56: RuntimeWarning: This package (`duckduckgo_search`) has been renamed to `ddgs`! Use `pip install ddgs` instead.
  with DDGS() as ddgs:
  SIKER: /geo-images/portugal/port-setubal.webp
[438] Keresés: Douro Vineyards (portugal)
/home/borota25/Desktop/plizio/scripts/smart_poi_downloader_v2.py:56: RuntimeWarning: This package (`duckduckgo_search`) has been renamed to `ddgs`! Use `pip install ddgs` instead.
  with DDGS() as ddgs:
  Keresési hiba (Douro Vineyards portugal landmark photo): https://duckduckgo.com/?q=Douro+Vineyards+portugal+landmark+photo 202 Ratelimit
  !!! RATE LIMIT DETECTED !!! Várakozás 5 percig...
  Nincs találat.
[439] Keresés: Coruche Cork Oaks (portugal)
/home/borota25/Desktop/plizio/scripts/smart_poi_downloader_v2.py:56: RuntimeWarning: This package (`duckduckgo_search`) has been renamed to `ddgs`! Use `pip install ddgs` instead.
  with DDGS() as ddgs:
  SIKER: /geo-images/portugal/agri-coruche-cork-oaks.webp
[440] Keresés: Autoeuropa Palmela (portugal)
/home/borota25/Desktop/plizio/scripts/smart_poi_downloader_v2.py:56: RuntimeWarning: This package (`duckduckgo_search`) has been renamed to `ddgs`! Use `pip install ddgs` instead.
  with DDGS() as ddgs:
  SIKER: /geo-images/portugal/industry-autoeuropa-palmela.webp
[441] Keresés: Convent of Christ (portugal)
/home/borota25/Desktop/plizio/scripts/smart_poi_downloader_v2.py:56: RuntimeWarning: This package (`duckduckgo_search`) has been renamed to `ddgs`! Use `pip install ddgs` instead.
  with DDGS() as ddgs:
  SIKER: /geo-images/portugal/hist-convent-christ-tomar.webp
[442] Keresés: Peniche Fortress (portugal)
/home/borota25/Desktop/plizio/scripts/smart_poi_downloader_v2.py:56: RuntimeWarning: This package (`duckduckgo_search`) has been renamed to `ddgs`! Use `pip install ddgs` instead.
  with DDGS() as ddgs:
  SIKER: /geo-images/portugal/hist-peniche-fortress.webp
[443] Keresés: National Tile Museum (portugal)
/home/borota25/Desktop/plizio/scripts/smart_poi_downloader_v2.py:56: RuntimeWarning: This package (`duckduckgo_search`) has been renamed to `ddgs`! Use `pip install ddgs` instead.
  with DDGS() as ddgs:
  SIKER: /geo-images/portugal/hist-national-tile-museum.webp
[444] Keresés: São Jorge Castle (portugal)
/home/borota25/Desktop/plizio/scripts/smart_poi_downloader_v2.py:56: RuntimeWarning: This package (`duckduckgo_search`) has been renamed to `ddgs`! Use `pip install ddgs` instead.
  with DDGS() as ddgs:
  SIKER: /geo-images/portugal/land-sao-jorge-castle.webp
[445] Keresés: Benagil Cave (portugal)
/home/borota25/Desktop/plizio/scripts/smart_poi_downloader_v2.py:56: RuntimeWarning: This package (`duckduckgo_search`) has been renamed to `ddgs`! Use `pip install ddgs` instead.
  with DDGS() as ddgs:
  SIKER: /geo-images/portugal/nat-benagil.webp
[446] Keresés: Sintra-Cascais NP (portugal)
/home/borota25/Desktop/plizio/scripts/smart_poi_downloader_v2.py:56: RuntimeWarning: This package (`duckduckgo_search`) has been renamed to `ddgs`! Use `pip install ddgs` instead.
  with DDGS() as ddgs:
  SIKER: /geo-images/portugal/nat-sintra-cascais.webp
[447] Keresés: Peneda-Gerês NP (portugal)
/home/borota25/Desktop/plizio/scripts/smart_poi_downloader_v2.py:56: RuntimeWarning: This package (`duckduckgo_search`) has been renamed to `ddgs`! Use `pip install ddgs` instead.
  with DDGS() as ddgs:
  SIKER: /geo-images/portugal/nat-peneda-geres.webp
[448] Keresés: Serra da Estrela (portugal)
/home/borota25/Desktop/plizio/scripts/smart_poi_downloader_v2.py:56: RuntimeWarning: This package (`duckduckgo_search`) has been renamed to `ddgs`! Use `pip install ddgs` instead.
  with DDGS() as ddgs:
  SIKER: /geo-images/portugal/nat-serra-da-estrela.webp
[449] Keresés: Pico Mountain (portugal)
/home/borota25/Desktop/plizio/scripts/smart_poi_downloader_v2.py:56: RuntimeWarning: This package (`duckduckgo_search`) has been renamed to `ddgs`! Use `pip install ddgs` instead.
  with DDGS() as ddgs:
  SIKER: /geo-images/portugal/nat-pico-mountain.webp
[450] Keresés: Sete Cidades Lake (portugal)
/home/borota25/Desktop/plizio/scripts/smart_poi_downloader_v2.py:56: RuntimeWarning: This package (`duckduckgo_search`) has been renamed to `ddgs`! Use `pip install ddgs` instead.
  with DDGS() as ddgs:
  Keresési hiba (Sete Cidades Lake portugal landmark photo): https://duckduckgo.com/?q=Sete+Cidades+Lake+portugal+landmark+photo 202 Ratelimit
  !!! RATE LIMIT DETECTED !!! Várakozás 5 percig...
  Nincs találat.
[451] Keresés: Lagoa do Fogo (portugal)
/home/borota25/Desktop/plizio/scripts/smart_poi_downloader_v2.py:56: RuntimeWarning: This package (`duckduckgo_search`) has been renamed to `ddgs`! Use `pip install ddgs` instead.
  with DDGS() as ddgs:
  SIKER: /geo-images/portugal/nat-lagoa-do-fogo.webp
[452] Keresés: Douro River (portugal)
/home/borota25/Desktop/plizio/scripts/smart_poi_downloader_v2.py:56: RuntimeWarning: This package (`duckduckgo_search`) has been renamed to `ddgs`! Use `pip install ddgs` instead.
  with DDGS() as ddgs:
  SIKER: /geo-images/portugal/nat-douro-river.webp
[453] Keresés: Tagus River (portugal)
/home/borota25/Desktop/plizio/scripts/smart_poi_downloader_v2.py:56: RuntimeWarning: This package (`duckduckgo_search`) has been renamed to `ddgs`! Use `pip install ddgs` instead.
  with DDGS() as ddgs:
  SIKER: /geo-images/portugal/nat-tejo-river.webp
[454] Keresés: Berlengas Islands (portugal)
/home/borota25/Desktop/plizio/scripts/smart_poi_downloader_v2.py:56: RuntimeWarning: This package (`duckduckgo_search`) has been renamed to `ddgs`! Use `pip install ddgs` instead.
  with DDGS() as ddgs:
  SIKER: /geo-images/portugal/nat-berlengas-island.webp
[455] Keresés: Madeira Laurisilva (portugal)
/home/borota25/Desktop/plizio/scripts/smart_poi_downloader_v2.py:56: RuntimeWarning: This package (`duckduckgo_search`) has been renamed to `ddgs`! Use `pip install ddgs` instead.
  with DDGS() as ddgs:
  SIKER: /geo-images/portugal/nat-madeira-laurisilva.webp
[456] Keresés: Caramulo Range (portugal)
/home/borota25/Desktop/plizio/scripts/smart_poi_downloader_v2.py:56: RuntimeWarning: This package (`duckduckgo_search`) has been renamed to `ddgs`! Use `pip install ddgs` instead.
  with DDGS() as ddgs:
  Keresési hiba (Caramulo Range portugal landmark photo): https://duckduckgo.com/?q=Caramulo+Range+portugal+landmark+photo 202 Ratelimit
  !!! RATE LIMIT DETECTED !!! Várakozás 5 percig...
  Nincs találat.
[457] Keresés: Montejunto Range (portugal)
/home/borota25/Desktop/plizio/scripts/smart_poi_downloader_v2.py:56: RuntimeWarning: This package (`duckduckgo_search`) has been renamed to `ddgs`! Use `pip install ddgs` instead.
  with DDGS() as ddgs:
  SIKER: /geo-images/portugal/mount-serra-de-montejunto.webp
[458] Keresés: Furnas Lake (portugal)
/home/borota25/Desktop/plizio/scripts/smart_poi_downloader_v2.py:56: RuntimeWarning: This package (`duckduckgo_search`) has been renamed to `ddgs`! Use `pip install ddgs` instead.
  with DDGS() as ddgs:
  SIKER: /geo-images/portugal/lake-lagoa-do-furnas.webp
[459] Keresés: Albufeira Lagoon (portugal)
/home/borota25/Desktop/plizio/scripts/smart_poi_downloader_v2.py:56: RuntimeWarning: This package (`duckduckgo_search`) has been renamed to `ddgs`! Use `pip install ddgs` instead.
  with DDGS() as ddgs:
  SIKER: /geo-images/portugal/lake-lagoa-de-albufeira.webp
[460] Keresés: Minho River (portugal)
/home/borota25/Desktop/plizio/scripts/smart_poi_downloader_v2.py:56: RuntimeWarning: This package (`duckduckgo_search`) has been renamed to `ddgs`! Use `pip install ddgs` instead.
  with DDGS() as ddgs:
  SIKER: /geo-images/portugal/river-rio-minho.webp
[461] Keresés: Mondego River (portugal)
/home/borota25/Desktop/plizio/scripts/smart_poi_downloader_v2.py:56: RuntimeWarning: This package (`duckduckgo_search`) has been renamed to `ddgs`! Use `pip install ddgs` instead.
  with DDGS() as ddgs:
  Keresési hiba (Mondego River portugal landmark photo): https://duckduckgo.com/?q=Mondego+River+portugal+landmark+photo 202 Ratelimit
  !!! RATE LIMIT DETECTED !!! Várakozás 5 percig...
  Nincs találat.
[462] Keresés: Culatra Island (portugal)
/home/borota25/Desktop/plizio/scripts/smart_poi_downloader_v2.py:56: RuntimeWarning: This package (`duckduckgo_search`) has been renamed to `ddgs`! Use `pip install ddgs` instead.
  with DDGS() as ddgs:
  SIKER: /geo-images/portugal/island-ilha-da-culatra.webp
[463] Keresés: Leiria National Forest (portugal)
/home/borota25/Desktop/plizio/scripts/smart_poi_downloader_v2.py:56: RuntimeWarning: This package (`duckduckgo_search`) has been renamed to `ddgs`! Use `pip install ddgs` instead.
  with DDGS() as ddgs:
  SIKER: /geo-images/portugal/forest-mata-nacional-de-leiria.webp
[464] Keresés: Setubal (portugal)
/home/borota25/Desktop/plizio/scripts/smart_poi_downloader_v2.py:56: RuntimeWarning: This package (`duckduckgo_search`) has been renamed to `ddgs`! Use `pip install ddgs` instead.
  with DDGS() as ddgs:
  SIKER: /geo-images/portugal/city-setubal.webp
[465] Keresés: Évora (portugal)
/home/borota25/Desktop/plizio/scripts/smart_poi_downloader_v2.py:56: RuntimeWarning: This package (`duckduckgo_search`) has been renamed to `ddgs`! Use `pip install ddgs` instead.
  with DDGS() as ddgs:
  SIKER: /geo-images/portugal/city-evora.webp
[466] Keresés: Aveiro (portugal)
/home/borota25/Desktop/plizio/scripts/smart_poi_downloader_v2.py:56: RuntimeWarning: This package (`duckduckgo_search`) has been renamed to `ddgs`! Use `pip install ddgs` instead.
  with DDGS() as ddgs:
  SIKER: /geo-images/portugal/city-aveiro.webp
[467] Keresés: Viseu (portugal)
/home/borota25/Desktop/plizio/scripts/smart_poi_downloader_v2.py:56: RuntimeWarning: This package (`duckduckgo_search`) has been renamed to `ddgs`! Use `pip install ddgs` instead.
  with DDGS() as ddgs:
  SIKER: /geo-images/portugal/city-viseu.webp
[468] Keresés: Beja (portugal)
/home/borota25/Desktop/plizio/scripts/smart_poi_downloader_v2.py:56: RuntimeWarning: This package (`duckduckgo_search`) has been renamed to `ddgs`! Use `pip install ddgs` instead.
  with DDGS() as ddgs:
  SIKER: /geo-images/portugal/city-beja.webp
[469] Keresés: Braganca (portugal)
/home/borota25/Desktop/plizio/scripts/smart_poi_downloader_v2.py:56: RuntimeWarning: This package (`duckduckgo_search`) has been renamed to `ddgs`! Use `pip install ddgs` instead.
  with DDGS() as ddgs:
  Keresési hiba (Braganca portugal landmark photo): https://duckduckgo.com/?q=Braganca+portugal+landmark+photo 202 Ratelimit
  !!! RATE LIMIT DETECTED !!! Várakozás 5 percig...
  Nincs találat.
[470] Keresés: Leiria (portugal)
/home/borota25/Desktop/plizio/scripts/smart_poi_downloader_v2.py:56: RuntimeWarning: This package (`duckduckgo_search`) has been renamed to `ddgs`! Use `pip install ddgs` instead.
  with DDGS() as ddgs:
  SIKER: /geo-images/portugal/city-leiria.webp
[471] Keresés: Portimao (portugal)
/home/borota25/Desktop/plizio/scripts/smart_poi_downloader_v2.py:56: RuntimeWarning: This package (`duckduckgo_search`) has been renamed to `ddgs`! Use `pip install ddgs` instead.
  with DDGS() as ddgs:
  SIKER: /geo-images/portugal/city-portimao.webp
[472] Keresés: Ponta Delgada (portugal)
/home/borota25/Desktop/plizio/scripts/smart_poi_downloader_v2.py:56: RuntimeWarning: This package (`duckduckgo_search`) has been renamed to `ddgs`! Use `pip install ddgs` instead.
  with DDGS() as ddgs:
  SIKER: /geo-images/portugal/city-ponta-delgada.webp
[473] Keresés: Funchal (portugal)
/home/borota25/Desktop/plizio/scripts/smart_poi_downloader_v2.py:56: RuntimeWarning: This package (`duckduckgo_search`) has been renamed to `ddgs`! Use `pip install ddgs` instead.
  with DDGS() as ddgs:
  SIKER: /geo-images/portugal/city-funchal.webp
[474] Keresés: Mafra (portugal)
/home/borota25/Desktop/plizio/scripts/smart_poi_downloader_v2.py:56: RuntimeWarning: This package (`duckduckgo_search`) has been renamed to `ddgs`! Use `pip install ddgs` instead.
  with DDGS() as ddgs:
  SIKER: /geo-images/portugal/city-mafra.webp
[475] Keresés: Obidos (portugal)
/home/borota25/Desktop/plizio/scripts/smart_poi_downloader_v2.py:56: RuntimeWarning: This package (`duckduckgo_search`) has been renamed to `ddgs`! Use `pip install ddgs` instead.
  with DDGS() as ddgs:
  SIKER: /geo-images/portugal/city-obidos.webp
[476] Keresés: Tomar (portugal)
/home/borota25/Desktop/plizio/scripts/smart_poi_downloader_v2.py:56: RuntimeWarning: This package (`duckduckgo_search`) has been renamed to `ddgs`! Use `pip install ddgs` instead.
  with DDGS() as ddgs:
  SIKER: /geo-images/portugal/city-tomar.webp
[477] Keresés: Viana do Castelo (portugal)
/home/borota25/Desktop/plizio/scripts/smart_poi_downloader_v2.py:56: RuntimeWarning: This package (`duckduckgo_search`) has been renamed to `ddgs`! Use `pip install ddgs` instead.
  with DDGS() as ddgs:
  SIKER: /geo-images/portugal/city-viana-do-castelo.webp
[478] Keresés: Tavira (portugal)
/home/borota25/Desktop/plizio/scripts/smart_poi_downloader_v2.py:56: RuntimeWarning: This package (`duckduckgo_search`) has been renamed to `ddgs`! Use `pip install ddgs` instead.
  with DDGS() as ddgs:
  SIKER: /geo-images/portugal/city-tavira.webp
[479] Keresés: Loule (portugal)
/home/borota25/Desktop/plizio/scripts/smart_poi_downloader_v2.py:56: RuntimeWarning: This package (`duckduckgo_search`) has been renamed to `ddgs`! Use `pip install ddgs` instead.
  with DDGS() as ddgs:
  SIKER: /geo-images/portugal/city-loule.webp
[480] Keresés: Silves (portugal)
/home/borota25/Desktop/plizio/scripts/smart_poi_downloader_v2.py:56: RuntimeWarning: This package (`duckduckgo_search`) has been renamed to `ddgs`! Use `pip install ddgs` instead.
  with DDGS() as ddgs:
  SIKER: /geo-images/portugal/city-silves.webp
[481] Keresés: Santarem (portugal)
/home/borota25/Desktop/plizio/scripts/smart_poi_downloader_v2.py:56: RuntimeWarning: This package (`duckduckgo_search`) has been renamed to `ddgs`! Use `pip install ddgs` instead.
  with DDGS() as ddgs:
  SIKER: /geo-images/portugal/city-santarem.webp
[482] Keresés: Guarda (portugal)
/home/borota25/Desktop/plizio/scripts/smart_poi_downloader_v2.py:56: RuntimeWarning: This package (`duckduckgo_search`) has been renamed to `ddgs`! Use `pip install ddgs` instead.
  with DDGS() as ddgs:
  SIKER: /geo-images/portugal/city-guarda.webp
[483] Keresés: Chaves (portugal)
/home/borota25/Desktop/plizio/scripts/smart_poi_downloader_v2.py:56: RuntimeWarning: This package (`duckduckgo_search`) has been renamed to `ddgs`! Use `pip install ddgs` instead.
  with DDGS() as ddgs:
  SIKER: /geo-images/portugal/city-chaves.webp
[484] Keresés: Elvas (portugal)
/home/borota25/Desktop/plizio/scripts/smart_poi_downloader_v2.py:56: RuntimeWarning: This package (`duckduckgo_search`) has been renamed to `ddgs`! Use `pip install ddgs` instead.
  with DDGS() as ddgs:
  SIKER: /geo-images/portugal/city-elvas.webp
[485] Keresés: Portalegre (portugal)
/home/borota25/Desktop/plizio/scripts/smart_poi_downloader_v2.py:56: RuntimeWarning: This package (`duckduckgo_search`) has been renamed to `ddgs`! Use `pip install ddgs` instead.
  with DDGS() as ddgs:
  SIKER: /geo-images/portugal/city-portalegre.webp
[486] Keresés: Castelo Branco (portugal)
/home/borota25/Desktop/plizio/scripts/smart_poi_downloader_v2.py:56: RuntimeWarning: This package (`duckduckgo_search`) has been renamed to `ddgs`! Use `pip install ddgs` instead.
  with DDGS() as ddgs:
  SIKER: /geo-images/portugal/city-castelo-branco.webp
[487] Keresés: Vila Real (portugal)
/home/borota25/Desktop/plizio/scripts/smart_poi_downloader_v2.py:56: RuntimeWarning: This package (`duckduckgo_search`) has been renamed to `ddgs`! Use `pip install ddgs` instead.
  with DDGS() as ddgs:
  SIKER: /geo-images/portugal/city-vila-real.webp
[488] Keresés: Covilha (portugal)
/home/borota25/Desktop/plizio/scripts/smart_poi_downloader_v2.py:56: RuntimeWarning: This package (`duckduckgo_search`) has been renamed to `ddgs`! Use `pip install ddgs` instead.
  with DDGS() as ddgs:
  SIKER: /geo-images/portugal/city-covilha.webp
[489] Keresés: Church of São Francisco (portugal)
/home/borota25/Desktop/plizio/scripts/smart_poi_downloader_v2.py:56: RuntimeWarning: This package (`duckduckgo_search`) has been renamed to `ddgs`! Use `pip install ddgs` instead.
  with DDGS() as ddgs:
  SIKER: /geo-images/portugal/land-sao-francisco-church-porto.webp
[490] Keresés: Santa Luzia Sanctuary (portugal)
/home/borota25/Desktop/plizio/scripts/smart_poi_downloader_v2.py:56: RuntimeWarning: This package (`duckduckgo_search`) has been renamed to `ddgs`! Use `pip install ddgs` instead.
  with DDGS() as ddgs:
  SIKER: /geo-images/portugal/land-santa-luzia-sanctuary.webp
[491] Keresés: Milreu Roman Ruins (portugal)
/home/borota25/Desktop/plizio/scripts/smart_poi_downloader_v2.py:56: RuntimeWarning: This package (`duckduckgo_search`) has been renamed to `ddgs`! Use `pip install ddgs` instead.
  with DDGS() as ddgs:
  SIKER: /geo-images/portugal/hist-milreu-ruins.webp
[492] Keresés: Elvas Fortifications (portugal)
/home/borota25/Desktop/plizio/scripts/smart_poi_downloader_v2.py:56: RuntimeWarning: This package (`duckduckgo_search`) has been renamed to `ddgs`! Use `pip install ddgs` instead.
  with DDGS() as ddgs:
  Keresési hiba (Elvas Fortifications portugal landmark photo): https://duckduckgo.com/?q=Elvas+Fortifications+portugal+landmark+photo 202 Ratelimit
  !!! RATE LIMIT DETECTED !!! Várakozás 5 percig...
  Nincs találat.
[493] Keresés: Vinho Verde Region (portugal)
/home/borota25/Desktop/plizio/scripts/smart_poi_downloader_v2.py:56: RuntimeWarning: This package (`duckduckgo_search`) has been renamed to `ddgs`! Use `pip install ddgs` instead.
  with DDGS() as ddgs:
  HIBA: Letöltés sikertelen.
[494] Keresés: Dão Vineyards (portugal)
/home/borota25/Desktop/plizio/scripts/smart_poi_downloader_v2.py:56: RuntimeWarning: This package (`duckduckgo_search`) has been renamed to `ddgs`! Use `pip install ddgs` instead.
  with DDGS() as ddgs:
  SIKER: /geo-images/portugal/agri-dao-vineyards.webp
[495] Keresés: Alentejo Olive Groves (portugal)
/home/borota25/Desktop/plizio/scripts/smart_poi_downloader_v2.py:56: RuntimeWarning: This package (`duckduckgo_search`) has been renamed to `ddgs`! Use `pip install ddgs` instead.
  with DDGS() as ddgs:
  SIKER: /geo-images/portugal/agri-alentejo-olive-groves.webp
[496] Keresés: Sines Petrochemical Complex (portugal)
/home/borota25/Desktop/plizio/scripts/smart_poi_downloader_v2.py:56: RuntimeWarning: This package (`duckduckgo_search`) has been renamed to `ddgs`! Use `pip install ddgs` instead.
  with DDGS() as ddgs:
  SIKER: /geo-images/portugal/industry-sines-petrochemical-complex.webp
[497] Keresés: Barcelos Ceramics (portugal)
/home/borota25/Desktop/plizio/scripts/smart_poi_downloader_v2.py:56: RuntimeWarning: This package (`duckduckgo_search`) has been renamed to `ddgs`! Use `pip install ddgs` instead.
  with DDGS() as ddgs:
  SIKER: /geo-images/portugal/industry-barcelos-ceramics.webp
[498] Keresés: Lisbon Oceanarium (portugal)
/home/borota25/Desktop/plizio/scripts/smart_poi_downloader_v2.py:56: RuntimeWarning: This package (`duckduckgo_search`) has been renamed to `ddgs`! Use `pip install ddgs` instead.
  with DDGS() as ddgs:
  SIKER: /geo-images/portugal/kid-oceanario-lisbon.webp
[499] Keresés: Zoomarine Algarve (portugal)
/home/borota25/Desktop/plizio/scripts/smart_poi_downloader_v2.py:56: RuntimeWarning: This package (`duckduckgo_search`) has been renamed to `ddgs`! Use `pip install ddgs` instead.
  with DDGS() as ddgs:
  SIKER: /geo-images/portugal/kid-zoomarine-algarve.webp
[500] Keresés: Zoo Santo Inacio (portugal)
/home/borota25/Desktop/plizio/scripts/smart_poi_downloader_v2.py:56: RuntimeWarning: This package (`duckduckgo_search`) has been renamed to `ddgs`! Use `pip install ddgs` instead.
  with DDGS() as ddgs:
  SIKER: /geo-images/portugal/kid-zoo-santo-inacio.webp
[501] Keresés: Badoca Safari Park (portugal)
/home/borota25/Desktop/plizio/scripts/smart_poi_downloader_v2.py:56: RuntimeWarning: This package (`duckduckgo_search`) has been renamed to `ddgs`! Use `pip install ddgs` instead.
  with DDGS() as ddgs:
  SIKER: /geo-images/portugal/kid-badoca-safari-park.webp

>>> Fájl: slovakiaPoi.ts <<<
[502] Keresés: Spiš Castle (slovakia)
/home/borota25/Desktop/plizio/scripts/smart_poi_downloader_v2.py:56: RuntimeWarning: This package (`duckduckgo_search`) has been renamed to `ddgs`! Use `pip install ddgs` instead.
  with DDGS() as ddgs:
  SIKER: /geo-images/slovakia/castle-spis.webp
[503] Keresés: Nitra (slovakia)
/home/borota25/Desktop/plizio/scripts/smart_poi_downloader_v2.py:56: RuntimeWarning: This package (`duckduckgo_search`) has been renamed to `ddgs`! Use `pip install ddgs` instead.
  with DDGS() as ddgs:
  Keresési hiba (Nitra slovakia landmark photo): https://duckduckgo.com/?q=Nitra+slovakia+landmark+photo 202 Ratelimit
  !!! RATE LIMIT DETECTED !!! Várakozás 5 percig...
  Nincs találat.
[504] Keresés: Trnava (slovakia)
/home/borota25/Desktop/plizio/scripts/smart_poi_downloader_v2.py:56: RuntimeWarning: This package (`duckduckgo_search`) has been renamed to `ddgs`! Use `pip install ddgs` instead.
  with DDGS() as ddgs:
  SIKER: /geo-images/slovakia/city-trnava.webp
[505] Keresés: Prešov (slovakia)
/home/borota25/Desktop/plizio/scripts/smart_poi_downloader_v2.py:56: RuntimeWarning: This package (`duckduckgo_search`) has been renamed to `ddgs`! Use `pip install ddgs` instead.
  with DDGS() as ddgs:
  SIKER: /geo-images/slovakia/city-presov.webp
[506] Keresés: Martin (slovakia)
/home/borota25/Desktop/plizio/scripts/smart_poi_downloader_v2.py:56: RuntimeWarning: This package (`duckduckgo_search`) has been renamed to `ddgs`! Use `pip install ddgs` instead.
  with DDGS() as ddgs:
  SIKER: /geo-images/slovakia/city-martin.webp
[507] Keresés: Ružomberok (slovakia)
/home/borota25/Desktop/plizio/scripts/smart_poi_downloader_v2.py:56: RuntimeWarning: This package (`duckduckgo_search`) has been renamed to `ddgs`! Use `pip install ddgs` instead.
  with DDGS() as ddgs:
  SIKER: /geo-images/slovakia/city-ruzomberok.webp
[508] Keresés: Levoča (slovakia)
/home/borota25/Desktop/plizio/scripts/smart_poi_downloader_v2.py:56: RuntimeWarning: This package (`duckduckgo_search`) has been renamed to `ddgs`! Use `pip install ddgs` instead.
  with DDGS() as ddgs:
  Keresési hiba (Levoča slovakia landmark photo): https://duckduckgo.com/?q=Levo%C4%8Da+slovakia+landmark+photo 202 Ratelimit
  !!! RATE LIMIT DETECTED !!! Várakozás 5 percig...
  Nincs találat.
[509] Keresés: Michalovce (slovakia)
/home/borota25/Desktop/plizio/scripts/smart_poi_downloader_v2.py:56: RuntimeWarning: This package (`duckduckgo_search`) has been renamed to `ddgs`! Use `pip install ddgs` instead.
  with DDGS() as ddgs:
  SIKER: /geo-images/slovakia/city-michalovce.webp
[510] Keresés: Komárno (slovakia)
/home/borota25/Desktop/plizio/scripts/smart_poi_downloader_v2.py:56: RuntimeWarning: This package (`duckduckgo_search`) has been renamed to `ddgs`! Use `pip install ddgs` instead.
  with DDGS() as ddgs:
  SIKER: /geo-images/slovakia/city-komarno.webp
[511] Keresés: Senec (slovakia)
/home/borota25/Desktop/plizio/scripts/smart_poi_downloader_v2.py:56: RuntimeWarning: This package (`duckduckgo_search`) has been renamed to `ddgs`! Use `pip install ddgs` instead.
  with DDGS() as ddgs:
  SIKER: /geo-images/slovakia/city-senec.webp
[512] Keresés: Bardejov (slovakia)
/home/borota25/Desktop/plizio/scripts/smart_poi_downloader_v2.py:56: RuntimeWarning: This package (`duckduckgo_search`) has been renamed to `ddgs`! Use `pip install ddgs` instead.
  with DDGS() as ddgs:
  SIKER: /geo-images/slovakia/city-bardejov.webp
[513] Keresés: Spiš Castle (slovakia)
/home/borota25/Desktop/plizio/scripts/smart_poi_downloader_v2.py:56: RuntimeWarning: This package (`duckduckgo_search`) has been renamed to `ddgs`! Use `pip install ddgs` instead.
  with DDGS() as ddgs:
  SIKER: /geo-images/slovakia/cult-spis-castle.webp
[514] Keresés: Devín Castle (slovakia)
/home/borota25/Desktop/plizio/scripts/smart_poi_downloader_v2.py:56: RuntimeWarning: This package (`duckduckgo_search`) has been renamed to `ddgs`! Use `pip install ddgs` instead.
  with DDGS() as ddgs:
  SIKER: /geo-images/slovakia/hist-devin-castle.webp
[515] Keresés: Orava Castle (slovakia)
/home/borota25/Desktop/plizio/scripts/smart_poi_downloader_v2.py:56: RuntimeWarning: This package (`duckduckgo_search`) has been renamed to `ddgs`! Use `pip install ddgs` instead.
  with DDGS() as ddgs:
  SIKER: /geo-images/slovakia/hist-orava-castle.webp
[516] Keresés: Bojnice Castle (slovakia)
/home/borota25/Desktop/plizio/scripts/smart_poi_downloader_v2.py:56: RuntimeWarning: This package (`duckduckgo_search`) has been renamed to `ddgs`! Use `pip install ddgs` instead.
  with DDGS() as ddgs:
  SIKER: /geo-images/slovakia/hist-bojnice-castle.webp
[517] Keresés: Beckov Castle (slovakia)
/home/borota25/Desktop/plizio/scripts/smart_poi_downloader_v2.py:56: RuntimeWarning: This package (`duckduckgo_search`) has been renamed to `ddgs`! Use `pip install ddgs` instead.
  with DDGS() as ddgs:
  SIKER: /geo-images/slovakia/hist-beckov-castle.webp
[518] Keresés: Čachtice Castle (slovakia)
/home/borota25/Desktop/plizio/scripts/smart_poi_downloader_v2.py:56: RuntimeWarning: This package (`duckduckgo_search`) has been renamed to `ddgs`! Use `pip install ddgs` instead.
  with DDGS() as ddgs:
  SIKER: /geo-images/slovakia/hist-cachtice-castle.webp
[519] Keresés: Krásna Hôrka Castle (slovakia)
/home/borota25/Desktop/plizio/scripts/smart_poi_downloader_v2.py:56: RuntimeWarning: This package (`duckduckgo_search`) has been renamed to `ddgs`! Use `pip install ddgs` instead.
  with DDGS() as ddgs:
  SIKER: /geo-images/slovakia/hist-krasna-horka-castle.webp
[520] Keresés: Červený Kameň Castle (slovakia)
/home/borota25/Desktop/plizio/scripts/smart_poi_downloader_v2.py:56: RuntimeWarning: This package (`duckduckgo_search`) has been renamed to `ddgs`! Use `pip install ddgs` instead.
  with DDGS() as ddgs:
  SIKER: /geo-images/slovakia/hist-cherveny-kamen-castle.webp
[521] Keresés: Stara Lubovna Castle (slovakia)
/home/borota25/Desktop/plizio/scripts/smart_poi_downloader_v2.py:56: RuntimeWarning: This package (`duckduckgo_search`) has been renamed to `ddgs`! Use `pip install ddgs` instead.
  with DDGS() as ddgs:
  SIKER: /geo-images/slovakia/hist-stara-lubovna-castle.webp
[522] Keresés: Blue Church (slovakia)
/home/borota25/Desktop/plizio/scripts/smart_poi_downloader_v2.py:56: RuntimeWarning: This package (`duckduckgo_search`) has been renamed to `ddgs`! Use `pip install ddgs` instead.
  with DDGS() as ddgs:
  SIKER: /geo-images/slovakia/land-blue-church.webp
[523] Keresés: Primate (slovakia)
/home/borota25/Desktop/plizio/scripts/smart_poi_downloader_v2.py:56: RuntimeWarning: This package (`duckduckgo_search`) has been renamed to `ddgs`! Use `pip install ddgs` instead.
  with DDGS() as ddgs:
  SIKER: /geo-images/slovakia/land-primates-palace.webp
[524] Keresés: Slovak National Theatre (slovakia)
/home/borota25/Desktop/plizio/scripts/smart_poi_downloader_v2.py:56: RuntimeWarning: This package (`duckduckgo_search`) has been renamed to `ddgs`! Use `pip install ddgs` instead.
  with DDGS() as ddgs:
  SIKER: /geo-images/slovakia/land-slovak-national-theatre.webp
[525] Keresés: Slovak National Museum (slovakia)
/home/borota25/Desktop/plizio/scripts/smart_poi_downloader_v2.py:56: RuntimeWarning: This package (`duckduckgo_search`) has been renamed to `ddgs`! Use `pip install ddgs` instead.
  with DDGS() as ddgs:
  SIKER: /geo-images/slovakia/land-slovak-national-museum.webp
[526] Keresés: Slovak National Gallery (slovakia)
/home/borota25/Desktop/plizio/scripts/smart_poi_downloader_v2.py:56: RuntimeWarning: This package (`duckduckgo_search`) has been renamed to `ddgs`! Use `pip install ddgs` instead.
  with DDGS() as ddgs:
  SIKER: /geo-images/slovakia/land-slovak-national-gallery.webp
[527] Keresés: Michael (slovakia)
/home/borota25/Desktop/plizio/scripts/smart_poi_downloader_v2.py:56: RuntimeWarning: This package (`duckduckgo_search`) has been renamed to `ddgs`! Use `pip install ddgs` instead.
  with DDGS() as ddgs:
  SIKER: /geo-images/slovakia/land-michaels-gate.webp
[528] Keresés: UFO Observation Deck (slovakia)
/home/borota25/Desktop/plizio/scripts/smart_poi_downloader_v2.py:56: RuntimeWarning: This package (`duckduckgo_search`) has been renamed to `ddgs`! Use `pip install ddgs` instead.
  with DDGS() as ddgs:
  HIBA: Letöltés sikertelen.
[529] Keresés: Slovak Radio Building (slovakia)
/home/borota25/Desktop/plizio/scripts/smart_poi_downloader_v2.py:56: RuntimeWarning: This package (`duckduckgo_search`) has been renamed to `ddgs`! Use `pip install ddgs` instead.
  with DDGS() as ddgs:
  SIKER: /geo-images/slovakia/land-slovak-radio-pyramid.webp
[530] Keresés: Bratislava Port (slovakia)
/home/borota25/Desktop/plizio/scripts/smart_poi_downloader_v2.py:56: RuntimeWarning: This package (`duckduckgo_search`) has been renamed to `ddgs`! Use `pip install ddgs` instead.
  with DDGS() as ddgs:
  SIKER: /geo-images/slovakia/port-bratislava-port.webp
[531] Keresés: Komárno Port (slovakia)
/home/borota25/Desktop/plizio/scripts/smart_poi_downloader_v2.py:56: RuntimeWarning: This package (`duckduckgo_search`) has been renamed to `ddgs`! Use `pip install ddgs` instead.
  with DDGS() as ddgs:
  SIKER: /geo-images/slovakia/port-komarno-port.webp
[532] Keresés: U.S. Steel Košice (slovakia)
/home/borota25/Desktop/plizio/scripts/smart_poi_downloader_v2.py:56: RuntimeWarning: This package (`duckduckgo_search`) has been renamed to `ddgs`! Use `pip install ddgs` instead.
  with DDGS() as ddgs:
  SIKER: /geo-images/slovakia/ind-us-steel-kosice.webp
[533] Keresés: Slovnaft Refinery (slovakia)
/home/borota25/Desktop/plizio/scripts/smart_poi_downloader_v2.py:56: RuntimeWarning: This package (`duckduckgo_search`) has been renamed to `ddgs`! Use `pip install ddgs` instead.
  with DDGS() as ddgs:
  SIKER: /geo-images/slovakia/ind-slovnaft-refinery.webp
[534] Keresés: Žitný ostrov (slovakia)
/home/borota25/Desktop/plizio/scripts/smart_poi_downloader_v2.py:56: RuntimeWarning: This package (`duckduckgo_search`) has been renamed to `ddgs`! Use `pip install ddgs` instead.
  with DDGS() as ddgs:
  SIKER: /geo-images/slovakia/agri-zitny-ostrov.webp
[535] Keresés: Tokaj Wine Region (slovakia)
/home/borota25/Desktop/plizio/scripts/smart_poi_downloader_v2.py:56: RuntimeWarning: This package (`duckduckgo_search`) has been renamed to `ddgs`! Use `pip install ddgs` instead.
  with DDGS() as ddgs:
  Keresési hiba (Tokaj Wine Region slovakia landmark photo): https://duckduckgo.com/?q=Tokaj+Wine+Region+slovakia+landmark+photo 202 Ratelimit
  !!! RATE LIMIT DETECTED !!! Várakozás 5 percig...
  Nincs találat.
[536] Keresés: Pieniny National Park (slovakia)
/home/borota25/Desktop/plizio/scripts/smart_poi_downloader_v2.py:56: RuntimeWarning: This package (`duckduckgo_search`) has been renamed to `ddgs`! Use `pip install ddgs` instead.
  with DDGS() as ddgs:
  SIKER: /geo-images/slovakia/nat-pieniny.webp
[537] Keresés: Gerlachovský štít (slovakia)
/home/borota25/Desktop/plizio/scripts/smart_poi_downloader_v2.py:56: RuntimeWarning: This package (`duckduckgo_search`) has been renamed to `ddgs`! Use `pip install ddgs` instead.
  with DDGS() as ddgs:
  SIKER: /geo-images/slovakia/nat-gerlachovsky-stit.webp
[538] Keresés: Kriváň (slovakia)
/home/borota25/Desktop/plizio/scripts/smart_poi_downloader_v2.py:56: RuntimeWarning: This package (`duckduckgo_search`) has been renamed to `ddgs`! Use `pip install ddgs` instead.
  with DDGS() as ddgs:
  SIKER: /geo-images/slovakia/nat-krivan.webp
[539] Keresés: Low Tatras (slovakia)
/home/borota25/Desktop/plizio/scripts/smart_poi_downloader_v2.py:56: RuntimeWarning: This package (`duckduckgo_search`) has been renamed to `ddgs`! Use `pip install ddgs` instead.
  with DDGS() as ddgs:
  SIKER: /geo-images/slovakia/nat-low-tatras.webp
[540] Keresés: Mala Fatra (slovakia)
/home/borota25/Desktop/plizio/scripts/smart_poi_downloader_v2.py:56: RuntimeWarning: This package (`duckduckgo_search`) has been renamed to `ddgs`! Use `pip install ddgs` instead.
  with DDGS() as ddgs:
  SIKER: /geo-images/slovakia/nat-mala-fatra.webp
[541] Keresés: Štrbské Pleso (slovakia)
/home/borota25/Desktop/plizio/scripts/smart_poi_downloader_v2.py:56: RuntimeWarning: This package (`duckduckgo_search`) has been renamed to `ddgs`! Use `pip install ddgs` instead.
  with DDGS() as ddgs:
  SIKER: /geo-images/slovakia/nat-strbske-pleso.webp
[542] Keresés: Liptovská Mara (slovakia)
/home/borota25/Desktop/plizio/scripts/smart_poi_downloader_v2.py:56: RuntimeWarning: This package (`duckduckgo_search`) has been renamed to `ddgs`! Use `pip install ddgs` instead.
  with DDGS() as ddgs:
  SIKER: /geo-images/slovakia/nat-liptovska-mara.webp
[543] Keresés: Váh River (slovakia)
/home/borota25/Desktop/plizio/scripts/smart_poi_downloader_v2.py:56: RuntimeWarning: This package (`duckduckgo_search`) has been renamed to `ddgs`! Use `pip install ddgs` instead.
  with DDGS() as ddgs:
  SIKER: /geo-images/slovakia/nat-vah-river.webp
[544] Keresés: Danube River (slovakia)
/home/borota25/Desktop/plizio/scripts/smart_poi_downloader_v2.py:56: RuntimeWarning: This package (`duckduckgo_search`) has been renamed to `ddgs`! Use `pip install ddgs` instead.
  with DDGS() as ddgs:
  SIKER: /geo-images/slovakia/nat-danube-river.webp

>>> Fájl: sloveniaPoi.ts <<<
[545] Keresés: Triglav National Park (slovenia)
/home/borota25/Desktop/plizio/scripts/smart_poi_downloader_v2.py:56: RuntimeWarning: This package (`duckduckgo_search`) has been renamed to `ddgs`! Use `pip install ddgs` instead.
  with DDGS() as ddgs:
  SIKER: /geo-images/slovenia/nature-triglav.webp
[546] Keresés: Soča Valley (slovenia)
/home/borota25/Desktop/plizio/scripts/smart_poi_downloader_v2.py:56: RuntimeWarning: This package (`duckduckgo_search`) has been renamed to `ddgs`! Use `pip install ddgs` instead.
  with DDGS() as ddgs:
  SIKER: /geo-images/slovenia/nature-soca-valley.webp
[547] Keresés: Ptuj (slovenia)
/home/borota25/Desktop/plizio/scripts/smart_poi_downloader_v2.py:56: RuntimeWarning: This package (`duckduckgo_search`) has been renamed to `ddgs`! Use `pip install ddgs` instead.
  with DDGS() as ddgs:
  SIKER: /geo-images/slovenia/city-ptuj.webp
[548] Keresés: Novo Mesto (slovenia)
/home/borota25/Desktop/plizio/scripts/smart_poi_downloader_v2.py:56: RuntimeWarning: This package (`duckduckgo_search`) has been renamed to `ddgs`! Use `pip install ddgs` instead.
  with DDGS() as ddgs:
  SIKER: /geo-images/slovenia/city-novo-mesto.webp
[549] Keresés: Nova Gorica (slovenia)
/home/borota25/Desktop/plizio/scripts/smart_poi_downloader_v2.py:56: RuntimeWarning: This package (`duckduckgo_search`) has been renamed to `ddgs`! Use `pip install ddgs` instead.
  with DDGS() as ddgs:
  SIKER: /geo-images/slovenia/city-nova-gorica.webp
[550] Keresés: Velenje (slovenia)
/home/borota25/Desktop/plizio/scripts/smart_poi_downloader_v2.py:56: RuntimeWarning: This package (`duckduckgo_search`) has been renamed to `ddgs`! Use `pip install ddgs` instead.
  with DDGS() as ddgs:
  SIKER: /geo-images/slovenia/city-velenje.webp
[551] Keresés: Murska Sobota (slovenia)
/home/borota25/Desktop/plizio/scripts/smart_poi_downloader_v2.py:56: RuntimeWarning: This package (`duckduckgo_search`) has been renamed to `ddgs`! Use `pip install ddgs` instead.
  with DDGS() as ddgs:
  SIKER: /geo-images/slovenia/city-murska-sobota.webp
[552] Keresés: Izola (slovenia)
/home/borota25/Desktop/plizio/scripts/smart_poi_downloader_v2.py:56: RuntimeWarning: This package (`duckduckgo_search`) has been renamed to `ddgs`! Use `pip install ddgs` instead.
  with DDGS() as ddgs:
  SIKER: /geo-images/slovenia/city-izola.webp
[553] Keresés: Kamnik (slovenia)
/home/borota25/Desktop/plizio/scripts/smart_poi_downloader_v2.py:56: RuntimeWarning: This package (`duckduckgo_search`) has been renamed to `ddgs`! Use `pip install ddgs` instead.
  with DDGS() as ddgs:
  SIKER: /geo-images/slovenia/city-kamnik.webp
[554] Keresés: Skofja Loka (slovenia)
/home/borota25/Desktop/plizio/scripts/smart_poi_downloader_v2.py:56: RuntimeWarning: This package (`duckduckgo_search`) has been renamed to `ddgs`! Use `pip install ddgs` instead.
  with DDGS() as ddgs:
  SIKER: /geo-images/slovenia/city-skofja-loka.webp
[555] Keresés: Postojna (slovenia)
/home/borota25/Desktop/plizio/scripts/smart_poi_downloader_v2.py:56: RuntimeWarning: This package (`duckduckgo_search`) has been renamed to `ddgs`! Use `pip install ddgs` instead.
  with DDGS() as ddgs:
  SIKER: /geo-images/slovenia/city-postojna.webp
[556] Keresés: Bovec (slovenia)
/home/borota25/Desktop/plizio/scripts/smart_poi_downloader_v2.py:56: RuntimeWarning: This package (`duckduckgo_search`) has been renamed to `ddgs`! Use `pip install ddgs` instead.
  with DDGS() as ddgs:
  SIKER: /geo-images/slovenia/city-bovec.webp
[557] Keresés: Postojna Cave and Predjama Castle (slovenia)
/home/borota25/Desktop/plizio/scripts/smart_poi_downloader_v2.py:56: RuntimeWarning: This package (`duckduckgo_search`) has been renamed to `ddgs`! Use `pip install ddgs` instead.
  with DDGS() as ddgs:
  Keresési hiba (Postojna Cave and Predjama Castle slovenia landmark photo): https://duckduckgo.com/?q=Postojna+Cave+and+Predjama+Castle+slovenia+landmark+photo 202 Ratelimit
  !!! RATE LIMIT DETECTED !!! Várakozás 5 percig...
  Nincs találat.
[558] Keresés: Bled Castle and Island (slovenia)
/home/borota25/Desktop/plizio/scripts/smart_poi_downloader_v2.py:56: RuntimeWarning: This package (`duckduckgo_search`) has been renamed to `ddgs`! Use `pip install ddgs` instead.
  with DDGS() as ddgs:
  SIKER: /geo-images/slovenia/cult-bled-castle.webp
[559] Keresés: Celje Castle (slovenia)
/home/borota25/Desktop/plizio/scripts/smart_poi_downloader_v2.py:56: RuntimeWarning: This package (`duckduckgo_search`) has been renamed to `ddgs`! Use `pip install ddgs` instead.
  with DDGS() as ddgs:
  SIKER: /geo-images/slovenia/historical-celje-castle.webp
[560] Keresés: Ptuj Castle (slovenia)
/home/borota25/Desktop/plizio/scripts/smart_poi_downloader_v2.py:56: RuntimeWarning: This package (`duckduckgo_search`) has been renamed to `ddgs`! Use `pip install ddgs` instead.
  with DDGS() as ddgs:
  SIKER: /geo-images/slovenia/historical-ptuj-castle.webp
[561] Keresés: Franja Partisan Hospital (slovenia)
/home/borota25/Desktop/plizio/scripts/smart_poi_downloader_v2.py:56: RuntimeWarning: This package (`duckduckgo_search`) has been renamed to `ddgs`! Use `pip install ddgs` instead.
  with DDGS() as ddgs:
  SIKER: /geo-images/slovenia/historical-franja-partisan-hospital.webp
[562] Keresés: Roman Emona (slovenia)
/home/borota25/Desktop/plizio/scripts/smart_poi_downloader_v2.py:56: RuntimeWarning: This package (`duckduckgo_search`) has been renamed to `ddgs`! Use `pip install ddgs` instead.
  with DDGS() as ddgs:
  SIKER: /geo-images/slovenia/historical-roman-emona.webp
[563] Keresés: Russian Chapel (slovenia)
/home/borota25/Desktop/plizio/scripts/smart_poi_downloader_v2.py:56: RuntimeWarning: This package (`duckduckgo_search`) has been renamed to `ddgs`! Use `pip install ddgs` instead.
  with DDGS() as ddgs:
  Keresési hiba (Russian Chapel slovenia landmark photo): https://duckduckgo.com/?q=Russian+Chapel+slovenia+landmark+photo 202 Ratelimit
  !!! RATE LIMIT DETECTED !!! Várakozás 5 percig...
  Nincs találat.
[564] Keresés: Snežnik Castle (slovenia)
/home/borota25/Desktop/plizio/scripts/smart_poi_downloader_v2.py:56: RuntimeWarning: This package (`duckduckgo_search`) has been renamed to `ddgs`! Use `pip install ddgs` instead.
  with DDGS() as ddgs:
  SIKER: /geo-images/slovenia/historical-sneznik-castle.webp
[565] Keresés: Škofja Loka Old Town (slovenia)
/home/borota25/Desktop/plizio/scripts/smart_poi_downloader_v2.py:56: RuntimeWarning: This package (`duckduckgo_search`) has been renamed to `ddgs`! Use `pip install ddgs` instead.
  with DDGS() as ddgs:
  SIKER: /geo-images/slovenia/historical-skofja-loka-old-town.webp
[566] Keresés: Piran Town Walls (slovenia)
/home/borota25/Desktop/plizio/scripts/smart_poi_downloader_v2.py:56: RuntimeWarning: This package (`duckduckgo_search`) has been renamed to `ddgs`! Use `pip install ddgs` instead.
  with DDGS() as ddgs:
  SIKER: /geo-images/slovenia/historical-piran-town-walls.webp
[567] Keresés: National and University Library (slovenia)
/home/borota25/Desktop/plizio/scripts/smart_poi_downloader_v2.py:56: RuntimeWarning: This package (`duckduckgo_search`) has been renamed to `ddgs`! Use `pip install ddgs` instead.
  with DDGS() as ddgs:
  SIKER: /geo-images/slovenia/landmark-national-university-library.webp
[568] Keresés: Dragon Bridge (slovenia)
/home/borota25/Desktop/plizio/scripts/smart_poi_downloader_v2.py:56: RuntimeWarning: This package (`duckduckgo_search`) has been renamed to `ddgs`! Use `pip install ddgs` instead.
  with DDGS() as ddgs:
  SIKER: /geo-images/slovenia/landmark-dragon-bridge.webp
[569] Keresés: Triple Bridge (slovenia)
/home/borota25/Desktop/plizio/scripts/smart_poi_downloader_v2.py:56: RuntimeWarning: This package (`duckduckgo_search`) has been renamed to `ddgs`! Use `pip install ddgs` instead.
  with DDGS() as ddgs:
  SIKER: /geo-images/slovenia/landmark-triple-bridge.webp
[570] Keresés: National Gallery of Slovenia (slovenia)
/home/borota25/Desktop/plizio/scripts/smart_poi_downloader_v2.py:56: RuntimeWarning: This package (`duckduckgo_search`) has been renamed to `ddgs`! Use `pip install ddgs` instead.
  with DDGS() as ddgs:
  SIKER: /geo-images/slovenia/landmark-national-gallery-of-slovenia.webp
[571] Keresés: Cankarjev dom (slovenia)
/home/borota25/Desktop/plizio/scripts/smart_poi_downloader_v2.py:56: RuntimeWarning: This package (`duckduckgo_search`) has been renamed to `ddgs`! Use `pip install ddgs` instead.
  with DDGS() as ddgs:
  SIKER: /geo-images/slovenia/landmark-cankarjev-dom.webp
[572] Keresés: Ljubljana Opera House (slovenia)
/home/borota25/Desktop/plizio/scripts/smart_poi_downloader_v2.py:56: RuntimeWarning: This package (`duckduckgo_search`) has been renamed to `ddgs`! Use `pip install ddgs` instead.
  with DDGS() as ddgs:
  Keresési hiba (Ljubljana Opera House slovenia landmark photo): https://duckduckgo.com/?q=Ljubljana+Opera+House+slovenia+landmark+photo 202 Ratelimit
  !!! RATE LIMIT DETECTED !!! Várakozás 5 percig...
  Nincs találat.
[573] Keresés: Plečnik House (slovenia)
/home/borota25/Desktop/plizio/scripts/smart_poi_downloader_v2.py:56: RuntimeWarning: This package (`duckduckgo_search`) has been renamed to `ddgs`! Use `pip install ddgs` instead.
  with DDGS() as ddgs:
  Keresési hiba (Plečnik House slovenia landmark photo): https://duckduckgo.com/?q=Ple%C4%8Dnik+House+slovenia+landmark+photo 202 Ratelimit
  !!! RATE LIMIT DETECTED !!! Várakozás 5 percig...
  Nincs találat.
[574] Keresés: Metelkova Museum District (slovenia)
/home/borota25/Desktop/plizio/scripts/smart_poi_downloader_v2.py:56: RuntimeWarning: This package (`duckduckgo_search`) has been renamed to `ddgs`! Use `pip install ddgs` instead.
  with DDGS() as ddgs:
  SIKER: /geo-images/slovenia/landmark-metelkova-museum.webp
[575] Keresés: Port of Koper (slovenia)
/home/borota25/Desktop/plizio/scripts/smart_poi_downloader_v2.py:56: RuntimeWarning: This package (`duckduckgo_search`) has been renamed to `ddgs`! Use `pip install ddgs` instead.
  with DDGS() as ddgs:
  SIKER: /geo-images/slovenia/port-koper.webp
[576] Keresés: Krka Novo Mesto (slovenia)
/home/borota25/Desktop/plizio/scripts/smart_poi_downloader_v2.py:56: RuntimeWarning: This package (`duckduckgo_search`) has been renamed to `ddgs`! Use `pip install ddgs` instead.
  with DDGS() as ddgs:
  SIKER: /geo-images/slovenia/industry-krka-novo-mesto.webp
[577] Keresés: Triglav National Park and Peak (slovenia)
/home/borota25/Desktop/plizio/scripts/smart_poi_downloader_v2.py:56: RuntimeWarning: This package (`duckduckgo_search`) has been renamed to `ddgs`! Use `pip install ddgs` instead.
  with DDGS() as ddgs:
  Keresési hiba (Triglav National Park and Peak slovenia landmark photo): https://duckduckgo.com/?q=Triglav+National+Park+and+Peak+slovenia+landmark+photo 202 Ratelimit
  !!! RATE LIMIT DETECTED !!! Várakozás 5 percig...
  Nincs találat.
[578] Keresés: Soča Valley (slovenia)
/home/borota25/Desktop/plizio/scripts/smart_poi_downloader_v2.py:56: RuntimeWarning: This package (`duckduckgo_search`) has been renamed to `ddgs`! Use `pip install ddgs` instead.
  with DDGS() as ddgs:
  SIKER: /geo-images/slovenia/nat-soca.webp
[579] Keresés: Mangart (slovenia)
/home/borota25/Desktop/plizio/scripts/smart_poi_downloader_v2.py:56: RuntimeWarning: This package (`duckduckgo_search`) has been renamed to `ddgs`! Use `pip install ddgs` instead.
  with DDGS() as ddgs:
  SIKER: /geo-images/slovenia/mountain-mangart.webp
[580] Keresés: Stol (slovenia)
/home/borota25/Desktop/plizio/scripts/smart_poi_downloader_v2.py:56: RuntimeWarning: This package (`duckduckgo_search`) has been renamed to `ddgs`! Use `pip install ddgs` instead.
  with DDGS() as ddgs:
  SIKER: /geo-images/slovenia/mountain-stol.webp
[581] Keresés: Lake Bohinj (slovenia)
/home/borota25/Desktop/plizio/scripts/smart_poi_downloader_v2.py:56: RuntimeWarning: This package (`duckduckgo_search`) has been renamed to `ddgs`! Use `pip install ddgs` instead.
  with DDGS() as ddgs:
  SIKER: /geo-images/slovenia/lake-bohinj.webp
[582] Keresés: Lake Jasna (slovenia)
/home/borota25/Desktop/plizio/scripts/smart_poi_downloader_v2.py:56: RuntimeWarning: This package (`duckduckgo_search`) has been renamed to `ddgs`! Use `pip install ddgs` instead.
  with DDGS() as ddgs:
  SIKER: /geo-images/slovenia/lake-jasna.webp
[583] Keresés: Soča River (slovenia)
/home/borota25/Desktop/plizio/scripts/smart_poi_downloader_v2.py:56: RuntimeWarning: This package (`duckduckgo_search`) has been renamed to `ddgs`! Use `pip install ddgs` instead.
  with DDGS() as ddgs:
  SIKER: /geo-images/slovenia/river-soca.webp
[584] Keresés: Krka River (slovenia)
/home/borota25/Desktop/plizio/scripts/smart_poi_downloader_v2.py:56: RuntimeWarning: This package (`duckduckgo_search`) has been renamed to `ddgs`! Use `pip install ddgs` instead.
  with DDGS() as ddgs:
  SIKER: /geo-images/slovenia/river-krka.webp
[585] Keresés: Bled Island (slovenia)
/home/borota25/Desktop/plizio/scripts/smart_poi_downloader_v2.py:56: RuntimeWarning: This package (`duckduckgo_search`) has been renamed to `ddgs`! Use `pip install ddgs` instead.
  with DDGS() as ddgs:
  SIKER: /geo-images/slovenia/island-bled.webp
[586] Keresés: Kočevski Rog (slovenia)
/home/borota25/Desktop/plizio/scripts/smart_poi_downloader_v2.py:56: RuntimeWarning: This package (`duckduckgo_search`) has been renamed to `ddgs`! Use `pip install ddgs` instead.
  with DDGS() as ddgs:
  SIKER: /geo-images/slovenia/forest-kocevski-rog.webp
[587] Keresés: Revoz Novo Mesto (slovenia)
/home/borota25/Desktop/plizio/scripts/smart_poi_downloader_v2.py:56: RuntimeWarning: This package (`duckduckgo_search`) has been renamed to `ddgs`! Use `pip install ddgs` instead.
  with DDGS() as ddgs:
  SIKER: /geo-images/slovenia/industry-revoz-novo-mesto.webp
[588] Keresés: Gorenje Velenje (slovenia)
/home/borota25/Desktop/plizio/scripts/smart_poi_downloader_v2.py:56: RuntimeWarning: This package (`duckduckgo_search`) has been renamed to `ddgs`! Use `pip install ddgs` instead.
  with DDGS() as ddgs:
  SIKER: /geo-images/slovenia/industry-gorenje-velenje.webp
[589] Keresés: Vipava Valley Vineyards (slovenia)
/home/borota25/Desktop/plizio/scripts/smart_poi_downloader_v2.py:56: RuntimeWarning: This package (`duckduckgo_search`) has been renamed to `ddgs`! Use `pip install ddgs` instead.
  with DDGS() as ddgs:
  SIKER: /geo-images/slovenia/agriculture-vipava-valley-vineyards.webp
[590] Keresés: Goriška Brda Vineyards (slovenia)
/home/borota25/Desktop/plizio/scripts/smart_poi_downloader_v2.py:56: RuntimeWarning: This package (`duckduckgo_search`) has been renamed to `ddgs`! Use `pip install ddgs` instead.
  with DDGS() as ddgs:
  SIKER: /geo-images/slovenia/agriculture-goriska-brda-vineyards.webp

>>> Fájl: switzerlandPoi.ts <<<
[591] Keresés: Winterthur (switzerland)
/home/borota25/Desktop/plizio/scripts/smart_poi_downloader_v2.py:56: RuntimeWarning: This package (`duckduckgo_search`) has been renamed to `ddgs`! Use `pip install ddgs` instead.
  with DDGS() as ddgs:
  SIKER: /geo-images/switzerland/city-winterthur.webp
[592] Keresés: Chur (switzerland)
/home/borota25/Desktop/plizio/scripts/smart_poi_downloader_v2.py:56: RuntimeWarning: This package (`duckduckgo_search`) has been renamed to `ddgs`! Use `pip install ddgs` instead.
  with DDGS() as ddgs:
  SIKER: /geo-images/switzerland/city-chur.webp
[593] Keresés: Lugano (switzerland)
/home/borota25/Desktop/plizio/scripts/smart_poi_downloader_v2.py:56: RuntimeWarning: This package (`duckduckgo_search`) has been renamed to `ddgs`! Use `pip install ddgs` instead.
  with DDGS() as ddgs:
  SIKER: /geo-images/switzerland/city-lugano.webp
[594] Keresés: St. Gallen (switzerland)
/home/borota25/Desktop/plizio/scripts/smart_poi_downloader_v2.py:56: RuntimeWarning: This package (`duckduckgo_search`) has been renamed to `ddgs`! Use `pip install ddgs` instead.
  with DDGS() as ddgs:
  SIKER: /geo-images/switzerland/city-st-gallen.webp
[595] Keresés: Biel/Bienne (switzerland)
/home/borota25/Desktop/plizio/scripts/smart_poi_downloader_v2.py:56: RuntimeWarning: This package (`duckduckgo_search`) has been renamed to `ddgs`! Use `pip install ddgs` instead.
  with DDGS() as ddgs:
  SIKER: /geo-images/switzerland/city-biel-bienne.webp
[596] Keresés: Thun (switzerland)
/home/borota25/Desktop/plizio/scripts/smart_poi_downloader_v2.py:56: RuntimeWarning: This package (`duckduckgo_search`) has been renamed to `ddgs`! Use `pip install ddgs` instead.
  with DDGS() as ddgs:
  SIKER: /geo-images/switzerland/city-thun.webp
[597] Keresés: Schaffhausen (switzerland)
/home/borota25/Desktop/plizio/scripts/smart_poi_downloader_v2.py:56: RuntimeWarning: This package (`duckduckgo_search`) has been renamed to `ddgs`! Use `pip install ddgs` instead.
  with DDGS() as ddgs:
  SIKER: /geo-images/switzerland/city-schaffhausen.webp
[598] Keresés: Fribourg (switzerland)
/home/borota25/Desktop/plizio/scripts/smart_poi_downloader_v2.py:56: RuntimeWarning: This package (`duckduckgo_search`) has been renamed to `ddgs`! Use `pip install ddgs` instead.
  with DDGS() as ddgs:
  SIKER: /geo-images/switzerland/city-fribourg.webp
[599] Keresés: Sion (switzerland)
/home/borota25/Desktop/plizio/scripts/smart_poi_downloader_v2.py:56: RuntimeWarning: This package (`duckduckgo_search`) has been renamed to `ddgs`! Use `pip install ddgs` instead.
  with DDGS() as ddgs:
  SIKER: /geo-images/switzerland/city-sion.webp
[600] Keresés: Montreux (switzerland)
/home/borota25/Desktop/plizio/scripts/smart_poi_downloader_v2.py:56: RuntimeWarning: This package (`duckduckgo_search`) has been renamed to `ddgs`! Use `pip install ddgs` instead.
  with DDGS() as ddgs:
  SIKER: /geo-images/switzerland/city-montreux.webp
[601] Keresés: Castelgrande (switzerland)
/home/borota25/Desktop/plizio/scripts/smart_poi_downloader_v2.py:56: RuntimeWarning: This package (`duckduckgo_search`) has been renamed to `ddgs`! Use `pip install ddgs` instead.
  with DDGS() as ddgs:
  Keresési hiba (Castelgrande switzerland landmark photo): https://duckduckgo.com/?q=Castelgrande+switzerland+landmark+photo 202 Ratelimit
  !!! RATE LIMIT DETECTED !!! Várakozás 5 percig...
  Nincs találat.
[602] Keresés: Montebello Castle (switzerland)
/home/borota25/Desktop/plizio/scripts/smart_poi_downloader_v2.py:56: RuntimeWarning: This package (`duckduckgo_search`) has been renamed to `ddgs`! Use `pip install ddgs` instead.
  with DDGS() as ddgs:
  SIKER: /geo-images/switzerland/hist-montebello-castle.webp
[603] Keresés: Sasso Corbaro (switzerland)
/home/borota25/Desktop/plizio/scripts/smart_poi_downloader_v2.py:56: RuntimeWarning: This package (`duckduckgo_search`) has been renamed to `ddgs`! Use `pip install ddgs` instead.
  with DDGS() as ddgs:
  Keresési hiba (Sasso Corbaro switzerland landmark photo): https://duckduckgo.com/?q=Sasso+Corbaro+switzerland+landmark+photo 202 Ratelimit
  !!! RATE LIMIT DETECTED !!! Várakozás 5 percig...
  Nincs találat.
[604] Keresés: Abbey District of St. Gallen (switzerland)
/home/borota25/Desktop/plizio/scripts/smart_poi_downloader_v2.py:56: RuntimeWarning: This package (`duckduckgo_search`) has been renamed to `ddgs`! Use `pip install ddgs` instead.
  with DDGS() as ddgs:
  SIKER: /geo-images/switzerland/hist-abbey-of-saint-gall.webp
[605] Keresés: Morgarten Battlefield (switzerland)
/home/borota25/Desktop/plizio/scripts/smart_poi_downloader_v2.py:56: RuntimeWarning: This package (`duckduckgo_search`) has been renamed to `ddgs`! Use `pip install ddgs` instead.
  with DDGS() as ddgs:
  SIKER: /geo-images/switzerland/hist-morgarten-battlefield.webp
[606] Keresés: Sempach Battlefield (switzerland)
/home/borota25/Desktop/plizio/scripts/smart_poi_downloader_v2.py:56: RuntimeWarning: This package (`duckduckgo_search`) has been renamed to `ddgs`! Use `pip install ddgs` instead.
  with DDGS() as ddgs:
  SIKER: /geo-images/switzerland/hist-sempach-battlefield.webp
[607] Keresés: Augusta Raurica (switzerland)
/home/borota25/Desktop/plizio/scripts/smart_poi_downloader_v2.py:56: RuntimeWarning: This package (`duckduckgo_search`) has been renamed to `ddgs`! Use `pip install ddgs` instead.
  with DDGS() as ddgs:
  SIKER: /geo-images/switzerland/hist-augusta-raurica.webp
[608] Keresés: GruyÃ¨res Castle (switzerland)
/home/borota25/Desktop/plizio/scripts/smart_poi_downloader_v2.py:56: RuntimeWarning: This package (`duckduckgo_search`) has been renamed to `ddgs`! Use `pip install ddgs` instead.
  with DDGS() as ddgs:
  SIKER: /geo-images/switzerland/hist-gruyeres-castle.webp
[609] Keresés: Eiger (switzerland)
/home/borota25/Desktop/plizio/scripts/smart_poi_downloader_v2.py:56: RuntimeWarning: This package (`duckduckgo_search`) has been renamed to `ddgs`! Use `pip install ddgs` instead.
  with DDGS() as ddgs:
  SIKER: /geo-images/switzerland/mountain-eiger.webp
[610] Keresés: Jungfrau (switzerland)
/home/borota25/Desktop/plizio/scripts/smart_poi_downloader_v2.py:56: RuntimeWarning: This package (`duckduckgo_search`) has been renamed to `ddgs`! Use `pip install ddgs` instead.
  with DDGS() as ddgs:
  SIKER: /geo-images/switzerland/mountain-jungfrau.webp
[611] Keresés: Titlis (switzerland)
/home/borota25/Desktop/plizio/scripts/smart_poi_downloader_v2.py:56: RuntimeWarning: This package (`duckduckgo_search`) has been renamed to `ddgs`! Use `pip install ddgs` instead.
  with DDGS() as ddgs:
  SIKER: /geo-images/switzerland/mountain-titlis.webp
[612] Keresés: Lake Lugano (switzerland)
/home/borota25/Desktop/plizio/scripts/smart_poi_downloader_v2.py:56: RuntimeWarning: This package (`duckduckgo_search`) has been renamed to `ddgs`! Use `pip install ddgs` instead.
  with DDGS() as ddgs:
  SIKER: /geo-images/switzerland/lake-lugano.webp
[613] Keresés: Lake Constance (switzerland)
/home/borota25/Desktop/plizio/scripts/smart_poi_downloader_v2.py:56: RuntimeWarning: This package (`duckduckgo_search`) has been renamed to `ddgs`! Use `pip install ddgs` instead.
  with DDGS() as ddgs:
  SIKER: /geo-images/switzerland/lake-constance.webp
[614] Keresés: Rhine (switzerland)
/home/borota25/Desktop/plizio/scripts/smart_poi_downloader_v2.py:56: RuntimeWarning: This package (`duckduckgo_search`) has been renamed to `ddgs`! Use `pip install ddgs` instead.
  with DDGS() as ddgs:
  SIKER: /geo-images/switzerland/river-rhine.webp
[615] Keresés: Sihlwald (switzerland)
/home/borota25/Desktop/plizio/scripts/smart_poi_downloader_v2.py:56: RuntimeWarning: This package (`duckduckgo_search`) has been renamed to `ddgs`! Use `pip install ddgs` instead.
  with DDGS() as ddgs:
  SIKER: /geo-images/switzerland/forest-sihlwald.webp
[616] Keresés: St. Peter (switzerland)
/home/borota25/Desktop/plizio/scripts/smart_poi_downloader_v2.py:56: RuntimeWarning: This package (`duckduckgo_search`) has been renamed to `ddgs`! Use `pip install ddgs` instead.
  with DDGS() as ddgs:
  Keresési hiba (St. Peter switzerland landmark photo): https://duckduckgo.com/?q=St.+Peter+switzerland+landmark+photo 202 Ratelimit
  !!! RATE LIMIT DETECTED !!! Várakozás 5 percig...
  Nincs találat.
[617] Keresés: Kunsthaus Zurich (switzerland)
/home/borota25/Desktop/plizio/scripts/smart_poi_downloader_v2.py:56: RuntimeWarning: This package (`duckduckgo_search`) has been renamed to `ddgs`! Use `pip install ddgs` instead.
  with DDGS() as ddgs:
  SIKER: /geo-images/switzerland/landmark-kunsthaus-zurich.webp
[618] Keresés: Swiss National Museum (switzerland)
/home/borota25/Desktop/plizio/scripts/smart_poi_downloader_v2.py:56: RuntimeWarning: This package (`duckduckgo_search`) has been renamed to `ddgs`! Use `pip install ddgs` instead.
  with DDGS() as ddgs:
  SIKER: /geo-images/switzerland/landmark-swiss-national-museum.webp
[619] Keresés: Federal Palace (switzerland)
/home/borota25/Desktop/plizio/scripts/smart_poi_downloader_v2.py:56: RuntimeWarning: This package (`duckduckgo_search`) has been renamed to `ddgs`! Use `pip install ddgs` instead.
  with DDGS() as ddgs:
  SIKER: /geo-images/switzerland/landmark-federal-palace.webp
[620] Keresés: Olympic Museum (switzerland)
/home/borota25/Desktop/plizio/scripts/smart_poi_downloader_v2.py:56: RuntimeWarning: This package (`duckduckgo_search`) has been renamed to `ddgs`! Use `pip install ddgs` instead.
  with DDGS() as ddgs:
  Letöltési hiba: HTTPSConnectionPool(host='ak.jogurucdn.com', port=443): Max retries exceeded with url: /media/image/p25/place-2014-08-04-17-Olympicmuseumlausanne814ca71ca6e19253c87943d2243733b0.jpg (Caused by NameResolutionError("<urllib3.connection.HTTPSConnection object at 0x7f66b3972430>: Failed to resolve 'ak.jogurucdn.com' ([Errno -2] Name or service not known)"))
  HIBA: Letöltés sikertelen.
[621] Keresés: Rolex Learning Center (switzerland)
/home/borota25/Desktop/plizio/scripts/smart_poi_downloader_v2.py:56: RuntimeWarning: This package (`duckduckgo_search`) has been renamed to `ddgs`! Use `pip install ddgs` instead.
  with DDGS() as ddgs:
  SIKER: /geo-images/switzerland/landmark-rolex-learning-center.webp
[622] Keresés: FIFA Museum (switzerland)
/home/borota25/Desktop/plizio/scripts/smart_poi_downloader_v2.py:56: RuntimeWarning: This package (`duckduckgo_search`) has been renamed to `ddgs`! Use `pip install ddgs` instead.
  with DDGS() as ddgs:
  SIKER: /geo-images/switzerland/landmark-fifa-museum.webp
[623] Keresés: Fondation Beyeler (switzerland)
/home/borota25/Desktop/plizio/scripts/smart_poi_downloader_v2.py:56: RuntimeWarning: This package (`duckduckgo_search`) has been renamed to `ddgs`! Use `pip install ddgs` instead.
  with DDGS() as ddgs:
  SIKER: /geo-images/switzerland/landmark-fondation-beyeler.webp
[624] Keresés: CERN Science Gateway (switzerland)
/home/borota25/Desktop/plizio/scripts/smart_poi_downloader_v2.py:56: RuntimeWarning: This package (`duckduckgo_search`) has been renamed to `ddgs`! Use `pip install ddgs` instead.
  with DDGS() as ddgs:
  SIKER: /geo-images/switzerland/landmark-cern-science-gateway.webp
[625] Keresés: Port of Basel (switzerland)
/home/borota25/Desktop/plizio/scripts/smart_poi_downloader_v2.py:56: RuntimeWarning: This package (`duckduckgo_search`) has been renamed to `ddgs`! Use `pip install ddgs` instead.
  with DDGS() as ddgs:
  SIKER: /geo-images/switzerland/port-basel.webp
[626] Keresés: Port of Birsfelden (switzerland)
/home/borota25/Desktop/plizio/scripts/smart_poi_downloader_v2.py:56: RuntimeWarning: This package (`duckduckgo_search`) has been renamed to `ddgs`! Use `pip install ddgs` instead.
  with DDGS() as ddgs:
  Letöltési hiba: ('Connection aborted.', RemoteDisconnected('Remote end closed connection without response'))
  HIBA: Letöltés sikertelen.
[627] Keresés: Swissmill Tower (switzerland)
/home/borota25/Desktop/plizio/scripts/smart_poi_downloader_v2.py:56: RuntimeWarning: This package (`duckduckgo_search`) has been renamed to `ddgs`! Use `pip install ddgs` instead.
  with DDGS() as ddgs:
  SIKER: /geo-images/switzerland/industry-swissmill-tower.webp
[628] Keresés: Novartis Campus (switzerland)
/home/borota25/Desktop/plizio/scripts/smart_poi_downloader_v2.py:56: RuntimeWarning: This package (`duckduckgo_search`) has been renamed to `ddgs`! Use `pip install ddgs` instead.
  with DDGS() as ddgs:
  SIKER: /geo-images/switzerland/industry-novartis-campus.webp
[629] Keresés: Lavaux Vineyards (switzerland)
/home/borota25/Desktop/plizio/scripts/smart_poi_downloader_v2.py:56: RuntimeWarning: This package (`duckduckgo_search`) has been renamed to `ddgs`! Use `pip install ddgs` instead.
  with DDGS() as ddgs:
  SIKER: /geo-images/switzerland/agriculture-lavaux-vineyards.webp
[630] Keresés: Emmental (switzerland)
/home/borota25/Desktop/plizio/scripts/smart_poi_downloader_v2.py:56: RuntimeWarning: This package (`duckduckgo_search`) has been renamed to `ddgs`! Use `pip install ddgs` instead.
  with DDGS() as ddgs:
  SIKER: /geo-images/switzerland/agriculture-emmental-dairy.webp
[631] Keresés: Bern Old Town (switzerland)
/home/borota25/Desktop/plizio/scripts/smart_poi_downloader_v2.py:56: RuntimeWarning: This package (`duckduckgo_search`) has been renamed to `ddgs`! Use `pip install ddgs` instead.
  with DDGS() as ddgs:
  Keresési hiba (Bern Old Town switzerland landmark photo): https://duckduckgo.com/?q=Bern+Old+Town+switzerland+landmark+photo 202 Ratelimit
  !!! RATE LIMIT DETECTED !!! Várakozás 5 percig...
  Nincs találat.
[632] Keresés: Rhaetian Railway Bernina (switzerland)
/home/borota25/Desktop/plizio/scripts/smart_poi_downloader_v2.py:56: RuntimeWarning: This package (`duckduckgo_search`) has been renamed to `ddgs`! Use `pip install ddgs` instead.
  with DDGS() as ddgs:
  SIKER: /geo-images/switzerland/cult-rhaetian-railway.webp

>>> Fájl: czechRepublicPoi.ts <<<
[633] Keresés: Ostrava (czech-republic)
/home/borota25/Desktop/plizio/scripts/smart_poi_downloader_v2.py:56: RuntimeWarning: This package (`duckduckgo_search`) has been renamed to `ddgs`! Use `pip install ddgs` instead.
  with DDGS() as ddgs:
  SIKER: /geo-images/czechRepublic/city-ostrava.webp
[634] Keresés: Liberec (czech-republic)
/home/borota25/Desktop/plizio/scripts/smart_poi_downloader_v2.py:56: RuntimeWarning: This package (`duckduckgo_search`) has been renamed to `ddgs`! Use `pip install ddgs` instead.
  with DDGS() as ddgs:
  SIKER: /geo-images/czechRepublic/city-liberec.webp
[635] Keresés: Olomouc (czech-republic)
/home/borota25/Desktop/plizio/scripts/smart_poi_downloader_v2.py:56: RuntimeWarning: This package (`duckduckgo_search`) has been renamed to `ddgs`! Use `pip install ddgs` instead.
  with DDGS() as ddgs:
  SIKER: /geo-images/czechRepublic/city-olomouc.webp
[636] Keresés: Hradec Králové (czech-republic)
/home/borota25/Desktop/plizio/scripts/smart_poi_downloader_v2.py:56: RuntimeWarning: This package (`duckduckgo_search`) has been renamed to `ddgs`! Use `pip install ddgs` instead.
  with DDGS() as ddgs:
  SIKER: /geo-images/czechRepublic/city-hradec-kralove.webp
[637] Keresés: Pardubice (czech-republic)
/home/borota25/Desktop/plizio/scripts/smart_poi_downloader_v2.py:56: RuntimeWarning: This package (`duckduckgo_search`) has been renamed to `ddgs`! Use `pip install ddgs` instead.
  with DDGS() as ddgs:
  SIKER: /geo-images/czechRepublic/city-pardubice.webp
[638] Keresés: Zlín (czech-republic)
/home/borota25/Desktop/plizio/scripts/smart_poi_downloader_v2.py:56: RuntimeWarning: This package (`duckduckgo_search`) has been renamed to `ddgs`! Use `pip install ddgs` instead.
  with DDGS() as ddgs:
  SIKER: /geo-images/czechRepublic/city-zlin.webp
[639] Keresés: Jihlava (czech-republic)
/home/borota25/Desktop/plizio/scripts/smart_poi_downloader_v2.py:56: RuntimeWarning: This package (`duckduckgo_search`) has been renamed to `ddgs`! Use `pip install ddgs` instead.
  with DDGS() as ddgs:
  SIKER: /geo-images/czechRepublic/city-jihlava.webp
[640] Keresés: České Budějovice (czech-republic)
/home/borota25/Desktop/plizio/scripts/smart_poi_downloader_v2.py:56: RuntimeWarning: This package (`duckduckgo_search`) has been renamed to `ddgs`! Use `pip install ddgs` instead.
  with DDGS() as ddgs:
  SIKER: /geo-images/czechRepublic/city-ceske-budejovice.webp
[641] Keresés: Ústí nad Labem (czech-republic)
/home/borota25/Desktop/plizio/scripts/smart_poi_downloader_v2.py:56: RuntimeWarning: This package (`duckduckgo_search`) has been renamed to `ddgs`! Use `pip install ddgs` instead.
  with DDGS() as ddgs:
  SIKER: /geo-images/czechRepublic/city-usti-nad-labem.webp
[642] Keresés: Tábor (czech-republic)
/home/borota25/Desktop/plizio/scripts/smart_poi_downloader_v2.py:56: RuntimeWarning: This package (`duckduckgo_search`) has been renamed to `ddgs`! Use `pip install ddgs` instead.
  with DDGS() as ddgs:
  SIKER: /geo-images/czechRepublic/city-tabor.webp
[643] Keresés: Cheb (czech-republic)
/home/borota25/Desktop/plizio/scripts/smart_poi_downloader_v2.py:56: RuntimeWarning: This package (`duckduckgo_search`) has been renamed to `ddgs`! Use `pip install ddgs` instead.
  with DDGS() as ddgs:
  SIKER: /geo-images/czechRepublic/city-cheb.webp
[644] Keresés: As (czech-republic)
/home/borota25/Desktop/plizio/scripts/smart_poi_downloader_v2.py:56: RuntimeWarning: This package (`duckduckgo_search`) has been renamed to `ddgs`! Use `pip install ddgs` instead.
  with DDGS() as ddgs:
  SIKER: /geo-images/czechRepublic/city-as.webp
[645] Keresés: Domazlice (czech-republic)
/home/borota25/Desktop/plizio/scripts/smart_poi_downloader_v2.py:56: RuntimeWarning: This package (`duckduckgo_search`) has been renamed to `ddgs`! Use `pip install ddgs` instead.
  with DDGS() as ddgs:
  SIKER: /geo-images/czechRepublic/city-domazlice.webp
[646] Keresés: Tachov (czech-republic)
/home/borota25/Desktop/plizio/scripts/smart_poi_downloader_v2.py:56: RuntimeWarning: This package (`duckduckgo_search`) has been renamed to `ddgs`! Use `pip install ddgs` instead.
  with DDGS() as ddgs:
  SIKER: /geo-images/czechRepublic/city-tachov.webp
[647] Keresés: Zatec (czech-republic)
/home/borota25/Desktop/plizio/scripts/smart_poi_downloader_v2.py:56: RuntimeWarning: This package (`duckduckgo_search`) has been renamed to `ddgs`! Use `pip install ddgs` instead.
  with DDGS() as ddgs:
  SIKER: /geo-images/czechRepublic/city-zatec.webp
[648] Keresés: Litomerice (czech-republic)
/home/borota25/Desktop/plizio/scripts/smart_poi_downloader_v2.py:56: RuntimeWarning: This package (`duckduckgo_search`) has been renamed to `ddgs`! Use `pip install ddgs` instead.
  with DDGS() as ddgs:
  SIKER: /geo-images/czechRepublic/city-litomerice.webp
[649] Keresés: Decin (czech-republic)
/home/borota25/Desktop/plizio/scripts/smart_poi_downloader_v2.py:56: RuntimeWarning: This package (`duckduckgo_search`) has been renamed to `ddgs`! Use `pip install ddgs` instead.
  with DDGS() as ddgs:
  SIKER: /geo-images/czechRepublic/city-decin.webp
[650] Keresés: Trutnov (czech-republic)
/home/borota25/Desktop/plizio/scripts/smart_poi_downloader_v2.py:56: RuntimeWarning: This package (`duckduckgo_search`) has been renamed to `ddgs`! Use `pip install ddgs` instead.
  with DDGS() as ddgs:
  Keresési hiba (Trutnov czech-republic landmark photo): https://duckduckgo.com/?q=Trutnov+czech-republic+landmark+photo 202 Ratelimit
  !!! RATE LIMIT DETECTED !!! Várakozás 5 percig...
  Nincs találat.
[651] Keresés: Nachod (czech-republic)
/home/borota25/Desktop/plizio/scripts/smart_poi_downloader_v2.py:56: RuntimeWarning: This package (`duckduckgo_search`) has been renamed to `ddgs`! Use `pip install ddgs` instead.
  with DDGS() as ddgs:
  SIKER: /geo-images/czechRepublic/city-nachod.webp
[652] Keresés: Trebic (czech-republic)
/home/borota25/Desktop/plizio/scripts/smart_poi_downloader_v2.py:56: RuntimeWarning: This package (`duckduckgo_search`) has been renamed to `ddgs`! Use `pip install ddgs` instead.
  with DDGS() as ddgs:
  SIKER: /geo-images/czechRepublic/city-trebic.webp
[653] Keresés: Mikulov (czech-republic)
/home/borota25/Desktop/plizio/scripts/smart_poi_downloader_v2.py:56: RuntimeWarning: This package (`duckduckgo_search`) has been renamed to `ddgs`! Use `pip install ddgs` instead.
  with DDGS() as ddgs:
  SIKER: /geo-images/czechRepublic/city-mikulov.webp
[654] Keresés: Valtice (czech-republic)
/home/borota25/Desktop/plizio/scripts/smart_poi_downloader_v2.py:56: RuntimeWarning: This package (`duckduckgo_search`) has been renamed to `ddgs`! Use `pip install ddgs` instead.
  with DDGS() as ddgs:
  SIKER: /geo-images/czechRepublic/city-valtice.webp
[655] Keresés: Breclav (czech-republic)
/home/borota25/Desktop/plizio/scripts/smart_poi_downloader_v2.py:56: RuntimeWarning: This package (`duckduckgo_search`) has been renamed to `ddgs`! Use `pip install ddgs` instead.
  with DDGS() as ddgs:
  SIKER: /geo-images/czechRepublic/city-breclav.webp
[656] Keresés: Uherske Hradiste (czech-republic)
/home/borota25/Desktop/plizio/scripts/smart_poi_downloader_v2.py:56: RuntimeWarning: This package (`duckduckgo_search`) has been renamed to `ddgs`! Use `pip install ddgs` instead.
  with DDGS() as ddgs:
  SIKER: /geo-images/czechRepublic/city-uherske-hradiste.webp
[657] Keresés: Frydek-Mistek (czech-republic)
/home/borota25/Desktop/plizio/scripts/smart_poi_downloader_v2.py:56: RuntimeWarning: This package (`duckduckgo_search`) has been renamed to `ddgs`! Use `pip install ddgs` instead.
  with DDGS() as ddgs:
  SIKER: /geo-images/czechRepublic/city-frydek-mistek.webp
[658] Keresés: Kutná Hora Sedlec (czech-republic)
/home/borota25/Desktop/plizio/scripts/smart_poi_downloader_v2.py:56: RuntimeWarning: This package (`duckduckgo_search`) has been renamed to `ddgs`! Use `pip install ddgs` instead.
  with DDGS() as ddgs:
  SIKER: /geo-images/czechRepublic/cult-kutna-hora.webp
[659] Keresés: Telč (czech-republic)
/home/borota25/Desktop/plizio/scripts/smart_poi_downloader_v2.py:56: RuntimeWarning: This package (`duckduckgo_search`) has been renamed to `ddgs`! Use `pip install ddgs` instead.
  with DDGS() as ddgs:
  SIKER: /geo-images/czechRepublic/historical-telc.webp
[660] Keresés: Kroměříž (czech-republic)
/home/borota25/Desktop/plizio/scripts/smart_poi_downloader_v2.py:56: RuntimeWarning: This package (`duckduckgo_search`) has been renamed to `ddgs`! Use `pip install ddgs` instead.
  with DDGS() as ddgs:
  SIKER: /geo-images/czechRepublic/historical-kromeriz.webp
[661] Keresés: Litomyšl (czech-republic)
/home/borota25/Desktop/plizio/scripts/smart_poi_downloader_v2.py:56: RuntimeWarning: This package (`duckduckgo_search`) has been renamed to `ddgs`! Use `pip install ddgs` instead.
  with DDGS() as ddgs:
  SIKER: /geo-images/czechRepublic/historical-litomysl.webp
[662] Keresés: Žďár nad Sázavou (czech-republic)
/home/borota25/Desktop/plizio/scripts/smart_poi_downloader_v2.py:56: RuntimeWarning: This package (`duckduckgo_search`) has been renamed to `ddgs`! Use `pip install ddgs` instead.
  with DDGS() as ddgs:
  SIKER: /geo-images/czechRepublic/historical-zdar-nad-sazavou.webp
[663] Keresés: Kuks (czech-republic)
/home/borota25/Desktop/plizio/scripts/smart_poi_downloader_v2.py:56: RuntimeWarning: This package (`duckduckgo_search`) has been renamed to `ddgs`! Use `pip install ddgs` instead.
  with DDGS() as ddgs:
  SIKER: /geo-images/czechRepublic/historical-kuks.webp
[664] Keresés: White Mountain (czech-republic)
/home/borota25/Desktop/plizio/scripts/smart_poi_downloader_v2.py:56: RuntimeWarning: This package (`duckduckgo_search`) has been renamed to `ddgs`! Use `pip install ddgs` instead.
  with DDGS() as ddgs:
  SIKER: /geo-images/czechRepublic/historical-white-mountain.webp
[665] Keresés: Konopiště Castle (czech-republic)
/home/borota25/Desktop/plizio/scripts/smart_poi_downloader_v2.py:56: RuntimeWarning: This package (`duckduckgo_search`) has been renamed to `ddgs`! Use `pip install ddgs` instead.
  with DDGS() as ddgs:
  SIKER: /geo-images/czechRepublic/historical-konopiste.webp
[666] Keresés: Trosky Castle (czech-republic)
/home/borota25/Desktop/plizio/scripts/smart_poi_downloader_v2.py:56: RuntimeWarning: This package (`duckduckgo_search`) has been renamed to `ddgs`! Use `pip install ddgs` instead.
  with DDGS() as ddgs:
  SIKER: /geo-images/czechRepublic/historical-trosky.webp
[667] Keresés: National Museum Prague (czech-republic)
/home/borota25/Desktop/plizio/scripts/smart_poi_downloader_v2.py:56: RuntimeWarning: This package (`duckduckgo_search`) has been renamed to `ddgs`! Use `pip install ddgs` instead.
  with DDGS() as ddgs:
  SIKER: /geo-images/czechRepublic/landmark-national-museum.webp
[668] Keresés: Dancing House (czech-republic)
/home/borota25/Desktop/plizio/scripts/smart_poi_downloader_v2.py:56: RuntimeWarning: This package (`duckduckgo_search`) has been renamed to `ddgs`! Use `pip install ddgs` instead.
  with DDGS() as ddgs:
  SIKER: /geo-images/czechRepublic/landmark-dancing-house.webp
[669] Keresés: Žižkov Television Tower (czech-republic)
/home/borota25/Desktop/plizio/scripts/smart_poi_downloader_v2.py:56: RuntimeWarning: This package (`duckduckgo_search`) has been renamed to `ddgs`! Use `pip install ddgs` instead.
  with DDGS() as ddgs:
  SIKER: /geo-images/czechRepublic/landmark-zizkov-tower.webp
[670] Keresés: St. Vitus Cathedral (czech-republic)
/home/borota25/Desktop/plizio/scripts/smart_poi_downloader_v2.py:56: RuntimeWarning: This package (`duckduckgo_search`) has been renamed to `ddgs`! Use `pip install ddgs` instead.
  with DDGS() as ddgs:
  SIKER: /geo-images/czechRepublic/landmark-st-vitus-cathedral.webp
[671] Keresés: Villa Tugendhat (czech-republic)
/home/borota25/Desktop/plizio/scripts/smart_poi_downloader_v2.py:56: RuntimeWarning: This package (`duckduckgo_search`) has been renamed to `ddgs`! Use `pip install ddgs` instead.
  with DDGS() as ddgs:
  SIKER: /geo-images/czechRepublic/landmark-villa-tugendhat.webp
[672] Keresés: National Theatre Prague (czech-republic)
/home/borota25/Desktop/plizio/scripts/smart_poi_downloader_v2.py:56: RuntimeWarning: This package (`duckduckgo_search`) has been renamed to `ddgs`! Use `pip install ddgs` instead.
  with DDGS() as ddgs:
  Keresési hiba (National Theatre Prague czech-republic landmark photo): https://duckduckgo.com/?q=National+Theatre+Prague+czech-republic+landmark+photo 202 Ratelimit
  !!! RATE LIMIT DETECTED !!! Várakozás 5 percig...
  Nincs találat.
[673] Keresés: National Technical Museum (czech-republic)
/home/borota25/Desktop/plizio/scripts/smart_poi_downloader_v2.py:56: RuntimeWarning: This package (`duckduckgo_search`) has been renamed to `ddgs`! Use `pip install ddgs` instead.
  with DDGS() as ddgs:
  SIKER: /geo-images/czechRepublic/landmark-national-technical-museum.webp
[674] Keresés: Holy Trinity Column (czech-republic)
/home/borota25/Desktop/plizio/scripts/smart_poi_downloader_v2.py:56: RuntimeWarning: This package (`duckduckgo_search`) has been renamed to `ddgs`! Use `pip install ddgs` instead.
  with DDGS() as ddgs:
  SIKER: /geo-images/czechRepublic/landmark-holy-trinity-column.webp
[675] Keresés: Dolní Vítkovice (czech-republic)
/home/borota25/Desktop/plizio/scripts/smart_poi_downloader_v2.py:56: RuntimeWarning: This package (`duckduckgo_search`) has been renamed to `ddgs`! Use `pip install ddgs` instead.
  with DDGS() as ddgs:
  SIKER: /geo-images/czechRepublic/industry-dolni-vitkovice.webp
[676] Keresés: Škoda Auto Mladá Boleslav (czech-republic)
/home/borota25/Desktop/plizio/scripts/smart_poi_downloader_v2.py:56: RuntimeWarning: This package (`duckduckgo_search`) has been renamed to `ddgs`! Use `pip install ddgs` instead.
  with DDGS() as ddgs:
  Keresési hiba (Škoda Auto Mladá Boleslav czech-republic landmark photo): https://duckduckgo.com/?q=%C5%A0koda+Auto+Mlad%C3%A1+Boleslav+czech-republic+landmark+photo 202 Ratelimit
  !!! RATE LIMIT DETECTED !!! Várakozás 5 percig...
  Nincs találat.
[677] Keresés: Pilsner Urquell Brewery (czech-republic)
/home/borota25/Desktop/plizio/scripts/smart_poi_downloader_v2.py:56: RuntimeWarning: This package (`duckduckgo_search`) has been renamed to `ddgs`! Use `pip install ddgs` instead.
  with DDGS() as ddgs:
  SIKER: /geo-images/czechRepublic/industry-pilsner-urquell-brewery.webp
[678] Keresés: Mělník River Port (czech-republic)
/home/borota25/Desktop/plizio/scripts/smart_poi_downloader_v2.py:56: RuntimeWarning: This package (`duckduckgo_search`) has been renamed to `ddgs`! Use `pip install ddgs` instead.
  with DDGS() as ddgs:
  SIKER: /geo-images/czechRepublic/port-melnik-river-port.webp
[679] Keresés: Ústí nad Labem River Port (czech-republic)
/home/borota25/Desktop/plizio/scripts/smart_poi_downloader_v2.py:56: RuntimeWarning: This package (`duckduckgo_search`) has been renamed to `ddgs`! Use `pip install ddgs` instead.
  with DDGS() as ddgs:
  SIKER: /geo-images/czechRepublic/port-usti-nad-labem-river-port.webp
[680] Keresés: Mikulov Vineyards (czech-republic)
/home/borota25/Desktop/plizio/scripts/smart_poi_downloader_v2.py:56: RuntimeWarning: This package (`duckduckgo_search`) has been renamed to `ddgs`! Use `pip install ddgs` instead.
  with DDGS() as ddgs:
  SIKER: /geo-images/czechRepublic/agriculture-moravian-vineyards-mikulov.webp
[681] Keresés: Jested Tower (czech-republic)
/home/borota25/Desktop/plizio/scripts/smart_poi_downloader_v2.py:56: RuntimeWarning: This package (`duckduckgo_search`) has been renamed to `ddgs`! Use `pip install ddgs` instead.
  with DDGS() as ddgs:
  SIKER: /geo-images/czechRepublic/landmark-jested-tower.webp
[682] Keresés: Sedlec Ossuary (czech-republic)
/home/borota25/Desktop/plizio/scripts/smart_poi_downloader_v2.py:56: RuntimeWarning: This package (`duckduckgo_search`) has been renamed to `ddgs`! Use `pip install ddgs` instead.
  with DDGS() as ddgs:
  SIKER: /geo-images/czechRepublic/historical-sedlec-ossuary.webp
[683] Keresés: St. Barbara (czech-republic)
/home/borota25/Desktop/plizio/scripts/smart_poi_downloader_v2.py:56: RuntimeWarning: This package (`duckduckgo_search`) has been renamed to `ddgs`! Use `pip install ddgs` instead.
  with DDGS() as ddgs:
  SIKER: /geo-images/czechRepublic/landmark-st-barbara-church.webp
[684] Keresés: Green Hill Pilgrimage Church (czech-republic)
/home/borota25/Desktop/plizio/scripts/smart_poi_downloader_v2.py:56: RuntimeWarning: This package (`duckduckgo_search`) has been renamed to `ddgs`! Use `pip install ddgs` instead.
  with DDGS() as ddgs:
  SIKER: /geo-images/czechRepublic/historical-zelena-hora-church.webp
[685] Keresés: Svaty Hostyn Basilica (czech-republic)
/home/borota25/Desktop/plizio/scripts/smart_poi_downloader_v2.py:56: RuntimeWarning: This package (`duckduckgo_search`) has been renamed to `ddgs`! Use `pip install ddgs` instead.
  with DDGS() as ddgs:
  SIKER: /geo-images/czechRepublic/landmark-svaty-hostyn-basilica.webp
[686] Keresés: Svaty Kopecek (czech-republic)
/home/borota25/Desktop/plizio/scripts/smart_poi_downloader_v2.py:56: RuntimeWarning: This package (`duckduckgo_search`) has been renamed to `ddgs`! Use `pip install ddgs` instead.
  with DDGS() as ddgs:
  SIKER: /geo-images/czechRepublic/historical-svaty-kopecek-basilica.webp
[687] Keresés: Marianske Lazne Colonnade (czech-republic)
/home/borota25/Desktop/plizio/scripts/smart_poi_downloader_v2.py:56: RuntimeWarning: This package (`duckduckgo_search`) has been renamed to `ddgs`! Use `pip install ddgs` instead.
  with DDGS() as ddgs:
  SIKER: /geo-images/czechRepublic/landmark-marianske-lazne-colonnade.webp
[688] Keresés: Valtice Chateau (czech-republic)
/home/borota25/Desktop/plizio/scripts/smart_poi_downloader_v2.py:56: RuntimeWarning: This package (`duckduckgo_search`) has been renamed to `ddgs`! Use `pip install ddgs` instead.
  with DDGS() as ddgs:
  SIKER: /geo-images/czechRepublic/landmark-valtice-chateau.webp
[689] Keresés: Zatec Hop Fields (czech-republic)
/home/borota25/Desktop/plizio/scripts/smart_poi_downloader_v2.py:56: RuntimeWarning: This package (`duckduckgo_search`) has been renamed to `ddgs`! Use `pip install ddgs` instead.
  with DDGS() as ddgs:
  Keresési hiba (Zatec Hop Fields czech-republic landmark photo): https://duckduckgo.com/?q=Zatec+Hop+Fields+czech-republic+landmark+photo 202 Ratelimit
  !!! RATE LIMIT DETECTED !!! Várakozás 5 percig...
  Nincs találat.
[690] Keresés: Melnik Vineyards (czech-republic)
/home/borota25/Desktop/plizio/scripts/smart_poi_downloader_v2.py:56: RuntimeWarning: This package (`duckduckgo_search`) has been renamed to `ddgs`! Use `pip install ddgs` instead.
  with DDGS() as ddgs:
  Keresési hiba (Melnik Vineyards czech-republic landmark photo): https://duckduckgo.com/?q=Melnik+Vineyards+czech-republic+landmark+photo 202 Ratelimit
  !!! RATE LIMIT DETECTED !!! Várakozás 5 percig...
  Nincs találat.
[691] Keresés: Tatra Trucks Koprivnice (czech-republic)
/home/borota25/Desktop/plizio/scripts/smart_poi_downloader_v2.py:56: RuntimeWarning: This package (`duckduckgo_search`) has been renamed to `ddgs`! Use `pip install ddgs` instead.
  with DDGS() as ddgs:
  Keresési hiba (Tatra Trucks Koprivnice czech-republic landmark photo): https://duckduckgo.com/?q=Tatra+Trucks+Koprivnice+czech-republic+landmark+photo 202 Ratelimit
  !!! RATE LIMIT DETECTED !!! Várakozás 5 percig...
  Nincs találat.
[692] Keresés: Bata Factory Zlin (czech-republic)
/home/borota25/Desktop/plizio/scripts/smart_poi_downloader_v2.py:56: RuntimeWarning: This package (`duckduckgo_search`) has been renamed to `ddgs`! Use `pip install ddgs` instead.
  with DDGS() as ddgs:
  SIKER: /geo-images/czechRepublic/industry-bata-shoe-factory-zlin.webp
[693] Keresés: Skoda Kvasiny (czech-republic)
/home/borota25/Desktop/plizio/scripts/smart_poi_downloader_v2.py:56: RuntimeWarning: This package (`duckduckgo_search`) has been renamed to `ddgs`! Use `pip install ddgs` instead.
  with DDGS() as ddgs:
  SIKER: /geo-images/czechRepublic/industry-skoda-kvasiny.webp
[694] Keresés: Prague Zoo (czech-republic)
/home/borota25/Desktop/plizio/scripts/smart_poi_downloader_v2.py:56: RuntimeWarning: This package (`duckduckgo_search`) has been renamed to `ddgs`! Use `pip install ddgs` instead.
  with DDGS() as ddgs:
  Keresési hiba (Prague Zoo czech-republic landmark photo): https://duckduckgo.com/?q=Prague+Zoo+czech-republic+landmark+photo 202 Ratelimit
  !!! RATE LIMIT DETECTED !!! Várakozás 5 percig...
  Nincs találat.
[695] Keresés: Mirakulum (czech-republic)
/home/borota25/Desktop/plizio/scripts/smart_poi_downloader_v2.py:56: RuntimeWarning: This package (`duckduckgo_search`) has been renamed to `ddgs`! Use `pip install ddgs` instead.
  with DDGS() as ddgs:
  SIKER: /geo-images/czechRepublic/kid-landmark-mirakulum-milovice.webp
[696] Keresés: DinoPark Vyskov (czech-republic)
/home/borota25/Desktop/plizio/scripts/smart_poi_downloader_v2.py:56: RuntimeWarning: This package (`duckduckgo_search`) has been renamed to `ddgs`! Use `pip install ddgs` instead.
  with DDGS() as ddgs:
  SIKER: /geo-images/czechRepublic/kid-landmark-dinopark-vyskov.webp
[697] Keresés: Zlin Zoo (czech-republic)
/home/borota25/Desktop/plizio/scripts/smart_poi_downloader_v2.py:56: RuntimeWarning: This package (`duckduckgo_search`) has been renamed to `ddgs`! Use `pip install ddgs` instead.
  with DDGS() as ddgs:
  SIKER: /geo-images/czechRepublic/kid-landmark-zlin-zoo.webp
[698] Keresés: Bohemian Switzerland NP (czech-republic)
/home/borota25/Desktop/plizio/scripts/smart_poi_downloader_v2.py:56: RuntimeWarning: This package (`duckduckgo_search`) has been renamed to `ddgs`! Use `pip install ddgs` instead.
  with DDGS() as ddgs:
  SIKER: /geo-images/czechRepublic/nat-bohemian-switzerland.webp
[699] Keresés: Šumava NP (czech-republic)
/home/borota25/Desktop/plizio/scripts/smart_poi_downloader_v2.py:56: RuntimeWarning: This package (`duckduckgo_search`) has been renamed to `ddgs`! Use `pip install ddgs` instead.
  with DDGS() as ddgs:
  SIKER: /geo-images/czechRepublic/nat-sumava.webp
[700] Keresés: Sněžka (czech-republic)
/home/borota25/Desktop/plizio/scripts/smart_poi_downloader_v2.py:56: RuntimeWarning: This package (`duckduckgo_search`) has been renamed to `ddgs`! Use `pip install ddgs` instead.
  with DDGS() as ddgs:
  SIKER: /geo-images/czechRepublic/mountain-snezka.webp
[701] Keresés: Praděd (czech-republic)
/home/borota25/Desktop/plizio/scripts/smart_poi_downloader_v2.py:56: RuntimeWarning: This package (`duckduckgo_search`) has been renamed to `ddgs`! Use `pip install ddgs` instead.
  with DDGS() as ddgs:
  SIKER: /geo-images/czechRepublic/mountain-praded.webp
[702] Keresés: Lysá hora (czech-republic)
/home/borota25/Desktop/plizio/scripts/smart_poi_downloader_v2.py:56: RuntimeWarning: This package (`duckduckgo_search`) has been renamed to `ddgs`! Use `pip install ddgs` instead.
  with DDGS() as ddgs:
  SIKER: /geo-images/czechRepublic/mountain-lysa-hora.webp
[703] Keresés: Lipno Lake (czech-republic)
/home/borota25/Desktop/plizio/scripts/smart_poi_downloader_v2.py:56: RuntimeWarning: This package (`duckduckgo_search`) has been renamed to `ddgs`! Use `pip install ddgs` instead.
  with DDGS() as ddgs:
  SIKER: /geo-images/czechRepublic/lake-lipno.webp
[704] Keresés: Mácha Lake (czech-republic)
/home/borota25/Desktop/plizio/scripts/smart_poi_downloader_v2.py:56: RuntimeWarning: This package (`duckduckgo_search`) has been renamed to `ddgs`! Use `pip install ddgs` instead.
  with DDGS() as ddgs:
  SIKER: /geo-images/czechRepublic/lake-machovo.webp
[705] Keresés: Vltava (czech-republic)
/home/borota25/Desktop/plizio/scripts/smart_poi_downloader_v2.py:56: RuntimeWarning: This package (`duckduckgo_search`) has been renamed to `ddgs`! Use `pip install ddgs` instead.
  with DDGS() as ddgs:
  SIKER: /geo-images/czechRepublic/river-vltava.webp
[706] Keresés: Elbe (czech-republic)
/home/borota25/Desktop/plizio/scripts/smart_poi_downloader_v2.py:56: RuntimeWarning: This package (`duckduckgo_search`) has been renamed to `ddgs`! Use `pip install ddgs` instead.
  with DDGS() as ddgs:
  SIKER: /geo-images/czechRepublic/river-labe.webp
[707] Keresés: Kampa (czech-republic)
/home/borota25/Desktop/plizio/scripts/smart_poi_downloader_v2.py:56: RuntimeWarning: This package (`duckduckgo_search`) has been renamed to `ddgs`! Use `pip install ddgs` instead.
  with DDGS() as ddgs:
  SIKER: /geo-images/czechRepublic/island-kampa.webp
[708] Keresés: Jested (czech-republic)
/home/borota25/Desktop/plizio/scripts/smart_poi_downloader_v2.py:56: RuntimeWarning: This package (`duckduckgo_search`) has been renamed to `ddgs`! Use `pip install ddgs` instead.
  with DDGS() as ddgs:
  SIKER: /geo-images/czechRepublic/mountain-jested.webp
[709] Keresés: Klinovec (czech-republic)
/home/borota25/Desktop/plizio/scripts/smart_poi_downloader_v2.py:56: RuntimeWarning: This package (`duckduckgo_search`) has been renamed to `ddgs`! Use `pip install ddgs` instead.
  with DDGS() as ddgs:
  SIKER: /geo-images/czechRepublic/mountain-klinovec.webp
[710] Keresés: Blanik (czech-republic)
/home/borota25/Desktop/plizio/scripts/smart_poi_downloader_v2.py:56: RuntimeWarning: This package (`duckduckgo_search`) has been renamed to `ddgs`! Use `pip install ddgs` instead.
  with DDGS() as ddgs:
  SIKER: /geo-images/czechRepublic/mountain-blanik.webp
[711] Keresés: Cerne Jezero (czech-republic)
/home/borota25/Desktop/plizio/scripts/smart_poi_downloader_v2.py:56: RuntimeWarning: This package (`duckduckgo_search`) has been renamed to `ddgs`! Use `pip install ddgs` instead.
  with DDGS() as ddgs:
  SIKER: /geo-images/czechRepublic/lake-cerne-jezero.webp
[712] Keresés: Rozmberk Pond (czech-republic)
/home/borota25/Desktop/plizio/scripts/smart_poi_downloader_v2.py:56: RuntimeWarning: This package (`duckduckgo_search`) has been renamed to `ddgs`! Use `pip install ddgs` instead.
  with DDGS() as ddgs:
  Keresési hiba (Rozmberk Pond czech-republic landmark photo): https://duckduckgo.com/?q=Rozmberk+Pond+czech-republic+landmark+photo 202 Ratelimit
  !!! RATE LIMIT DETECTED !!! Várakozás 5 percig...
  Nincs találat.
[713] Keresés: Ohre River (czech-republic)
/home/borota25/Desktop/plizio/scripts/smart_poi_downloader_v2.py:56: RuntimeWarning: This package (`duckduckgo_search`) has been renamed to `ddgs`! Use `pip install ddgs` instead.
  with DDGS() as ddgs:
  SIKER: /geo-images/czechRepublic/river-ohre.webp
[714] Keresés: Dyje River (czech-republic)
/home/borota25/Desktop/plizio/scripts/smart_poi_downloader_v2.py:56: RuntimeWarning: This package (`duckduckgo_search`) has been renamed to `ddgs`! Use `pip install ddgs` instead.
  with DDGS() as ddgs:
  SIKER: /geo-images/czechRepublic/river-dyje.webp
[715] Keresés: Bohemian Switzerland Forest (czech-republic)
/home/borota25/Desktop/plizio/scripts/smart_poi_downloader_v2.py:56: RuntimeWarning: This package (`duckduckgo_search`) has been renamed to `ddgs`! Use `pip install ddgs` instead.
  with DDGS() as ddgs:
  SIKER: /geo-images/czechRepublic/forest-bohemian-switzerland.webp

>>> Fájl: romaniaPoi.ts <<<
[716] Keresés: Herăstrău Park (romania)
/home/borota25/Desktop/plizio/scripts/smart_poi_downloader_v2.py:56: RuntimeWarning: This package (`duckduckgo_search`) has been renamed to `ddgs`! Use `pip install ddgs` instead.
  with DDGS() as ddgs:
  SIKER: /geo-images/romania/city-herastrau-park.webp
[717] Keresés: Black Church (romania)
/home/borota25/Desktop/plizio/scripts/smart_poi_downloader_v2.py:56: RuntimeWarning: This package (`duckduckgo_search`) has been renamed to `ddgs`! Use `pip install ddgs` instead.
  with DDGS() as ddgs:
  SIKER: /geo-images/romania/city-black-church.webp
[718] Keresés: Patriarchal Cathedral (romania)
/home/borota25/Desktop/plizio/scripts/smart_poi_downloader_v2.py:56: RuntimeWarning: This package (`duckduckgo_search`) has been renamed to `ddgs`! Use `pip install ddgs` instead.
  with DDGS() as ddgs:
  SIKER: /geo-images/romania/city-patriarchal-cathedral.webp
[719] Keresés: Therme Bucharest (romania)
/home/borota25/Desktop/plizio/scripts/smart_poi_downloader_v2.py:56: RuntimeWarning: This package (`duckduckgo_search`) has been renamed to `ddgs`! Use `pip install ddgs` instead.
  with DDGS() as ddgs:
  Letöltési hiba: ('Connection aborted.', RemoteDisconnected('Remote end closed connection without response'))
  HIBA: Letöltés sikertelen.
[720] Keresés: Stephen the Great Statue (romania)
/home/borota25/Desktop/plizio/scripts/smart_poi_downloader_v2.py:56: RuntimeWarning: This package (`duckduckgo_search`) has been renamed to `ddgs`! Use `pip install ddgs` instead.
  with DDGS() as ddgs:
  SIKER: /geo-images/romania/landmark-stefan-statue.webp
[721] Keresés: Gheorghe Asachi University (romania)
/home/borota25/Desktop/plizio/scripts/smart_poi_downloader_v2.py:56: RuntimeWarning: This package (`duckduckgo_search`) has been renamed to `ddgs`! Use `pip install ddgs` instead.
  with DDGS() as ddgs:
  SIKER: /geo-images/romania/landmark-asachi-university.webp
[722] Keresés: Cacica Salt Mine (romania)
/home/borota25/Desktop/plizio/scripts/smart_poi_downloader_v2.py:56: RuntimeWarning: This package (`duckduckgo_search`) has been renamed to `ddgs`! Use `pip install ddgs` instead.
  with DDGS() as ddgs:
  SIKER: /geo-images/romania/landmark-salina-cacica.webp
[723] Keresés: Dino Parc Râșnov (romania)
/home/borota25/Desktop/plizio/scripts/smart_poi_downloader_v2.py:56: RuntimeWarning: This package (`duckduckgo_search`) has been renamed to `ddgs`! Use `pip install ddgs` instead.
  with DDGS() as ddgs:
  SIKER: /geo-images/romania/landmark-dino-park-rasnov.webp
[724] Keresés: Apuseni National Park (romania)
/home/borota25/Desktop/plizio/scripts/smart_poi_downloader_v2.py:56: RuntimeWarning: This package (`duckduckgo_search`) has been renamed to `ddgs`! Use `pip install ddgs` instead.
  with DDGS() as ddgs:
  SIKER: /geo-images/romania/nature-apuseni-np.webp
[725] Keresés: Vaser Valley Railway (Mocănița) (romania)
/home/borota25/Desktop/plizio/scripts/smart_poi_downloader_v2.py:56: RuntimeWarning: This package (`duckduckgo_search`) has been renamed to `ddgs`! Use `pip install ddgs` instead.
  with DDGS() as ddgs:
  SIKER: /geo-images/romania/nature-mocanita-vaser.webp
[726] Keresés: Green Forest (romania)
/home/borota25/Desktop/plizio/scripts/smart_poi_downloader_v2.py:56: RuntimeWarning: This package (`duckduckgo_search`) has been renamed to `ddgs`! Use `pip install ddgs` instead.
  with DDGS() as ddgs:
  SIKER: /geo-images/romania/nature-padurea-verde.webp
[727] Keresés: Scărișoara Ice Cave (romania)
/home/borota25/Desktop/plizio/scripts/smart_poi_downloader_v2.py:56: RuntimeWarning: This package (`duckduckgo_search`) has been renamed to `ddgs`! Use `pip install ddgs` instead.
  with DDGS() as ddgs:
  SIKER: /geo-images/romania/nature-scarisoara.webp
[728] Keresés: Vadu Crișului Waterfall (romania)
/home/borota25/Desktop/plizio/scripts/smart_poi_downloader_v2.py:56: RuntimeWarning: This package (`duckduckgo_search`) has been renamed to `ddgs`! Use `pip install ddgs` instead.
  with DDGS() as ddgs:
  SIKER: /geo-images/romania/nature-vadu-crisului.webp
[729] Keresés: Ponor Fortresses (Cave) (romania)
/home/borota25/Desktop/plizio/scripts/smart_poi_downloader_v2.py:56: RuntimeWarning: This package (`duckduckgo_search`) has been renamed to `ddgs`! Use `pip install ddgs` instead.
  with DDGS() as ddgs:
  SIKER: /geo-images/romania/nature-ponor-fortresses.webp
[730] Keresés: Nera Gorges (romania)
/home/borota25/Desktop/plizio/scripts/smart_poi_downloader_v2.py:56: RuntimeWarning: This package (`duckduckgo_search`) has been renamed to `ddgs`! Use `pip install ddgs` instead.
  with DDGS() as ddgs:
  SIKER: /geo-images/romania/nature-cheile-nerei.webp
[731] Keresés: Bârsăna Cave (romania)
/home/borota25/Desktop/plizio/scripts/smart_poi_downloader_v2.py:56: RuntimeWarning: This package (`duckduckgo_search`) has been renamed to `ddgs`! Use `pip install ddgs` instead.
  with DDGS() as ddgs:
  Keresési hiba (Bârsăna Cave romania landmark photo): https://duckduckgo.com/?q=B%C3%A2rs%C4%83na+Cave+romania+landmark+photo 202 Ratelimit
  !!! RATE LIMIT DETECTED !!! Várakozás 5 percig...
  Nincs találat.
[732] Keresés: Urlătoarea Waterfall (romania)
/home/borota25/Desktop/plizio/scripts/smart_poi_downloader_v2.py:56: RuntimeWarning: This package (`duckduckgo_search`) has been renamed to `ddgs`! Use `pip install ddgs` instead.
  with DDGS() as ddgs:
  SIKER: /geo-images/romania/nature-urlatoarea.webp
[733] Keresés: Bigăr Waterfall (romania)
/home/borota25/Desktop/plizio/scripts/smart_poi_downloader_v2.py:56: RuntimeWarning: This package (`duckduckgo_search`) has been renamed to `ddgs`! Use `pip install ddgs` instead.
  with DDGS() as ddgs:
  SIKER: /geo-images/romania/nature-bigar.webp
[734] Keresés: Horses (romania)
/home/borota25/Desktop/plizio/scripts/smart_poi_downloader_v2.py:56: RuntimeWarning: This package (`duckduckgo_search`) has been renamed to `ddgs`! Use `pip install ddgs` instead.
  with DDGS() as ddgs:
  SIKER: /geo-images/romania/nature-cascada-cailor.webp
[735] Keresés: Bears (romania)
/home/borota25/Desktop/plizio/scripts/smart_poi_downloader_v2.py:56: RuntimeWarning: This package (`duckduckgo_search`) has been renamed to `ddgs`! Use `pip install ddgs` instead.
  with DDGS() as ddgs:
  Letöltési hiba: ('Connection aborted.', RemoteDisconnected('Remote end closed connection without response'))
  HIBA: Letöltés sikertelen.
[736] Keresés: Women (romania)
/home/borota25/Desktop/plizio/scripts/smart_poi_downloader_v2.py:56: RuntimeWarning: This package (`duckduckgo_search`) has been renamed to `ddgs`! Use `pip install ddgs` instead.
  with DDGS() as ddgs:
  SIKER: /geo-images/romania/nature-pestera-muierilor.webp
[737] Keresés: Colibița Lake (romania)
/home/borota25/Desktop/plizio/scripts/smart_poi_downloader_v2.py:56: RuntimeWarning: This package (`duckduckgo_search`) has been renamed to `ddgs`! Use `pip install ddgs` instead.
  with DDGS() as ddgs:
  SIKER: /geo-images/romania/nature-lacul-colibita.webp
[738] Keresés: Grădiștei Gorges (romania)
/home/borota25/Desktop/plizio/scripts/smart_poi_downloader_v2.py:56: RuntimeWarning: This package (`duckduckgo_search`) has been renamed to `ddgs`! Use `pip install ddgs` instead.
  with DDGS() as ddgs:
  HIBA: Letöltés sikertelen.
[739] Keresés: Princely Court of Târgoviște (romania)
/home/borota25/Desktop/plizio/scripts/smart_poi_downloader_v2.py:56: RuntimeWarning: This package (`duckduckgo_search`) has been renamed to `ddgs`! Use `pip install ddgs` instead.
  with DDGS() as ddgs:
  SIKER: /geo-images/romania/hist-targoviste-court.webp
[740] Keresés: Oradea Fortress (romania)
/home/borota25/Desktop/plizio/scripts/smart_poi_downloader_v2.py:56: RuntimeWarning: This package (`duckduckgo_search`) has been renamed to `ddgs`! Use `pip install ddgs` instead.
  with DDGS() as ddgs:
  SIKER: /geo-images/romania/hist-oradea-fortress.webp
[741] Keresés: Deva Citadel (romania)
/home/borota25/Desktop/plizio/scripts/smart_poi_downloader_v2.py:56: RuntimeWarning: This package (`duckduckgo_search`) has been renamed to `ddgs`! Use `pip install ddgs` instead.
  with DDGS() as ddgs:
  SIKER: /geo-images/romania/hist-deva-citadel.webp
[742] Keresés: Râșnov Citadel (romania)
/home/borota25/Desktop/plizio/scripts/smart_poi_downloader_v2.py:56: RuntimeWarning: This package (`duckduckgo_search`) has been renamed to `ddgs`! Use `pip install ddgs` instead.
  with DDGS() as ddgs:
  Keresési hiba (Râșnov Citadel romania landmark photo): https://duckduckgo.com/?q=R%C3%A2%C8%99nov+Citadel+romania+landmark+photo 202 Ratelimit
  !!! RATE LIMIT DETECTED !!! Várakozás 5 percig...
  Nincs találat.
[743] Keresés: Făgăraș Fortress (romania)
/home/borota25/Desktop/plizio/scripts/smart_poi_downloader_v2.py:56: RuntimeWarning: This package (`duckduckgo_search`) has been renamed to `ddgs`! Use `pip install ddgs` instead.
  with DDGS() as ddgs:
  SIKER: /geo-images/romania/hist-fagaras-fortress.webp
[744] Keresés: Biertan Fortified Church (romania)
/home/borota25/Desktop/plizio/scripts/smart_poi_downloader_v2.py:56: RuntimeWarning: This package (`duckduckgo_search`) has been renamed to `ddgs`! Use `pip install ddgs` instead.
  with DDGS() as ddgs:
  SIKER: /geo-images/romania/hist-biertan.webp
[745] Keresés: Enisala Fortress (romania)
/home/borota25/Desktop/plizio/scripts/smart_poi_downloader_v2.py:56: RuntimeWarning: This package (`duckduckgo_search`) has been renamed to `ddgs`! Use `pip install ddgs` instead.
  with DDGS() as ddgs:
  SIKER: /geo-images/romania/hist-enisala.webp
[746] Keresés: Prejmer Fortified Church (romania)
/home/borota25/Desktop/plizio/scripts/smart_poi_downloader_v2.py:56: RuntimeWarning: This package (`duckduckgo_search`) has been renamed to `ddgs`! Use `pip install ddgs` instead.
  with DDGS() as ddgs:
  SIKER: /geo-images/romania/hist-prejmer.webp
[747] Keresés: Suceava Princely Fortress (romania)
/home/borota25/Desktop/plizio/scripts/smart_poi_downloader_v2.py:56: RuntimeWarning: This package (`duckduckgo_search`) has been renamed to `ddgs`! Use `pip install ddgs` instead.
  with DDGS() as ddgs:
  SIKER: /geo-images/romania/hist-suceava-fortress.webp
[748] Keresés: Arad Fortress (romania)
/home/borota25/Desktop/plizio/scripts/smart_poi_downloader_v2.py:56: RuntimeWarning: This package (`duckduckgo_search`) has been renamed to `ddgs`! Use `pip install ddgs` instead.
  with DDGS() as ddgs:
  SIKER: /geo-images/romania/hist-arad-fortress.webp
[749] Keresés: Tismana Monastery (romania)
/home/borota25/Desktop/plizio/scripts/smart_poi_downloader_v2.py:56: RuntimeWarning: This package (`duckduckgo_search`) has been renamed to `ddgs`! Use `pip install ddgs` instead.
  with DDGS() as ddgs:
  SIKER: /geo-images/romania/hist-tismana.webp
[750] Keresés: Museum of the Romanian Peasant (romania)
/home/borota25/Desktop/plizio/scripts/smart_poi_downloader_v2.py:56: RuntimeWarning: This package (`duckduckgo_search`) has been renamed to `ddgs`! Use `pip install ddgs` instead.
  with DDGS() as ddgs:
  SIKER: /geo-images/romania/museum-of-the-romanian-peasant.webp
[751] Keresés: Sibiu International Theatre Festival (romania)
/home/borota25/Desktop/plizio/scripts/smart_poi_downloader_v2.py:56: RuntimeWarning: This package (`duckduckgo_search`) has been renamed to `ddgs`! Use `pip install ddgs` instead.
  with DDGS() as ddgs:
  SIKER: /geo-images/romania/sibiu-international-theatre-festival.webp
[752] Keresés: Grigore Antipa Museum (romania)
/home/borota25/Desktop/plizio/scripts/smart_poi_downloader_v2.py:56: RuntimeWarning: This package (`duckduckgo_search`) has been renamed to `ddgs`! Use `pip install ddgs` instead.
  with DDGS() as ddgs:
  SIKER: /geo-images/romania/grigore-antipa-museum.webp
[753] Keresés: Sânziene (Midsummer) (romania)
/home/borota25/Desktop/plizio/scripts/smart_poi_downloader_v2.py:56: RuntimeWarning: This package (`duckduckgo_search`) has been renamed to `ddgs`! Use `pip install ddgs` instead.
  with DDGS() as ddgs:
  HIBA: Letöltés sikertelen.
[754] Keresés: Christmas Caroling (romania)
/home/borota25/Desktop/plizio/scripts/smart_poi_downloader_v2.py:56: RuntimeWarning: This package (`duckduckgo_search`) has been renamed to `ddgs`! Use `pip install ddgs` instead.
  with DDGS() as ddgs:
  SIKER: /geo-images/romania/christmas-caroling.webp
[755] Keresés: Dragobete (Lovers (romania)
/home/borota25/Desktop/plizio/scripts/smart_poi_downloader_v2.py:56: RuntimeWarning: This package (`duckduckgo_search`) has been renamed to `ddgs`! Use `pip install ddgs` instead.
  with DDGS() as ddgs:
  SIKER: /geo-images/romania/dragobete-lovers.webp
[756] Keresés: Ignat Day (Pig Slaughter) (romania)
/home/borota25/Desktop/plizio/scripts/smart_poi_downloader_v2.py:56: RuntimeWarning: This package (`duckduckgo_search`) has been renamed to `ddgs`! Use `pip install ddgs` instead.
  with DDGS() as ddgs:
  SIKER: /geo-images/romania/ignat-day-pig-slaughter.webp
[757] Keresés: Epiphany (romania)
/home/borota25/Desktop/plizio/scripts/smart_poi_downloader_v2.py:56: RuntimeWarning: This package (`duckduckgo_search`) has been renamed to `ddgs`! Use `pip install ddgs` instead.
  with DDGS() as ddgs:
  SIKER: /geo-images/romania/epiphany.webp
[758] Keresés: Eurasian Otter (romania)
/home/borota25/Desktop/plizio/scripts/smart_poi_downloader_v2.py:56: RuntimeWarning: This package (`duckduckgo_search`) has been renamed to `ddgs`! Use `pip install ddgs` instead.
  with DDGS() as ddgs:
  SIKER: /geo-images/romania/eurasian-otter.webp
[759] Keresés: Sturgeons (romania)
/home/borota25/Desktop/plizio/scripts/smart_poi_downloader_v2.py:56: RuntimeWarning: This package (`duckduckgo_search`) has been renamed to `ddgs`! Use `pip install ddgs` instead.
  with DDGS() as ddgs:
  SIKER: /geo-images/romania/sturgeons.webp
[760] Keresés: Western Capercaillie (romania)
/home/borota25/Desktop/plizio/scripts/smart_poi_downloader_v2.py:56: RuntimeWarning: This package (`duckduckgo_search`) has been renamed to `ddgs`! Use `pip install ddgs` instead.
  with DDGS() as ddgs:
  SIKER: /geo-images/romania/western-capercaillie.webp
[761] Keresés: Carpathian Wolf (romania)
/home/borota25/Desktop/plizio/scripts/smart_poi_downloader_v2.py:56: RuntimeWarning: This package (`duckduckgo_search`) has been renamed to `ddgs`! Use `pip install ddgs` instead.
  with DDGS() as ddgs:
  Letöltési hiba: ('Connection aborted.', RemoteDisconnected('Remote end closed connection without response'))
  HIBA: Letöltés sikertelen.
[762] Keresés: Maramureș Region (romania)
/home/borota25/Desktop/plizio/scripts/smart_poi_downloader_v2.py:56: RuntimeWarning: This package (`duckduckgo_search`) has been renamed to `ddgs`! Use `pip install ddgs` instead.
  with DDGS() as ddgs:
  SIKER: /geo-images/romania/maramures-region.webp
[763] Keresés: Țara Moților (Land of the Moți) (romania)
/home/borota25/Desktop/plizio/scripts/smart_poi_downloader_v2.py:56: RuntimeWarning: This package (`duckduckgo_search`) has been renamed to `ddgs`! Use `pip install ddgs` instead.
  with DDGS() as ddgs:
  SIKER: /geo-images/romania/tara-motilor-land-of-the-moti.webp
[764] Keresés: Traditional Oltenia (romania)
/home/borota25/Desktop/plizio/scripts/smart_poi_downloader_v2.py:56: RuntimeWarning: This package (`duckduckgo_search`) has been renamed to `ddgs`! Use `pip install ddgs` instead.
  with DDGS() as ddgs:
  SIKER: /geo-images/romania/traditional-oltenia.webp
[765] Keresés: Saxon Transylvania (romania)
/home/borota25/Desktop/plizio/scripts/smart_poi_downloader_v2.py:56: RuntimeWarning: This package (`duckduckgo_search`) has been renamed to `ddgs`! Use `pip install ddgs` instead.
  with DDGS() as ddgs:
  Keresési hiba (Saxon Transylvania romania landmark photo): https://duckduckgo.com/?q=Saxon+Transylvania+romania+landmark+photo 202 Ratelimit
  !!! RATE LIMIT DETECTED !!! Várakozás 5 percig...
  Nincs találat.
[766] Keresés: Făgăraș Country (romania)
/home/borota25/Desktop/plizio/scripts/smart_poi_downloader_v2.py:56: RuntimeWarning: This package (`duckduckgo_search`) has been renamed to `ddgs`! Use `pip install ddgs` instead.
  with DDGS() as ddgs:
  Keresési hiba (Făgăraș Country romania landmark photo): https://duckduckgo.com/?q=F%C4%83g%C4%83ra%C8%99+Country+romania+landmark+photo 202 Ratelimit
  !!! RATE LIMIT DETECTED !!! Várakozás 5 percig...
  Nincs találat.
[767] Keresés: Moneasa Resort (romania)
/home/borota25/Desktop/plizio/scripts/smart_poi_downloader_v2.py:56: RuntimeWarning: This package (`duckduckgo_search`) has been renamed to `ddgs`! Use `pip install ddgs` instead.
  with DDGS() as ddgs:
  SIKER: /geo-images/romania/moneasa-resort.webp
[768] Keresés: Șiria Fortress (romania)
/home/borota25/Desktop/plizio/scripts/smart_poi_downloader_v2.py:56: RuntimeWarning: This package (`duckduckgo_search`) has been renamed to `ddgs`! Use `pip install ddgs` instead.
  with DDGS() as ddgs:
  HIBA: Letöltés sikertelen.
[769] Keresés: Târgu Ocna Salt Mine (romania)
/home/borota25/Desktop/plizio/scripts/smart_poi_downloader_v2.py:56: RuntimeWarning: This package (`duckduckgo_search`) has been renamed to `ddgs`! Use `pip install ddgs` instead.
  with DDGS() as ddgs:
  Keresési hiba (Târgu Ocna Salt Mine romania landmark photo): https://duckduckgo.com/?q=T%C3%A2rgu+Ocna+Salt+Mine+romania+landmark+photo 202 Ratelimit
  !!! RATE LIMIT DETECTED !!! Várakozás 5 percig...
  Nincs találat.
[770] Keresés: Slănic Moldova (romania)
/home/borota25/Desktop/plizio/scripts/smart_poi_downloader_v2.py:56: RuntimeWarning: This package (`duckduckgo_search`) has been renamed to `ddgs`! Use `pip install ddgs` instead.
  with DDGS() as ddgs:
  SIKER: /geo-images/romania/slanic-moldova.webp
[771] Keresés: Bears (romania)
/home/borota25/Desktop/plizio/scripts/smart_poi_downloader_v2.py:56: RuntimeWarning: This package (`duckduckgo_search`) has been renamed to `ddgs`! Use `pip install ddgs` instead.
  with DDGS() as ddgs:
  Letöltési hiba: ('Connection aborted.', RemoteDisconnected('Remote end closed connection without response'))
  HIBA: Letöltés sikertelen.
[772] Keresés: Colibița Lake (romania)
/home/borota25/Desktop/plizio/scripts/smart_poi_downloader_v2.py:56: RuntimeWarning: This package (`duckduckgo_search`) has been renamed to `ddgs`! Use `pip install ddgs` instead.
  with DDGS() as ddgs:
  SIKER: /geo-images/romania/colibita-lake.webp
[773] Keresés: Stânca-Costești Lake (romania)
/home/borota25/Desktop/plizio/scripts/smart_poi_downloader_v2.py:56: RuntimeWarning: This package (`duckduckgo_search`) has been renamed to `ddgs`! Use `pip install ddgs` instead.
  with DDGS() as ddgs:
  SIKER: /geo-images/romania/stanca-costesti-lake.webp
[774] Keresés: Small Brăila Island Natural Park (romania)
/home/borota25/Desktop/plizio/scripts/smart_poi_downloader_v2.py:56: RuntimeWarning: This package (`duckduckgo_search`) has been renamed to `ddgs`! Use `pip install ddgs` instead.
  with DDGS() as ddgs:
  SIKER: /geo-images/romania/small-braila-island-natural-park.webp
[775] Keresés: Living Fire (romania)
/home/borota25/Desktop/plizio/scripts/smart_poi_downloader_v2.py:56: RuntimeWarning: This package (`duckduckgo_search`) has been renamed to `ddgs`! Use `pip install ddgs` instead.
  with DDGS() as ddgs:
  Keresési hiba (Living Fire romania landmark photo): https://duckduckgo.com/?q=Living+Fire+romania+landmark+photo 202 Ratelimit
  !!! RATE LIMIT DETECTED !!! Várakozás 5 percig...
  Nincs találat.
[776] Keresés: Eagles (romania)
/home/borota25/Desktop/plizio/scripts/smart_poi_downloader_v2.py:56: RuntimeWarning: This package (`duckduckgo_search`) has been renamed to `ddgs`! Use `pip install ddgs` instead.
  with DDGS() as ddgs:
  SIKER: /geo-images/romania/eagles.webp
[777] Keresés: Borcea Branch (romania)
/home/borota25/Desktop/plizio/scripts/smart_poi_downloader_v2.py:56: RuntimeWarning: This package (`duckduckgo_search`) has been renamed to `ddgs`! Use `pip install ddgs` instead.
  with DDGS() as ddgs:
  SIKER: /geo-images/romania/borcea-branch.webp
[778] Keresés: Lower Danube Museum (romania)
/home/borota25/Desktop/plizio/scripts/smart_poi_downloader_v2.py:56: RuntimeWarning: This package (`duckduckgo_search`) has been renamed to `ddgs`! Use `pip install ddgs` instead.
  with DDGS() as ddgs:
  HIBA: Letöltés sikertelen.
[779] Keresés: Cheile Nerei-Beușnița National Park (romania)
/home/borota25/Desktop/plizio/scripts/smart_poi_downloader_v2.py:56: RuntimeWarning: This package (`duckduckgo_search`) has been renamed to `ddgs`! Use `pip install ddgs` instead.
  with DDGS() as ddgs:
  SIKER: /geo-images/romania/cheile-nerei-beusnita-national-park.webp
[780] Keresés: Bigăr Waterfall (romania)
/home/borota25/Desktop/plizio/scripts/smart_poi_downloader_v2.py:56: RuntimeWarning: This package (`duckduckgo_search`) has been renamed to `ddgs`! Use `pip install ddgs` instead.
  with DDGS() as ddgs:
  SIKER: /geo-images/romania/bigar-waterfall.webp
[781] Keresés: Covasna Resort (romania)
/home/borota25/Desktop/plizio/scripts/smart_poi_downloader_v2.py:56: RuntimeWarning: This package (`duckduckgo_search`) has been renamed to `ddgs`! Use `pip install ddgs` instead.
  with DDGS() as ddgs:
  SIKER: /geo-images/romania/covasna-resort.webp
[782] Keresés: Friendship Bridge (romania)
/home/borota25/Desktop/plizio/scripts/smart_poi_downloader_v2.py:56: RuntimeWarning: This package (`duckduckgo_search`) has been renamed to `ddgs`! Use `pip install ddgs` instead.
  with DDGS() as ddgs:
  SIKER: /geo-images/romania/friendship-bridge.webp
[783] Keresés: Tismana Monastery (romania)
/home/borota25/Desktop/plizio/scripts/smart_poi_downloader_v2.py:56: RuntimeWarning: This package (`duckduckgo_search`) has been renamed to `ddgs`! Use `pip install ddgs` instead.
  with DDGS() as ddgs:
  SIKER: /geo-images/romania/tismana-monastery.webp
[784] Keresés: Olteț Gorges (romania)
/home/borota25/Desktop/plizio/scripts/smart_poi_downloader_v2.py:56: RuntimeWarning: This package (`duckduckgo_search`) has been renamed to `ddgs`! Use `pip install ddgs` instead.
  with DDGS() as ddgs:
  SIKER: /geo-images/romania/oltet-gorges.webp
[785] Keresés: Amara Lake (romania)
/home/borota25/Desktop/plizio/scripts/smart_poi_downloader_v2.py:56: RuntimeWarning: This package (`duckduckgo_search`) has been renamed to `ddgs`! Use `pip install ddgs` instead.
  with DDGS() as ddgs:
  SIKER: /geo-images/romania/amara-lake.webp
[786] Keresés: Wooden Church of Poiana (romania)
/home/borota25/Desktop/plizio/scripts/smart_poi_downloader_v2.py:56: RuntimeWarning: This package (`duckduckgo_search`) has been renamed to `ddgs`! Use `pip install ddgs` instead.
  with DDGS() as ddgs:
  SIKER: /geo-images/romania/wooden-church-of-poiana.webp
[787] Keresés: Cernica Forest (romania)
/home/borota25/Desktop/plizio/scripts/smart_poi_downloader_v2.py:56: RuntimeWarning: This package (`duckduckgo_search`) has been renamed to `ddgs`! Use `pip install ddgs` instead.
  with DDGS() as ddgs:
  SIKER: /geo-images/romania/cernica-forest.webp
[788] Keresés: Rock Sculpture of Decebalus (romania)
/home/borota25/Desktop/plizio/scripts/smart_poi_downloader_v2.py:56: RuntimeWarning: This package (`duckduckgo_search`) has been renamed to `ddgs`! Use `pip install ddgs` instead.
  with DDGS() as ddgs:
  SIKER: /geo-images/romania/rock-sculpture-of-decebalus.webp
[789] Keresés: Slatina (romania)
/home/borota25/Desktop/plizio/scripts/smart_poi_downloader_v2.py:56: RuntimeWarning: This package (`duckduckgo_search`) has been renamed to `ddgs`! Use `pip install ddgs` instead.
  with DDGS() as ddgs:
  SIKER: /geo-images/romania/slatina.webp
[790] Keresés: Brâncoveni Monastery (romania)
/home/borota25/Desktop/plizio/scripts/smart_poi_downloader_v2.py:56: RuntimeWarning: This package (`duckduckgo_search`) has been renamed to `ddgs`! Use `pip install ddgs` instead.
  with DDGS() as ddgs:
  SIKER: /geo-images/romania/brancoveni-monastery.webp
[791] Keresés: Firemen (romania)
/home/borota25/Desktop/plizio/scripts/smart_poi_downloader_v2.py:56: RuntimeWarning: This package (`duckduckgo_search`) has been renamed to `ddgs`! Use `pip install ddgs` instead.
  with DDGS() as ddgs:
  SIKER: /geo-images/romania/firemen.webp
[792] Keresés: Turnu Fortress Ruins (romania)
/home/borota25/Desktop/plizio/scripts/smart_poi_downloader_v2.py:56: RuntimeWarning: This package (`duckduckgo_search`) has been renamed to `ddgs`! Use `pip install ddgs` instead.
  with DDGS() as ddgs:
  SIKER: /geo-images/romania/turnu-fortress-ruins.webp
[793] Keresés: Troianu Forest (romania)
/home/borota25/Desktop/plizio/scripts/smart_poi_downloader_v2.py:56: RuntimeWarning: This package (`duckduckgo_search`) has been renamed to `ddgs`! Use `pip install ddgs` instead.
  with DDGS() as ddgs:
  SIKER: /geo-images/romania/troianu-forest.webp
[794] Keresés: Metropolitan Cathedral (romania)
/home/borota25/Desktop/plizio/scripts/smart_poi_downloader_v2.py:56: RuntimeWarning: This package (`duckduckgo_search`) has been renamed to `ddgs`! Use `pip install ddgs` instead.
  with DDGS() as ddgs:
  SIKER: /geo-images/romania/metropolitan-cathedral.webp
[795] Keresés: Princely Court of Vaslui (romania)
/home/borota25/Desktop/plizio/scripts/smart_poi_downloader_v2.py:56: RuntimeWarning: This package (`duckduckgo_search`) has been renamed to `ddgs`! Use `pip install ddgs` instead.
  with DDGS() as ddgs:
  SIKER: /geo-images/romania/princely-court-of-vaslui.webp
[796] Keresés: Stephen the Great County Museum (romania)
/home/borota25/Desktop/plizio/scripts/smart_poi_downloader_v2.py:56: RuntimeWarning: This package (`duckduckgo_search`) has been renamed to `ddgs`! Use `pip install ddgs` instead.
  with DDGS() as ddgs:
  SIKER: /geo-images/romania/stephen-the-great-county-museum.webp
[797] Keresés: Ocnele Mari Salt Mine (romania)
/home/borota25/Desktop/plizio/scripts/smart_poi_downloader_v2.py:56: RuntimeWarning: This package (`duckduckgo_search`) has been renamed to `ddgs`! Use `pip install ddgs` instead.
  with DDGS() as ddgs:
  SIKER: /geo-images/romania/ocnele-mari-salt-mine.webp
[798] Keresés: Mărășești Mausoleum (romania)
/home/borota25/Desktop/plizio/scripts/smart_poi_downloader_v2.py:56: RuntimeWarning: This package (`duckduckgo_search`) has been renamed to `ddgs`! Use `pip install ddgs` instead.
  with DDGS() as ddgs:
  SIKER: /geo-images/romania/marasesti-mausoleum.webp
[799] Keresés: Unirii Square Oradea (romania)
/home/borota25/Desktop/plizio/scripts/smart_poi_downloader_v2.py:56: RuntimeWarning: This package (`duckduckgo_search`) has been renamed to `ddgs`! Use `pip install ddgs` instead.
  with DDGS() as ddgs:
  SIKER: /geo-images/romania/oradea-unirii.webp
[800] Keresés: Unirii Square Timișoara (romania)
/home/borota25/Desktop/plizio/scripts/smart_poi_downloader_v2.py:56: RuntimeWarning: This package (`duckduckgo_search`) has been renamed to `ddgs`! Use `pip install ddgs` instead.
  with DDGS() as ddgs:
  SIKER: /geo-images/romania/timisoara-unirii.webp
[801] Keresés: Constanța Casino (romania)
/home/borota25/Desktop/plizio/scripts/smart_poi_downloader_v2.py:56: RuntimeWarning: This package (`duckduckgo_search`) has been renamed to `ddgs`! Use `pip install ddgs` instead.
  with DDGS() as ddgs:
  SIKER: /geo-images/romania/constanta-casino.webp
[802] Keresés: Roses Square (romania)
/home/borota25/Desktop/plizio/scripts/smart_poi_downloader_v2.py:56: RuntimeWarning: This package (`duckduckgo_search`) has been renamed to `ddgs`! Use `pip install ddgs` instead.
  with DDGS() as ddgs:
  Keresési hiba (Roses Square romania landmark photo): https://duckduckgo.com/?q=Roses+Square+romania+landmark+photo 202 Ratelimit
  !!! RATE LIMIT DETECTED !!! Várakozás 5 percig...
  Nincs találat.
[803] Keresés: Trivale Park (romania)
/home/borota25/Desktop/plizio/scripts/smart_poi_downloader_v2.py:56: RuntimeWarning: This package (`duckduckgo_search`) has been renamed to `ddgs`! Use `pip install ddgs` instead.
  with DDGS() as ddgs:
  SIKER: /geo-images/romania/pitesti-trivale.webp
[804] Keresés: Mihai Viteazul Square Craiova (romania)
/home/borota25/Desktop/plizio/scripts/smart_poi_downloader_v2.py:56: RuntimeWarning: This package (`duckduckgo_search`) has been renamed to `ddgs`! Use `pip install ddgs` instead.
  with DDGS() as ddgs:
  SIKER: /geo-images/romania/craiova-viteazul.webp
[805] Keresés: Galați Botanical Garden (romania)
/home/borota25/Desktop/plizio/scripts/smart_poi_downloader_v2.py:56: RuntimeWarning: This package (`duckduckgo_search`) has been renamed to `ddgs`! Use `pip install ddgs` instead.
  with DDGS() as ddgs:
  Letöltési hiba: ('Connection aborted.', RemoteDisconnected('Remote end closed connection without response'))
  HIBA: Letöltés sikertelen.
[806] Keresés: Parâng Mountains (romania)
/home/borota25/Desktop/plizio/scripts/smart_poi_downloader_v2.py:56: RuntimeWarning: This package (`duckduckgo_search`) has been renamed to `ddgs`! Use `pip install ddgs` instead.
  with DDGS() as ddgs:
  SIKER: /geo-images/romania/parang.webp
[807] Keresés: Danube Delta Biosphere Reserve (romania)
/home/borota25/Desktop/plizio/scripts/smart_poi_downloader_v2.py:56: RuntimeWarning: This package (`duckduckgo_search`) has been renamed to `ddgs`! Use `pip install ddgs` instead.
  with DDGS() as ddgs:
  SIKER: /geo-images/romania/danube-delta-biosphere.webp
[808] Keresés: Cozia National Park (romania)
/home/borota25/Desktop/plizio/scripts/smart_poi_downloader_v2.py:56: RuntimeWarning: This package (`duckduckgo_search`) has been renamed to `ddgs`! Use `pip install ddgs` instead.
  with DDGS() as ddgs:
  SIKER: /geo-images/romania/cozia-np.webp
[809] Keresés: Maramureș Mountains (romania)
/home/borota25/Desktop/plizio/scripts/smart_poi_downloader_v2.py:56: RuntimeWarning: This package (`duckduckgo_search`) has been renamed to `ddgs`! Use `pip install ddgs` instead.
  with DDGS() as ddgs:
  SIKER: /geo-images/romania/maramures-mountains.webp
[810] Keresés: Bear Lake Sovata (romania)
/home/borota25/Desktop/plizio/scripts/smart_poi_downloader_v2.py:56: RuntimeWarning: This package (`duckduckgo_search`) has been renamed to `ddgs`! Use `pip install ddgs` instead.
  with DDGS() as ddgs:
  SIKER: /geo-images/romania/sovata-bear-lake.webp
[811] Keresés: Elena Văcărescu Memorial House (romania)
/home/borota25/Desktop/plizio/scripts/smart_poi_downloader_v2.py:56: RuntimeWarning: This package (`duckduckgo_search`) has been renamed to `ddgs`! Use `pip install ddgs` instead.
  with DDGS() as ddgs:
  SIKER: /geo-images/romania/vacarescu-house.webp
[812] Keresés: Dosoftei House Iași (romania)
/home/borota25/Desktop/plizio/scripts/smart_poi_downloader_v2.py:56: RuntimeWarning: This package (`duckduckgo_search`) has been renamed to `ddgs`! Use `pip install ddgs` instead.
  with DDGS() as ddgs:
  SIKER: /geo-images/romania/dosoftei-house.webp
[813] Keresés: Council Square Brașov (romania)
/home/borota25/Desktop/plizio/scripts/smart_poi_downloader_v2.py:56: RuntimeWarning: This package (`duckduckgo_search`) has been renamed to `ddgs`! Use `pip install ddgs` instead.
  with DDGS() as ddgs:
  SIKER: /geo-images/romania/brasov-sfatului.webp
[814] Keresés: Great Square Sibiu (romania)
/home/borota25/Desktop/plizio/scripts/smart_poi_downloader_v2.py:56: RuntimeWarning: This package (`duckduckgo_search`) has been renamed to `ddgs`! Use `pip install ddgs` instead.
  with DDGS() as ddgs:
  SIKER: /geo-images/romania/sibiu-piata-mare.webp
[815] Keresés: St. Michael (romania)
/home/borota25/Desktop/plizio/scripts/smart_poi_downloader_v2.py:56: RuntimeWarning: This package (`duckduckgo_search`) has been renamed to `ddgs`! Use `pip install ddgs` instead.
  with DDGS() as ddgs:
  Letöltési hiba: HTTPSConnectionPool(host='cdn.thecrazytourist.com', port=443): Max retries exceeded with url: /wp-content/uploads/2018/08/ccimage-shutterstock_543271942-300x200.jpg (Caused by NameResolutionError("<urllib3.connection.HTTPSConnection object at 0x7f66b2c722e0>: Failed to resolve 'cdn.thecrazytourist.com' ([Errno -2] Name or service not known)"))
  HIBA: Letöltés sikertelen.
[816] Keresés: Ion Creangă (romania)
/home/borota25/Desktop/plizio/scripts/smart_poi_downloader_v2.py:56: RuntimeWarning: This package (`duckduckgo_search`) has been renamed to `ddgs`! Use `pip install ddgs` instead.
  with DDGS() as ddgs:
  SIKER: /geo-images/romania/iasi-bojdeuca.webp
[817] Keresés: Timișoara National Opera (romania)
/home/borota25/Desktop/plizio/scripts/smart_poi_downloader_v2.py:56: RuntimeWarning: This package (`duckduckgo_search`) has been renamed to `ddgs`! Use `pip install ddgs` instead.
  with DDGS() as ddgs:
  SIKER: /geo-images/romania/timisoara-opera.webp
[818] Keresés: Pelișor Castle (romania)
/home/borota25/Desktop/plizio/scripts/smart_poi_downloader_v2.py:56: RuntimeWarning: This package (`duckduckgo_search`) has been renamed to `ddgs`! Use `pip install ddgs` instead.
  with DDGS() as ddgs:
  SIKER: /geo-images/romania/sinaia-pelisor.webp

>>> Fájl: austriaPoi.ts <<<
[819] Keresés: Tulln an der Danube (austria)
/home/borota25/Desktop/plizio/scripts/smart_poi_downloader_v2.py:56: RuntimeWarning: This package (`duckduckgo_search`) has been renamed to `ddgs`! Use `pip install ddgs` instead.
  with DDGS() as ddgs:
  SIKER: /geo-images/austria/tulln-an-der-donau.webp
[820] Keresés: Neunkirchen (austria)
/home/borota25/Desktop/plizio/scripts/smart_poi_downloader_v2.py:56: RuntimeWarning: This package (`duckduckgo_search`) has been renamed to `ddgs`! Use `pip install ddgs` instead.
  with DDGS() as ddgs:
  SIKER: /geo-images/austria/neunkirchen-niederoesterreich.webp
[821] Keresés: Hollabrunn (austria)
/home/borota25/Desktop/plizio/scripts/smart_poi_downloader_v2.py:56: RuntimeWarning: This package (`duckduckgo_search`) has been renamed to `ddgs`! Use `pip install ddgs` instead.
  with DDGS() as ddgs:
  SIKER: /geo-images/austria/hollabrunn.webp
[822] Keresés: Zwettl (austria)
/home/borota25/Desktop/plizio/scripts/smart_poi_downloader_v2.py:56: RuntimeWarning: This package (`duckduckgo_search`) has been renamed to `ddgs`! Use `pip install ddgs` instead.
  with DDGS() as ddgs:
  SIKER: /geo-images/austria/zwettl.webp
[823] Keresés: Bischofshofen (austria)
/home/borota25/Desktop/plizio/scripts/smart_poi_downloader_v2.py:56: RuntimeWarning: This package (`duckduckgo_search`) has been renamed to `ddgs`! Use `pip install ddgs` instead.
  with DDGS() as ddgs:
  SIKER: /geo-images/austria/bischofshofen.webp
[824] Keresés: Gmunden (austria)
/home/borota25/Desktop/plizio/scripts/smart_poi_downloader_v2.py:56: RuntimeWarning: This package (`duckduckgo_search`) has been renamed to `ddgs`! Use `pip install ddgs` instead.
  with DDGS() as ddgs:
  SIKER: /geo-images/austria/gmunden.webp
[825] Keresés: Amstetten (austria)
/home/borota25/Desktop/plizio/scripts/smart_poi_downloader_v2.py:56: RuntimeWarning: This package (`duckduckgo_search`) has been renamed to `ddgs`! Use `pip install ddgs` instead.
  with DDGS() as ddgs:
  SIKER: /geo-images/austria/amstetten.webp
[826] Keresés: Spittal an der Drau (austria)
/home/borota25/Desktop/plizio/scripts/smart_poi_downloader_v2.py:56: RuntimeWarning: This package (`duckduckgo_search`) has been renamed to `ddgs`! Use `pip install ddgs` instead.
  with DDGS() as ddgs:
  SIKER: /geo-images/austria/spittal-an-der-drau.webp
[827] Keresés: Telfs (austria)
/home/borota25/Desktop/plizio/scripts/smart_poi_downloader_v2.py:56: RuntimeWarning: This package (`duckduckgo_search`) has been renamed to `ddgs`! Use `pip install ddgs` instead.
  with DDGS() as ddgs:
  SIKER: /geo-images/austria/telfs.webp
[828] Keresés: Wörgl (austria)
/home/borota25/Desktop/plizio/scripts/smart_poi_downloader_v2.py:56: RuntimeWarning: This package (`duckduckgo_search`) has been renamed to `ddgs`! Use `pip install ddgs` instead.
  with DDGS() as ddgs:
  SIKER: /geo-images/austria/worgl.webp
[829] Keresés: Belvedere Palace (austria)
/home/borota25/Desktop/plizio/scripts/smart_poi_downloader_v2.py:56: RuntimeWarning: This package (`duckduckgo_search`) has been renamed to `ddgs`! Use `pip install ddgs` instead.
  with DDGS() as ddgs:
  SIKER: /geo-images/austria/belvedere.webp
[830] Keresés: Eggenberg Palace (austria)
/home/borota25/Desktop/plizio/scripts/smart_poi_downloader_v2.py:56: RuntimeWarning: This package (`duckduckgo_search`) has been renamed to `ddgs`! Use `pip install ddgs` instead.
  with DDGS() as ddgs:
  SIKER: /geo-images/austria/eggenberg.webp
[831] Keresés: Kunsthistorisches Museum (austria)
/home/borota25/Desktop/plizio/scripts/smart_poi_downloader_v2.py:56: RuntimeWarning: This package (`duckduckgo_search`) has been renamed to `ddgs`! Use `pip install ddgs` instead.
  with DDGS() as ddgs:
  SIKER: /geo-images/austria/khm.webp
[832] Keresés: Historic Centre of Vienna (austria)
/home/borota25/Desktop/plizio/scripts/smart_poi_downloader_v2.py:56: RuntimeWarning: This package (`duckduckgo_search`) has been renamed to `ddgs`! Use `pip install ddgs` instead.
  with DDGS() as ddgs:
  SIKER: /geo-images/austria/historic-centre-vienna.webp
[833] Keresés: Aspern-Essling Battlefield (austria)
/home/borota25/Desktop/plizio/scripts/smart_poi_downloader_v2.py:56: RuntimeWarning: This package (`duckduckgo_search`) has been renamed to `ddgs`! Use `pip install ddgs` instead.
  with DDGS() as ddgs:
  SIKER: /geo-images/austria/aspern-essling-battlefield.webp
[834] Keresés: Mauthausen Memorial (austria)
/home/borota25/Desktop/plizio/scripts/smart_poi_downloader_v2.py:56: RuntimeWarning: This package (`duckduckgo_search`) has been renamed to `ddgs`! Use `pip install ddgs` instead.
  with DDGS() as ddgs:
  SIKER: /geo-images/austria/mauthausen-memorial.webp
[835] Keresés: Seebenstein Castle (austria)
/home/borota25/Desktop/plizio/scripts/smart_poi_downloader_v2.py:56: RuntimeWarning: This package (`duckduckgo_search`) has been renamed to `ddgs`! Use `pip install ddgs` instead.
  with DDGS() as ddgs:
  SIKER: /geo-images/austria/burg-seebenstein.webp
[836] Keresés: Aggstein Castle (austria)
/home/borota25/Desktop/plizio/scripts/smart_poi_downloader_v2.py:56: RuntimeWarning: This package (`duckduckgo_search`) has been renamed to `ddgs`! Use `pip install ddgs` instead.
  with DDGS() as ddgs:
  SIKER: /geo-images/austria/burg-aggstein.webp
[837] Keresés: Golling Castle (austria)
/home/borota25/Desktop/plizio/scripts/smart_poi_downloader_v2.py:56: RuntimeWarning: This package (`duckduckgo_search`) has been renamed to `ddgs`! Use `pip install ddgs` instead.
  with DDGS() as ddgs:
  SIKER: /geo-images/austria/burg-golling.webp
[838] Keresés: Heidenreichstein Castle (austria)
/home/borota25/Desktop/plizio/scripts/smart_poi_downloader_v2.py:56: RuntimeWarning: This package (`duckduckgo_search`) has been renamed to `ddgs`! Use `pip install ddgs` instead.
  with DDGS() as ddgs:
  SIKER: /geo-images/austria/burg-heidenreichstein.webp
[839] Keresés: Oberkapfenberg Castle (austria)
/home/borota25/Desktop/plizio/scripts/smart_poi_downloader_v2.py:56: RuntimeWarning: This package (`duckduckgo_search`) has been renamed to `ddgs`! Use `pip install ddgs` instead.
  with DDGS() as ddgs:
  SIKER: /geo-images/austria/burg-oberkapfenberg.webp
[840] Keresés: Kahlenberg (austria)
/home/borota25/Desktop/plizio/scripts/smart_poi_downloader_v2.py:56: RuntimeWarning: This package (`duckduckgo_search`) has been renamed to `ddgs`! Use `pip install ddgs` instead.
  with DDGS() as ddgs:
  SIKER: /geo-images/austria/kahlenberg.webp
[841] Keresés: Gerlitzen (austria)
/home/borota25/Desktop/plizio/scripts/smart_poi_downloader_v2.py:56: RuntimeWarning: This package (`duckduckgo_search`) has been renamed to `ddgs`! Use `pip install ddgs` instead.
  with DDGS() as ddgs:
  SIKER: /geo-images/austria/gerlitzen.webp
[842] Keresés: Rax (austria)
/home/borota25/Desktop/plizio/scripts/smart_poi_downloader_v2.py:56: RuntimeWarning: This package (`duckduckgo_search`) has been renamed to `ddgs`! Use `pip install ddgs` instead.
  with DDGS() as ddgs:
  SIKER: /geo-images/austria/rax.webp
[843] Keresés: Stuhleck (austria)
/home/borota25/Desktop/plizio/scripts/smart_poi_downloader_v2.py:56: RuntimeWarning: This package (`duckduckgo_search`) has been renamed to `ddgs`! Use `pip install ddgs` instead.
  with DDGS() as ddgs:
  Keresési hiba (Stuhleck austria landmark photo): https://duckduckgo.com/?q=Stuhleck+austria+landmark+photo 202 Ratelimit
  !!! RATE LIMIT DETECTED !!! Várakozás 5 percig...
  Nincs találat.
[844] Keresés: Lake Faak (austria)
/home/borota25/Desktop/plizio/scripts/smart_poi_downloader_v2.py:56: RuntimeWarning: This package (`duckduckgo_search`) has been renamed to `ddgs`! Use `pip install ddgs` instead.
  with DDGS() as ddgs:
  SIKER: /geo-images/austria/faaker-see.webp
[845] Keresés: Lake Klopein (austria)
/home/borota25/Desktop/plizio/scripts/smart_poi_downloader_v2.py:56: RuntimeWarning: This package (`duckduckgo_search`) has been renamed to `ddgs`! Use `pip install ddgs` instead.
  with DDGS() as ddgs:
  SIKER: /geo-images/austria/klopeiner-see.webp
[846] Keresés: Pielach (austria)
/home/borota25/Desktop/plizio/scripts/smart_poi_downloader_v2.py:56: RuntimeWarning: This package (`duckduckgo_search`) has been renamed to `ddgs`! Use `pip install ddgs` instead.
  with DDGS() as ddgs:
  SIKER: /geo-images/austria/pielach.webp
[847] Keresés: Möll River (austria)
/home/borota25/Desktop/plizio/scripts/smart_poi_downloader_v2.py:56: RuntimeWarning: This package (`duckduckgo_search`) has been renamed to `ddgs`! Use `pip install ddgs` instead.
  with DDGS() as ddgs:
  SIKER: /geo-images/austria/moell-river.webp
[848] Keresés: Vienna Secession Building (austria)
/home/borota25/Desktop/plizio/scripts/smart_poi_downloader_v2.py:56: RuntimeWarning: This package (`duckduckgo_search`) has been renamed to `ddgs`! Use `pip install ddgs` instead.
  with DDGS() as ddgs:
  SIKER: /geo-images/austria/secession-building.webp
[849] Keresés: Karlskirche (austria)
/home/borota25/Desktop/plizio/scripts/smart_poi_downloader_v2.py:56: RuntimeWarning: This package (`duckduckgo_search`) has been renamed to `ddgs`! Use `pip install ddgs` instead.
  with DDGS() as ddgs:
  Keresési hiba (Karlskirche austria landmark photo): https://duckduckgo.com/?q=Karlskirche+austria+landmark+photo 202 Ratelimit
  !!! RATE LIMIT DETECTED !!! Várakozás 5 percig...
  Nincs találat.
[850] Keresés: Burgtheater (austria)
/home/borota25/Desktop/plizio/scripts/smart_poi_downloader_v2.py:56: RuntimeWarning: This package (`duckduckgo_search`) has been renamed to `ddgs`! Use `pip install ddgs` instead.
  with DDGS() as ddgs:
  SIKER: /geo-images/austria/burgtheater.webp
[851] Keresés: Austrian Parliament (austria)
/home/borota25/Desktop/plizio/scripts/smart_poi_downloader_v2.py:56: RuntimeWarning: This package (`duckduckgo_search`) has been renamed to `ddgs`! Use `pip install ddgs` instead.
  with DDGS() as ddgs:
  SIKER: /geo-images/austria/austrian-parliament.webp
[852] Keresés: Vienna City Hall (austria)
/home/borota25/Desktop/plizio/scripts/smart_poi_downloader_v2.py:56: RuntimeWarning: This package (`duckduckgo_search`) has been renamed to `ddgs`! Use `pip install ddgs` instead.
  with DDGS() as ddgs:
  Keresési hiba (Vienna City Hall austria landmark photo): https://duckduckgo.com/?q=Vienna+City+Hall+austria+landmark+photo 202 Ratelimit
  !!! RATE LIMIT DETECTED !!! Várakozás 5 percig...
  Nincs találat.
[853] Keresés: MuseumsQuartier (austria)
/home/borota25/Desktop/plizio/scripts/smart_poi_downloader_v2.py:56: RuntimeWarning: This package (`duckduckgo_search`) has been renamed to `ddgs`! Use `pip install ddgs` instead.
  with DDGS() as ddgs:
  SIKER: /geo-images/austria/museumquartier.webp
[854] Keresés: House of Music (austria)
/home/borota25/Desktop/plizio/scripts/smart_poi_downloader_v2.py:56: RuntimeWarning: This package (`duckduckgo_search`) has been renamed to `ddgs`! Use `pip install ddgs` instead.
  with DDGS() as ddgs:
  SIKER: /geo-images/austria/haus-der-musik.webp
[855] Keresés: Anker Clock (austria)
/home/borota25/Desktop/plizio/scripts/smart_poi_downloader_v2.py:56: RuntimeWarning: This package (`duckduckgo_search`) has been renamed to `ddgs`! Use `pip install ddgs` instead.
  with DDGS() as ddgs:
  Keresési hiba (Anker Clock austria landmark photo): https://duckduckgo.com/?q=Anker+Clock+austria+landmark+photo 202 Ratelimit
  !!! RATE LIMIT DETECTED !!! Várakozás 5 percig...
  Nincs találat.
[856] Keresés: Port of Vienna (austria)
/home/borota25/Desktop/plizio/scripts/smart_poi_downloader_v2.py:56: RuntimeWarning: This package (`duckduckgo_search`) has been renamed to `ddgs`! Use `pip install ddgs` instead.
  with DDGS() as ddgs:
  SIKER: /geo-images/austria/port-of-vienna.webp
[857] Keresés: Port of Linz (austria)
/home/borota25/Desktop/plizio/scripts/smart_poi_downloader_v2.py:56: RuntimeWarning: This package (`duckduckgo_search`) has been renamed to `ddgs`! Use `pip install ddgs` instead.
  with DDGS() as ddgs:
  SIKER: /geo-images/austria/port-of-linz.webp
[858] Keresés: OMV Schwechat Refinery (austria)
/home/borota25/Desktop/plizio/scripts/smart_poi_downloader_v2.py:56: RuntimeWarning: This package (`duckduckgo_search`) has been renamed to `ddgs`! Use `pip install ddgs` instead.
  with DDGS() as ddgs:
  SIKER: /geo-images/austria/omv-schwechat-refinery.webp
[859] Keresés: voestalpine Linz (austria)
/home/borota25/Desktop/plizio/scripts/smart_poi_downloader_v2.py:56: RuntimeWarning: This package (`duckduckgo_search`) has been renamed to `ddgs`! Use `pip install ddgs` instead.
  with DDGS() as ddgs:
  SIKER: /geo-images/austria/voestalpine-linz.webp
[860] Keresés: Wachau Vineyards (austria)
/home/borota25/Desktop/plizio/scripts/smart_poi_downloader_v2.py:56: RuntimeWarning: This package (`duckduckgo_search`) has been renamed to `ddgs`! Use `pip install ddgs` instead.
  with DDGS() as ddgs:
  SIKER: /geo-images/austria/wachau-vineyards.webp
[861] Keresés: Marchfeld Vegetables (austria)
/home/borota25/Desktop/plizio/scripts/smart_poi_downloader_v2.py:56: RuntimeWarning: This package (`duckduckgo_search`) has been renamed to `ddgs`! Use `pip install ddgs` instead.
  with DDGS() as ddgs:
  SIKER: /geo-images/austria/marchfeld-vegetables.webp

>>> Fájl: francePoi.ts <<<
[862] Keresés: Gorges du Verdon (france)
/home/borota25/Desktop/plizio/scripts/smart_poi_downloader_v2.py:56: RuntimeWarning: This package (`duckduckgo_search`) has been renamed to `ddgs`! Use `pip install ddgs` instead.
  with DDGS() as ddgs:
  SIKER: /geo-images/france/gorges-verdon.webp
[863] Keresés: Corsica GR20 (france)
/home/borota25/Desktop/plizio/scripts/smart_poi_downloader_v2.py:56: RuntimeWarning: This package (`duckduckgo_search`) has been renamed to `ddgs`! Use `pip install ddgs` instead.
  with DDGS() as ddgs:
  SIKER: /geo-images/france/corsica-gr20.webp
[864] Keresés: Pyrenees NP (france)
/home/borota25/Desktop/plizio/scripts/smart_poi_downloader_v2.py:56: RuntimeWarning: This package (`duckduckgo_search`) has been renamed to `ddgs`! Use `pip install ddgs` instead.
  with DDGS() as ddgs:
  SIKER: /geo-images/france/pyrenees-np.webp
[865] Keresés: Vanoise NP (france)
/home/borota25/Desktop/plizio/scripts/smart_poi_downloader_v2.py:56: RuntimeWarning: This package (`duckduckgo_search`) has been renamed to `ddgs`! Use `pip install ddgs` instead.
  with DDGS() as ddgs:
  SIKER: /geo-images/france/vanoise.webp

>>> Fájl: italyPoi.ts <<<
[866] Keresés: Matera Sassi (italy)
/home/borota25/Desktop/plizio/scripts/smart_poi_downloader_v2.py:56: RuntimeWarning: This package (`duckduckgo_search`) has been renamed to `ddgs`! Use `pip install ddgs` instead.
  with DDGS() as ddgs:
  SIKER: /geo-images/italy/it-matera-sassi.webp
[867] Keresés: Pietraperla (italy)
/home/borota25/Desktop/plizio/scripts/smart_poi_downloader_v2.py:56: RuntimeWarning: This package (`duckduckgo_search`) has been renamed to `ddgs`! Use `pip install ddgs` instead.
  with DDGS() as ddgs:
  SIKER: /geo-images/italy/it-pietraperla.webp
[868] Keresés: Abruzzo National Park (italy)
/home/borota25/Desktop/plizio/scripts/smart_poi_downloader_v2.py:56: RuntimeWarning: This package (`duckduckgo_search`) has been renamed to `ddgs`! Use `pip install ddgs` instead.
  with DDGS() as ddgs:
  SIKER: /geo-images/italy/it-abruzzo-np.webp
[869] Keresés: Pollino National Park (italy)
/home/borota25/Desktop/plizio/scripts/smart_poi_downloader_v2.py:56: RuntimeWarning: This package (`duckduckgo_search`) has been renamed to `ddgs`! Use `pip install ddgs` instead.
  with DDGS() as ddgs:
  SIKER: /geo-images/italy/it-pollino-np.webp
[870] Keresés: Pantheon (italy)
/home/borota25/Desktop/plizio/scripts/smart_poi_downloader_v2.py:56: RuntimeWarning: This package (`duckduckgo_search`) has been renamed to `ddgs`! Use `pip install ddgs` instead.
  with DDGS() as ddgs:
  SIKER: /geo-images/italy/pantheon.webp
[871] Keresés: Piazza del Campo (italy)
/home/borota25/Desktop/plizio/scripts/smart_poi_downloader_v2.py:56: RuntimeWarning: This package (`duckduckgo_search`) has been renamed to `ddgs`! Use `pip install ddgs` instead.
  with DDGS() as ddgs:
  Keresési hiba (Piazza del Campo italy landmark photo): https://duckduckgo.com/?q=Piazza+del+Campo+italy+landmark+photo 202 Ratelimit
  !!! RATE LIMIT DETECTED !!! Várakozás 5 percig...
  Nincs találat.

>>> Fájl: spainPoi.ts <<<

>>> Fájl: unitedkingdomPoi.ts <<<
[872] Keresés: Derry/Londonderry (united-kingdom)
/home/borota25/Desktop/plizio/scripts/smart_poi_downloader_v2.py:56: RuntimeWarning: This package (`duckduckgo_search`) has been renamed to `ddgs`! Use `pip install ddgs` instead.
  with DDGS() as ddgs:
  SIKER: /geo-images/united-kingdom/derry.webp
[873] Keresés: St. Paul (united-kingdom)
/home/borota25/Desktop/plizio/scripts/smart_poi_downloader_v2.py:56: RuntimeWarning: This package (`duckduckgo_search`) has been renamed to `ddgs`! Use `pip install ddgs` instead.
  with DDGS() as ddgs:
  SIKER: /geo-images/united-kingdom/st-pauls.webp
[874] Keresés: Pembrokeshire Coast (united-kingdom)
/home/borota25/Desktop/plizio/scripts/smart_poi_downloader_v2.py:56: RuntimeWarning: This package (`duckduckgo_search`) has been renamed to `ddgs`! Use `pip install ddgs` instead.
  with DDGS() as ddgs:
  SIKER: /geo-images/united-kingdom/pembrokeshire.webp
[875] Keresés: Caernarfon Castle (united-kingdom)
/home/borota25/Desktop/plizio/scripts/smart_poi_downloader_v2.py:56: RuntimeWarning: This package (`duckduckgo_search`) has been renamed to `ddgs`! Use `pip install ddgs` instead.
  with DDGS() as ddgs:
  SIKER: /geo-images/united-kingdom/caernarfon-castle.webp
[876] Keresés: Leeds Castle (united-kingdom)
/home/borota25/Desktop/plizio/scripts/smart_poi_downloader_v2.py:56: RuntimeWarning: This package (`duckduckgo_search`) has been renamed to `ddgs`! Use `pip install ddgs` instead.
  with DDGS() as ddgs:
  Keresési hiba (Leeds Castle united-kingdom landmark photo): https://duckduckgo.com/?q=Leeds+Castle+united-kingdom+landmark+photo 202 Ratelimit
  !!! RATE LIMIT DETECTED !!! Várakozás 5 percig...
  Nincs találat.
[877] Keresés: Warwick Castle (united-kingdom)
/home/borota25/Desktop/plizio/scripts/smart_poi_downloader_v2.py:56: RuntimeWarning: This package (`duckduckgo_search`) has been renamed to `ddgs`! Use `pip install ddgs` instead.
  with DDGS() as ddgs:
  SIKER: /geo-images/united-kingdom/warwick-castle.webp
[878] Keresés: Ben Nevis (united-kingdom)
/home/borota25/Desktop/plizio/scripts/smart_poi_downloader_v2.py:56: RuntimeWarning: This package (`duckduckgo_search`) has been renamed to `ddgs`! Use `pip install ddgs` instead.
  with DDGS() as ddgs:
  SIKER: /geo-images/united-kingdom/ben-nevis.webp
[879] Keresés: Giant (united-kingdom)
/home/borota25/Desktop/plizio/scripts/smart_poi_downloader_v2.py:56: RuntimeWarning: This package (`duckduckgo_search`) has been renamed to `ddgs`! Use `pip install ddgs` instead.
  with DDGS() as ddgs:
  SIKER: /geo-images/united-kingdom/giant.webp

>>> Fájl: netherlandsPoi.ts <<<
[880] Keresés: Limburg (netherlands)
/home/borota25/Desktop/plizio/scripts/smart_poi_downloader_v2.py:56: RuntimeWarning: This package (`duckduckgo_search`) has been renamed to `ddgs`! Use `pip install ddgs` instead.
  with DDGS() as ddgs:
  SIKER: /geo-images/netherlands/limburg.webp

>>> Fájl: polandPoi.ts <<<
[881] Keresés: Warmian-Masurian (poland)
/home/borota25/Desktop/plizio/scripts/smart_poi_downloader_v2.py:56: RuntimeWarning: This package (`duckduckgo_search`) has been renamed to `ddgs`! Use `pip install ddgs` instead.
  with DDGS() as ddgs:
  SIKER: /geo-images/poland/warminsko-mazurskie.webp
[882] Keresés: Main Market Square (poland)
/home/borota25/Desktop/plizio/scripts/smart_poi_downloader_v2.py:56: RuntimeWarning: This package (`duckduckgo_search`) has been renamed to `ddgs`! Use `pip install ddgs` instead.
  with DDGS() as ddgs:
  SIKER: /geo-images/poland/rynek.webp
[883] Keresés: Karkonosze NP (poland)
/home/borota25/Desktop/plizio/scripts/smart_poi_downloader_v2.py:56: RuntimeWarning: This package (`duckduckgo_search`) has been renamed to `ddgs`! Use `pip install ddgs` instead.
  with DDGS() as ddgs:
  SIKER: /geo-images/poland/karkonosze-np.webp
[884] Keresés: Bieszczady NP (poland)
/home/borota25/Desktop/plizio/scripts/smart_poi_downloader_v2.py:56: RuntimeWarning: This package (`duckduckgo_search`) has been renamed to `ddgs`! Use `pip install ddgs` instead.
  with DDGS() as ddgs:
  SIKER: /geo-images/poland/bieszczady-np.webp
[885] Keresés: Słowiński NP (poland)
/home/borota25/Desktop/plizio/scripts/smart_poi_downloader_v2.py:56: RuntimeWarning: This package (`duckduckgo_search`) has been renamed to `ddgs`! Use `pip install ddgs` instead.
  with DDGS() as ddgs:
  SIKER: /geo-images/poland/slowinski-np.webp
[886] Keresés: Pieniny NP (poland)
/home/borota25/Desktop/plizio/scripts/smart_poi_downloader_v2.py:56: RuntimeWarning: This package (`duckduckgo_search`) has been renamed to `ddgs`! Use `pip install ddgs` instead.
  with DDGS() as ddgs:
  SIKER: /geo-images/poland/pieniny-np.webp
[887] Keresés: Tatra NP (poland)
/home/borota25/Desktop/plizio/scripts/smart_poi_downloader_v2.py:56: RuntimeWarning: This package (`duckduckgo_search`) has been renamed to `ddgs`! Use `pip install ddgs` instead.
  with DDGS() as ddgs:
  Keresési hiba (Tatra NP poland landmark photo): https://duckduckgo.com/?q=Tatra+NP+poland+landmark+photo 202 Ratelimit
  !!! RATE LIMIT DETECTED !!! Várakozás 5 percig...
  Nincs találat.
[888] Keresés: Ojców NP (poland)
/home/borota25/Desktop/plizio/scripts/smart_poi_downloader_v2.py:56: RuntimeWarning: This package (`duckduckgo_search`) has been renamed to `ddgs`! Use `pip install ddgs` instead.
  with DDGS() as ddgs:
  SIKER: /geo-images/poland/ojcow-np.webp
[889] Keresés: Kampinos NP (poland)
/home/borota25/Desktop/plizio/scripts/smart_poi_downloader_v2.py:56: RuntimeWarning: This package (`duckduckgo_search`) has been renamed to `ddgs`! Use `pip install ddgs` instead.
  with DDGS() as ddgs:
  SIKER: /geo-images/poland/kampinos-np.webp
[890] Keresés: Wolin Island NP (poland)
/home/borota25/Desktop/plizio/scripts/smart_poi_downloader_v2.py:56: RuntimeWarning: This package (`duckduckgo_search`) has been renamed to `ddgs`! Use `pip install ddgs` instead.
  with DDGS() as ddgs:
  SIKER: /geo-images/poland/wolin-np.webp
[891] Keresés: Lublin Old Town (poland)
/home/borota25/Desktop/plizio/scripts/smart_poi_downloader_v2.py:56: RuntimeWarning: This package (`duckduckgo_search`) has been renamed to `ddgs`! Use `pip install ddgs` instead.
  with DDGS() as ddgs:
  SIKER: /geo-images/poland/lublin-old-town.webp
[892] Keresés: Zamość Market Square (poland)
/home/borota25/Desktop/plizio/scripts/smart_poi_downloader_v2.py:56: RuntimeWarning: This package (`duckduckgo_search`) has been renamed to `ddgs`! Use `pip install ddgs` instead.
  with DDGS() as ddgs:
  SIKER: /geo-images/poland/zamosc-rynek.webp
[893] Keresés: Pelplin Cathedral (poland)
/home/borota25/Desktop/plizio/scripts/smart_poi_downloader_v2.py:56: RuntimeWarning: This package (`duckduckgo_search`) has been renamed to `ddgs`! Use `pip install ddgs` instead.
  with DDGS() as ddgs:
  SIKER: /geo-images/poland/pelplin-cathedral.webp
[894] Keresés: Książ Castle (poland)
/home/borota25/Desktop/plizio/scripts/smart_poi_downloader_v2.py:56: RuntimeWarning: This package (`duckduckgo_search`) has been renamed to `ddgs`! Use `pip install ddgs` instead.
  with DDGS() as ddgs:
  SIKER: /geo-images/poland/ksiaz-castle.webp
[895] Keresés: Pszczyna Palace (poland)
/home/borota25/Desktop/plizio/scripts/smart_poi_downloader_v2.py:56: RuntimeWarning: This package (`duckduckgo_search`) has been renamed to `ddgs`! Use `pip install ddgs` instead.
  with DDGS() as ddgs:
  SIKER: /geo-images/poland/pszczyna-palace.webp
[896] Keresés: Bieszczady (poland)
/home/borota25/Desktop/plizio/scripts/smart_poi_downloader_v2.py:56: RuntimeWarning: This package (`duckduckgo_search`) has been renamed to `ddgs`! Use `pip install ddgs` instead.
  with DDGS() as ddgs:
  SIKER: /geo-images/poland/bieszczady.webp
[897] Keresés: Gdańsk Beach (poland)
/home/borota25/Desktop/plizio/scripts/smart_poi_downloader_v2.py:56: RuntimeWarning: This package (`duckduckgo_search`) has been renamed to `ddgs`! Use `pip install ddgs` instead.
  with DDGS() as ddgs:
  Letöltési hiba: cannot identify image file <_io.BytesIO object at 0x7f66b2d730e0>
  HIBA: Letöltés sikertelen.
[898] Keresés: Masuria Lakes Area (poland)
/home/borota25/Desktop/plizio/scripts/smart_poi_downloader_v2.py:56: RuntimeWarning: This package (`duckduckgo_search`) has been renamed to `ddgs`! Use `pip install ddgs` instead.
  with DDGS() as ddgs:
  Keresési hiba (Masuria Lakes Area poland landmark photo): https://duckduckgo.com/?q=Masuria+Lakes+Area+poland+landmark+photo 202 Ratelimit
  !!! RATE LIMIT DETECTED !!! Várakozás 5 percig...
  Nincs találat.
[899] Keresés: Słowiński Dunes (poland)
/home/borota25/Desktop/plizio/scripts/smart_poi_downloader_v2.py:56: RuntimeWarning: This package (`duckduckgo_search`) has been renamed to `ddgs`! Use `pip install ddgs` instead.
  with DDGS() as ddgs:
  SIKER: /geo-images/poland/slowinski-dunes.webp
[900] Keresés: Warsaw Science Center (poland)
/home/borota25/Desktop/plizio/scripts/smart_poi_downloader_v2.py:56: RuntimeWarning: This package (`duckduckgo_search`) has been renamed to `ddgs`! Use `pip install ddgs` instead.
  with DDGS() as ddgs:
  Keresési hiba (Warsaw Science Center poland landmark photo): https://duckduckgo.com/?q=Warsaw+Science+Center+poland+landmark+photo 202 Ratelimit
  !!! RATE LIMIT DETECTED !!! Várakozás 5 percig...
  Nincs találat.
[901] Keresés: Katowice Spodek (poland)
/home/borota25/Desktop/plizio/scripts/smart_poi_downloader_v2.py:56: RuntimeWarning: This package (`duckduckgo_search`) has been renamed to `ddgs`! Use `pip install ddgs` instead.
  with DDGS() as ddgs:
  SIKER: /geo-images/poland/katowice-spodek.webp
[902] Keresés: Wrocław Dwarfs (poland)
/home/borota25/Desktop/plizio/scripts/smart_poi_downloader_v2.py:56: RuntimeWarning: This package (`duckduckgo_search`) has been renamed to `ddgs`! Use `pip install ddgs` instead.
  with DDGS() as ddgs:
  SIKER: /geo-images/poland/wroclaw-dwarfs.webp
[903] Keresés: Crooked Forest (poland)
/home/borota25/Desktop/plizio/scripts/smart_poi_downloader_v2.py:56: RuntimeWarning: This package (`duckduckgo_search`) has been renamed to `ddgs`! Use `pip install ddgs` instead.
  with DDGS() as ddgs:
  SIKER: /geo-images/poland/crooked-forest.webp
[904] Keresés: Łódź Film Museum (poland)
/home/borota25/Desktop/plizio/scripts/smart_poi_downloader_v2.py:56: RuntimeWarning: This package (`duckduckgo_search`) has been renamed to `ddgs`! Use `pip install ddgs` instead.
  with DDGS() as ddgs:
  SIKER: /geo-images/poland/lodz-film-museum.webp

>>> Fájl: hungaryPoi.ts <<<

>>> Fájl: poi.ts <<<
[905] Keresés: Baden-Württemberg (germany)
/home/borota25/Desktop/plizio/scripts/smart_poi_downloader_v2.py:56: RuntimeWarning: This package (`duckduckgo_search`) has been renamed to `ddgs`! Use `pip install ddgs` instead.
  with DDGS() as ddgs:
  SIKER: /geo-images/germany/baden-w-rttemberg.webp
[906] Keresés: Berlin (germany)
/home/borota25/Desktop/plizio/scripts/smart_poi_downloader_v2.py:56: RuntimeWarning: This package (`duckduckgo_search`) has been renamed to `ddgs`! Use `pip install ddgs` instead.
  with DDGS() as ddgs:
  SIKER: /geo-images/germany/berlin.webp
[907] Keresés: Brandenburg (germany)
/home/borota25/Desktop/plizio/scripts/smart_poi_downloader_v2.py:56: RuntimeWarning: This package (`duckduckgo_search`) has been renamed to `ddgs`! Use `pip install ddgs` instead.
  with DDGS() as ddgs:
  Keresési hiba (Brandenburg germany landmark photo): https://duckduckgo.com/?q=Brandenburg+germany+landmark+photo 202 Ratelimit
  !!! RATE LIMIT DETECTED !!! Várakozás 5 percig...
  Nincs találat.
[908] Keresés: Bremen (germany)
/home/borota25/Desktop/plizio/scripts/smart_poi_downloader_v2.py:56: RuntimeWarning: This package (`duckduckgo_search`) has been renamed to `ddgs`! Use `pip install ddgs` instead.
  with DDGS() as ddgs:
  SIKER: /geo-images/germany/bremen.webp
[909] Keresés: Hamburg (germany)
/home/borota25/Desktop/plizio/scripts/smart_poi_downloader_v2.py:56: RuntimeWarning: This package (`duckduckgo_search`) has been renamed to `ddgs`! Use `pip install ddgs` instead.
  with DDGS() as ddgs:
  HIBA: Letöltés sikertelen.
[910] Keresés: Lower Saxony (germany)
/home/borota25/Desktop/plizio/scripts/smart_poi_downloader_v2.py:56: RuntimeWarning: This package (`duckduckgo_search`) has been renamed to `ddgs`! Use `pip install ddgs` instead.
  with DDGS() as ddgs:
  SIKER: /geo-images/germany/lower-saxony.webp
[911] Keresés: Saxony-Anhalt (germany)
/home/borota25/Desktop/plizio/scripts/smart_poi_downloader_v2.py:56: RuntimeWarning: This package (`duckduckgo_search`) has been renamed to `ddgs`! Use `pip install ddgs` instead.
  with DDGS() as ddgs:
  SIKER: /geo-images/germany/saxony-anhalt.webp
[912] Keresés: Augsburg (germany)
/home/borota25/Desktop/plizio/scripts/smart_poi_downloader_v2.py:56: RuntimeWarning: This package (`duckduckgo_search`) has been renamed to `ddgs`! Use `pip install ddgs` instead.
  with DDGS() as ddgs:
  HIBA: Letöltés sikertelen.
[913] Keresés: Oberhausen (germany)
/home/borota25/Desktop/plizio/scripts/smart_poi_downloader_v2.py:56: RuntimeWarning: This package (`duckduckgo_search`) has been renamed to `ddgs`! Use `pip install ddgs` instead.
  with DDGS() as ddgs:
  SIKER: /geo-images/germany/oberhausen.webp
[914] Keresés: Gelsenkirchen (germany)
/home/borota25/Desktop/plizio/scripts/smart_poi_downloader_v2.py:56: RuntimeWarning: This package (`duckduckgo_search`) has been renamed to `ddgs`! Use `pip install ddgs` instead.
  with DDGS() as ddgs:
  SIKER: /geo-images/germany/gelsenkirchen.webp
[915] Keresés: Frankfurter Paulskirche (germany)
/home/borota25/Desktop/plizio/scripts/smart_poi_downloader_v2.py:56: RuntimeWarning: This package (`duckduckgo_search`) has been renamed to `ddgs`! Use `pip install ddgs` instead.
  with DDGS() as ddgs:
  SIKER: /geo-images/germany/frankfurter-paulskirche.webp
[916] Keresés: Lutherstadt Eisleben (germany)
/home/borota25/Desktop/plizio/scripts/smart_poi_downloader_v2.py:56: RuntimeWarning: This package (`duckduckgo_search`) has been renamed to `ddgs`! Use `pip install ddgs` instead.
  with DDGS() as ddgs:
  Keresési hiba (Lutherstadt Eisleben germany landmark photo): https://duckduckgo.com/?q=Lutherstadt+Eisleben+germany+landmark+photo 202 Ratelimit
  !!! RATE LIMIT DETECTED !!! Várakozás 5 percig...
  Nincs találat.
[917] Keresés: Spartacist Uprising 1919 – Berlin (germany)
/home/borota25/Desktop/plizio/scripts/smart_poi_downloader_v2.py:56: RuntimeWarning: This package (`duckduckgo_search`) has been renamed to `ddgs`! Use `pip install ddgs` instead.
  with DDGS() as ddgs:
  SIKER: /geo-images/germany/spartacist-uprising-1919-berlin.webp
[918] Keresés: Hellabrunn Zoo Munich (germany)
/home/borota25/Desktop/plizio/scripts/smart_poi_downloader_v2.py:56: RuntimeWarning: This package (`duckduckgo_search`) has been renamed to `ddgs`! Use `pip install ddgs` instead.
  with DDGS() as ddgs:
  SIKER: /geo-images/germany/hellabrunn-zoo-munich.webp
[919] Keresés: Bavarian Forest – Lynxes (germany)
/home/borota25/Desktop/plizio/scripts/smart_poi_downloader_v2.py:56: RuntimeWarning: This package (`duckduckgo_search`) has been renamed to `ddgs`! Use `pip install ddgs` instead.
  with DDGS() as ddgs:
  SIKER: /geo-images/germany/bavarian-forest-lynxes.webp
[920] Keresés: Phantasialand Brühl (germany)
/home/borota25/Desktop/plizio/scripts/smart_poi_downloader_v2.py:56: RuntimeWarning: This package (`duckduckgo_search`) has been renamed to `ddgs`! Use `pip install ddgs` instead.
  with DDGS() as ddgs:
  SIKER: /geo-images/germany/phantasialand-br-hl.webp
[921] Keresés: Bremen Roland & Town Hall (germany)
/home/borota25/Desktop/plizio/scripts/smart_poi_downloader_v2.py:56: RuntimeWarning: This package (`duckduckgo_search`) has been renamed to `ddgs`! Use `pip install ddgs` instead.
  with DDGS() as ddgs:
  Keresési hiba (Bremen Roland & Town Hall germany landmark photo): https://duckduckgo.com/?q=Bremen+Roland+%26+Town+Hall+germany+landmark+photo 202 Ratelimit
  !!! RATE LIMIT DETECTED !!! Várakozás 5 percig...
  Nincs találat.
[922] Keresés: Schnoor Quarter (germany)
/home/borota25/Desktop/plizio/scripts/smart_poi_downloader_v2.py:56: RuntimeWarning: This package (`duckduckgo_search`) has been renamed to `ddgs`! Use `pip install ddgs` instead.
  with DDGS() as ddgs:
  SIKER: /geo-images/germany/schnoor-quarter.webp
[923] Keresés: Bremen Freimarkt (germany)
/home/borota25/Desktop/plizio/scripts/smart_poi_downloader_v2.py:56: RuntimeWarning: This package (`duckduckgo_search`) has been renamed to `ddgs`! Use `pip install ddgs` instead.
  with DDGS() as ddgs:
  SIKER: /geo-images/germany/bremen-freimarkt.webp
[924] Keresés: German Emigration Center Bremerhaven (germany)
/home/borota25/Desktop/plizio/scripts/smart_poi_downloader_v2.py:56: RuntimeWarning: This package (`duckduckgo_search`) has been renamed to `ddgs`! Use `pip install ddgs` instead.
  with DDGS() as ddgs:
  SIKER: /geo-images/germany/german-emigration-center-bremerhaven.webp
[925] Keresés: Universum Science Center Bremen (germany)
/home/borota25/Desktop/plizio/scripts/smart_poi_downloader_v2.py:56: RuntimeWarning: This package (`duckduckgo_search`) has been renamed to `ddgs`! Use `pip install ddgs` instead.
  with DDGS() as ddgs:
  SIKER: /geo-images/germany/universum-science-center-bremen.webp
[926] Keresés: Town Musicians of Bremen Statue (germany)
/home/borota25/Desktop/plizio/scripts/smart_poi_downloader_v2.py:56: RuntimeWarning: This package (`duckduckgo_search`) has been renamed to `ddgs`! Use `pip install ddgs` instead.
  with DDGS() as ddgs:
  SIKER: /geo-images/germany/town-musicians-of-bremen-statue.webp
[927] Keresés: Weser River & Bremen Port (germany)
/home/borota25/Desktop/plizio/scripts/smart_poi_downloader_v2.py:56: RuntimeWarning: This package (`duckduckgo_search`) has been renamed to `ddgs`! Use `pip install ddgs` instead.
  with DDGS() as ddgs:
  SIKER: /geo-images/germany/weser-river-bremen-port.webp
[928] Keresés: Saar Loop (germany)
/home/borota25/Desktop/plizio/scripts/smart_poi_downloader_v2.py:56: RuntimeWarning: This package (`duckduckgo_search`) has been renamed to `ddgs`! Use `pip install ddgs` instead.
  with DDGS() as ddgs:
  SIKER: /geo-images/germany/saar-loop.webp
[929] Keresés: Ludwigskirche Saarbrücken (germany)
/home/borota25/Desktop/plizio/scripts/smart_poi_downloader_v2.py:56: RuntimeWarning: This package (`duckduckgo_search`) has been renamed to `ddgs`! Use `pip install ddgs` instead.
  with DDGS() as ddgs:
  SIKER: /geo-images/germany/ludwigskirche-saarbr-cken.webp
[930] Keresés: Saarlouis (germany)
/home/borota25/Desktop/plizio/scripts/smart_poi_downloader_v2.py:56: RuntimeWarning: This package (`duckduckgo_search`) has been renamed to `ddgs`! Use `pip install ddgs` instead.
  with DDGS() as ddgs:
  SIKER: /geo-images/germany/saarlouis.webp
[931] Keresés: Bostalsee (germany)
/home/borota25/Desktop/plizio/scripts/smart_poi_downloader_v2.py:56: RuntimeWarning: This package (`duckduckgo_search`) has been renamed to `ddgs`! Use `pip install ddgs` instead.
  with DDGS() as ddgs:
  SIKER: /geo-images/germany/bostalsee.webp
[932] Keresés: Homburg (Saar) (germany)
/home/borota25/Desktop/plizio/scripts/smart_poi_downloader_v2.py:56: RuntimeWarning: This package (`duckduckgo_search`) has been renamed to `ddgs`! Use `pip install ddgs` instead.
  with DDGS() as ddgs:
  SIKER: /geo-images/germany/homburg-saar.webp
[933] Keresés: Hamburg Speicherstadt (germany)
/home/borota25/Desktop/plizio/scripts/smart_poi_downloader_v2.py:56: RuntimeWarning: This package (`duckduckgo_search`) has been renamed to `ddgs`! Use `pip install ddgs` instead.
  with DDGS() as ddgs:
  SIKER: /geo-images/germany/hamburg-speicherstadt.webp
[934] Keresés: St. Nikolai Memorial Hamburg (germany)
/home/borota25/Desktop/plizio/scripts/smart_poi_downloader_v2.py:56: RuntimeWarning: This package (`duckduckgo_search`) has been renamed to `ddgs`! Use `pip install ddgs` instead.
  with DDGS() as ddgs:
  SIKER: /geo-images/germany/st-nikolai-memorial-hamburg.webp
[935] Keresés: St. Michaelis Hamburg (germany)
/home/borota25/Desktop/plizio/scripts/smart_poi_downloader_v2.py:56: RuntimeWarning: This package (`duckduckgo_search`) has been renamed to `ddgs`! Use `pip install ddgs` instead.
  with DDGS() as ddgs:
  Keresési hiba (St. Michaelis Hamburg germany landmark photo): https://duckduckgo.com/?q=St.+Michaelis+Hamburg+germany+landmark+photo 202 Ratelimit
  !!! RATE LIMIT DETECTED !!! Várakozás 5 percig...
  Nincs találat.
[936] Keresés: Hamburg Alster (germany)
/home/borota25/Desktop/plizio/scripts/smart_poi_downloader_v2.py:56: RuntimeWarning: This package (`duckduckgo_search`) has been renamed to `ddgs`! Use `pip install ddgs` instead.
  with DDGS() as ddgs:
  SIKER: /geo-images/germany/hamburg-alster.webp
[937] Keresés: Hamburg Fish Market (germany)
/home/borota25/Desktop/plizio/scripts/smart_poi_downloader_v2.py:56: RuntimeWarning: This package (`duckduckgo_search`) has been renamed to `ddgs`! Use `pip install ddgs` instead.
  with DDGS() as ddgs:
  SIKER: /geo-images/germany/hamburg-fish-market.webp
[938] Keresés: Reeperbahn St. Pauli (germany)
/home/borota25/Desktop/plizio/scripts/smart_poi_downloader_v2.py:56: RuntimeWarning: This package (`duckduckgo_search`) has been renamed to `ddgs`! Use `pip install ddgs` instead.
  with DDGS() as ddgs:
  Keresési hiba (Reeperbahn St. Pauli germany landmark photo): https://duckduckgo.com/?q=Reeperbahn+St.+Pauli+germany+landmark+photo 202 Ratelimit
  !!! RATE LIMIT DETECTED !!! Várakozás 5 percig...
  Nincs találat.
[939] Keresés: Glienicke Bridge (germany)
/home/borota25/Desktop/plizio/scripts/smart_poi_downloader_v2.py:56: RuntimeWarning: This package (`duckduckgo_search`) has been renamed to `ddgs`! Use `pip install ddgs` instead.
  with DDGS() as ddgs:
  SIKER: /geo-images/germany/glienicke-bridge.webp
[940] Keresés: Filmpark Babelsberg (germany)
/home/borota25/Desktop/plizio/scripts/smart_poi_downloader_v2.py:56: RuntimeWarning: This package (`duckduckgo_search`) has been renamed to `ddgs`! Use `pip install ddgs` instead.
  with DDGS() as ddgs:
  SIKER: /geo-images/germany/filmpark-babelsberg.webp
[941] Keresés: Schwielowsee (germany)
/home/borota25/Desktop/plizio/scripts/smart_poi_downloader_v2.py:56: RuntimeWarning: This package (`duckduckgo_search`) has been renamed to `ddgs`! Use `pip install ddgs` instead.
  with DDGS() as ddgs:
  Keresési hiba (Schwielowsee germany landmark photo): https://duckduckgo.com/?q=Schwielowsee+germany+landmark+photo 202 Ratelimit
  !!! RATE LIMIT DETECTED !!! Várakozás 5 percig...
  Nincs találat.
[942] Keresés: Cecilienhof – Potsdam Conference (germany)
/home/borota25/Desktop/plizio/scripts/smart_poi_downloader_v2.py:56: RuntimeWarning: This package (`duckduckgo_search`) has been renamed to `ddgs`! Use `pip install ddgs` instead.
  with DDGS() as ddgs:
  SIKER: /geo-images/germany/cecilienhof-potsdam-conference.webp
[943] Keresés: Schloss Wilhelmshöhe Kassel (germany)
/home/borota25/Desktop/plizio/scripts/smart_poi_downloader_v2.py:56: RuntimeWarning: This package (`duckduckgo_search`) has been renamed to `ddgs`! Use `pip install ddgs` instead.
  with DDGS() as ddgs:
  SIKER: /geo-images/germany/schloss-wilhelmsh-he-kassel.webp
[944] Keresés: Lorsch Abbey (germany)
/home/borota25/Desktop/plizio/scripts/smart_poi_downloader_v2.py:56: RuntimeWarning: This package (`duckduckgo_search`) has been renamed to `ddgs`! Use `pip install ddgs` instead.
  with DDGS() as ddgs:
  SIKER: /geo-images/germany/lorsch-abbey.webp
[945] Keresés: Goethe House Frankfurt (germany)
/home/borota25/Desktop/plizio/scripts/smart_poi_downloader_v2.py:56: RuntimeWarning: This package (`duckduckgo_search`) has been renamed to `ddgs`! Use `pip install ddgs` instead.
  with DDGS() as ddgs:
  SIKER: /geo-images/germany/goethe-house-frankfurt.webp
[946] Keresés: Darmstadt (germany)
/home/borota25/Desktop/plizio/scripts/smart_poi_downloader_v2.py:56: RuntimeWarning: This package (`duckduckgo_search`) has been renamed to `ddgs`! Use `pip install ddgs` instead.
  with DDGS() as ddgs:
  SIKER: /geo-images/germany/darmstadt.webp
[947] Keresés: Semperoper Dresden (germany)
/home/borota25/Desktop/plizio/scripts/smart_poi_downloader_v2.py:56: RuntimeWarning: This package (`duckduckgo_search`) has been renamed to `ddgs`! Use `pip install ddgs` instead.
  with DDGS() as ddgs:
  SIKER: /geo-images/germany/semperoper-dresden.webp
[948] Keresés: Colditz Castle (germany)
/home/borota25/Desktop/plizio/scripts/smart_poi_downloader_v2.py:56: RuntimeWarning: This package (`duckduckgo_search`) has been renamed to `ddgs`! Use `pip install ddgs` instead.
  with DDGS() as ddgs:
  HIBA: Letöltés sikertelen.
[949] Keresés: Görlitz (germany)
/home/borota25/Desktop/plizio/scripts/smart_poi_downloader_v2.py:56: RuntimeWarning: This package (`duckduckgo_search`) has been renamed to `ddgs`! Use `pip install ddgs` instead.
  with DDGS() as ddgs:
  SIKER: /geo-images/germany/g-rlitz.webp
[950] Keresés: Meißen (Porcelain) (germany)
/home/borota25/Desktop/plizio/scripts/smart_poi_downloader_v2.py:56: RuntimeWarning: This package (`duckduckgo_search`) has been renamed to `ddgs`! Use `pip install ddgs` instead.
  with DDGS() as ddgs:
  SIKER: /geo-images/germany/mei-en-porcelain.webp
[951] Keresés: Bauhaus Dessau (germany)
/home/borota25/Desktop/plizio/scripts/smart_poi_downloader_v2.py:56: RuntimeWarning: This package (`duckduckgo_search`) has been renamed to `ddgs`! Use `pip install ddgs` instead.
  with DDGS() as ddgs:
  SIKER: /geo-images/germany/bauhaus-dessau.webp
[952] Keresés: Naumburg Cathedral (germany)
/home/borota25/Desktop/plizio/scripts/smart_poi_downloader_v2.py:56: RuntimeWarning: This package (`duckduckgo_search`) has been renamed to `ddgs`! Use `pip install ddgs` instead.
  with DDGS() as ddgs:
  SIKER: /geo-images/germany/naumburg-cathedral.webp
[953] Keresés: Halle (Saale) (germany)
/home/borota25/Desktop/plizio/scripts/smart_poi_downloader_v2.py:56: RuntimeWarning: This package (`duckduckgo_search`) has been renamed to `ddgs`! Use `pip install ddgs` instead.
  with DDGS() as ddgs:
  SIKER: /geo-images/germany/halle-saale.webp
[954] Keresés: Erfurt Cathedral & Severikirche (germany)
/home/borota25/Desktop/plizio/scripts/smart_poi_downloader_v2.py:56: RuntimeWarning: This package (`duckduckgo_search`) has been renamed to `ddgs`! Use `pip install ddgs` instead.
  with DDGS() as ddgs:
  SIKER: /geo-images/germany/erfurt-cathedral-severikirche.webp
[955] Keresés: Mittelbau-Dora Memorial (germany)
/home/borota25/Desktop/plizio/scripts/smart_poi_downloader_v2.py:56: RuntimeWarning: This package (`duckduckgo_search`) has been renamed to `ddgs`! Use `pip install ddgs` instead.
  with DDGS() as ddgs:
  SIKER: /geo-images/germany/mittelbau-dora-memorial.webp
[956] Keresés: Gera (germany)
/home/borota25/Desktop/plizio/scripts/smart_poi_downloader_v2.py:56: RuntimeWarning: This package (`duckduckgo_search`) has been renamed to `ddgs`! Use `pip install ddgs` instead.
  with DDGS() as ddgs:
  SIKER: /geo-images/germany/gera.webp
[957] Keresés: Prora – KdF Resort Rügen (germany)
/home/borota25/Desktop/plizio/scripts/smart_poi_downloader_v2.py:56: RuntimeWarning: This package (`duckduckgo_search`) has been renamed to `ddgs`! Use `pip install ddgs` instead.
  with DDGS() as ddgs:
  SIKER: /geo-images/germany/prora-kdf-resort-r-gen.webp
[958] Keresés: Hanseatic City of Stralsund (germany)
/home/borota25/Desktop/plizio/scripts/smart_poi_downloader_v2.py:56: RuntimeWarning: This package (`duckduckgo_search`) has been renamed to `ddgs`! Use `pip install ddgs` instead.
  with DDGS() as ddgs:
  SIKER: /geo-images/germany/hanseatic-city-of-stralsund.webp
[959] Keresés: Jasmund National Park (Chalk Cliffs) (germany)
/home/borota25/Desktop/plizio/scripts/smart_poi_downloader_v2.py:56: RuntimeWarning: This package (`duckduckgo_search`) has been renamed to `ddgs`! Use `pip install ddgs` instead.
  with DDGS() as ddgs:
  SIKER: /geo-images/germany/jasmund-national-park-chalk-cliffs.webp
[960] Keresés: Hanseatic City of Wismar (germany)
/home/borota25/Desktop/plizio/scripts/smart_poi_downloader_v2.py:56: RuntimeWarning: This package (`duckduckgo_search`) has been renamed to `ddgs`! Use `pip install ddgs` instead.
  with DDGS() as ddgs:
  SIKER: /geo-images/germany/hanseatic-city-of-wismar.webp
[961] Keresés: Bergen-Belsen Memorial (germany)
/home/borota25/Desktop/plizio/scripts/smart_poi_downloader_v2.py:56: RuntimeWarning: This package (`duckduckgo_search`) has been renamed to `ddgs`! Use `pip install ddgs` instead.
  with DDGS() as ddgs:
  SIKER: /geo-images/germany/bergen-belsen-memorial.webp
[962] Keresés: Imperial Palace Goslar (germany)
/home/borota25/Desktop/plizio/scripts/smart_poi_downloader_v2.py:56: RuntimeWarning: This package (`duckduckgo_search`) has been renamed to `ddgs`! Use `pip install ddgs` instead.
  with DDGS() as ddgs:
  SIKER: /geo-images/germany/imperial-palace-goslar.webp
[963] Keresés: Osnabrück (germany)
/home/borota25/Desktop/plizio/scripts/smart_poi_downloader_v2.py:56: RuntimeWarning: This package (`duckduckgo_search`) has been renamed to `ddgs`! Use `pip install ddgs` instead.
  with DDGS() as ddgs:
  SIKER: /geo-images/germany/osnabr-ck.webp
[964] Keresés: Autostadt Wolfsburg (germany)
/home/borota25/Desktop/plizio/scripts/smart_poi_downloader_v2.py:56: RuntimeWarning: This package (`duckduckgo_search`) has been renamed to `ddgs`! Use `pip install ddgs` instead.
  with DDGS() as ddgs:
  SIKER: /geo-images/germany/autostadt-wolfsburg.webp
[965] Keresés: Kiel Canal (germany)
/home/borota25/Desktop/plizio/scripts/smart_poi_downloader_v2.py:56: RuntimeWarning: This package (`duckduckgo_search`) has been renamed to `ddgs`! Use `pip install ddgs` instead.
  with DDGS() as ddgs:
  SIKER: /geo-images/germany/kiel-canal.webp
[966] Keresés: Flensburg Fjord (germany)
/home/borota25/Desktop/plizio/scripts/smart_poi_downloader_v2.py:56: RuntimeWarning: This package (`duckduckgo_search`) has been renamed to `ddgs`! Use `pip install ddgs` instead.
  with DDGS() as ddgs:
  SIKER: /geo-images/germany/flensburg-fjord.webp
[967] Keresés: Kiel – Sailors (germany)
/home/borota25/Desktop/plizio/scripts/smart_poi_downloader_v2.py:56: RuntimeWarning: This package (`duckduckgo_search`) has been renamed to `ddgs`! Use `pip install ddgs` instead.
  with DDGS() as ddgs:
  SIKER: /geo-images/germany/kiel-sailors.webp
[968] Keresés: Bastei & Saxon Switzerland (germany)
/home/borota25/Desktop/plizio/scripts/smart_poi_downloader_v2.py:56: RuntimeWarning: This package (`duckduckgo_search`) has been renamed to `ddgs`! Use `pip install ddgs` instead.
  with DDGS() as ddgs:
  SIKER: /geo-images/germany/mnt-bastei.webp
[969] Keresés: Danube Gorge (germany)
/home/borota25/Desktop/plizio/scripts/smart_poi_downloader_v2.py:56: RuntimeWarning: This package (`duckduckgo_search`) has been renamed to `ddgs`! Use `pip install ddgs` instead.
  with DDGS() as ddgs:
  SIKER: /geo-images/germany/donaudurchbruch.webp
[970] Keresés: Lichtenstein Castle (germany)
/home/borota25/Desktop/plizio/scripts/smart_poi_downloader_v2.py:56: RuntimeWarning: This package (`duckduckgo_search`) has been renamed to `ddgs`! Use `pip install ddgs` instead.
  with DDGS() as ddgs:
  SIKER: /geo-images/germany/schloss-lichtenstein.webp
[971] Keresés: Dresden Frauenkirche (germany)
/home/borota25/Desktop/plizio/scripts/smart_poi_downloader_v2.py:56: RuntimeWarning: This package (`duckduckgo_search`) has been renamed to `ddgs`! Use `pip install ddgs` instead.
  with DDGS() as ddgs:
  HIBA: Letöltés sikertelen.
[972] Keresés: Serengeti-Park Hodenhagen (germany)
/home/borota25/Desktop/plizio/scripts/smart_poi_downloader_v2.py:56: RuntimeWarning: This package (`duckduckgo_search`) has been renamed to `ddgs`! Use `pip install ddgs` instead.
  with DDGS() as ddgs:
  SIKER: /geo-images/germany/serengeti-park.webp
[973] Keresés: Ravensburger Spieleland (germany)
/home/borota25/Desktop/plizio/scripts/smart_poi_downloader_v2.py:56: RuntimeWarning: This package (`duckduckgo_search`) has been renamed to `ddgs`! Use `pip install ddgs` instead.
  with DDGS() as ddgs:
  SIKER: /geo-images/germany/ravensburger-spieleland.webp
[974] Keresés: BELANTIS – Das AbenteuerReich (germany)
/home/borota25/Desktop/plizio/scripts/smart_poi_downloader_v2.py:56: RuntimeWarning: This package (`duckduckgo_search`) has been renamed to `ddgs`! Use `pip install ddgs` instead.
  with DDGS() as ddgs:
  SIKER: /geo-images/germany/belantis.webp
[975] Keresés: St. Pauli Landungsbrücken (germany)
/home/borota25/Desktop/plizio/scripts/smart_poi_downloader_v2.py:56: RuntimeWarning: This package (`duckduckgo_search`) has been renamed to `ddgs`! Use `pip install ddgs` instead.
  with DDGS() as ddgs:
  SIKER: /geo-images/germany/hamburg-landungsbruecken.webp

KÉSZ! Összesen megpróbálva: 975, Sikeres: 845
